DRS,DISTRICT,PERIODE,temperature_moyenne,temperature_max,temperature_min,precipitation,humidite,vent,rayonnement_solaire
DRS Dakar,Dakar Centre,Janvier 2021,21.04,23.28,19.53,0.06,71.73,5.4,5.13
DRS Dakar,Dakar Centre,Février 2021,19.87,22.08,18.72,1.68,78.41,5.11,5.25
DRS Dakar,Dakar Centre,Mars 2021,19.75,21.1,18.93,8.03,84.41,5.43,6.81
DRS Dakar,Dakar Centre,Avril 2021,20.2,21.21,19.62,0.39,89.08,4.79,7.11
DRS Dakar,Dakar Centre,Mai 2021,21.0,21.63,20.55,0.97,89.98,4.55,6.59
DRS Dakar,Dakar Centre,Juin 2021,24.56,25.01,24.13,40.94,88.71,3.76,5.9
DRS Dakar,Dakar Centre,Juillet 2021,26.46,26.84,26.12,37.93,82.61,4.11,5.92
DRS Dakar,Dakar Centre,Août 2021,27.49,27.87,27.13,276.57,84.46,3.91,5.32
DRS Dakar,Dakar Centre,Septembre 2021,28.19,28.59,27.79,198.16,82.51,3.25,5.81
DRS Dakar,Dakar Centre,Octobre 2021,28.38,28.98,27.79,44.37,79.19,3.5,5.32
DRS Dakar,Dakar Centre,Novembre 2021,27.18,28.03,26.43,5.22,76.25,4.24,5.22
DRS Dakar,Dakar Centre,Décembre 2021,24.69,26.57,23.28,2.21,73.86,4.5,4.35
DRS Dakar,Dakar Centre,Janvier 2022,24.16,25.9,22.71,1.09,70.39,5.0,4.85
DRS Dakar,Dakar Centre,Février 2022,22.0,24.07,20.63,0.62,72.83,5.25,5.97
DRS Dakar,Dakar Centre,Mars 2022,18.91,20.28,18.08,1.64,84.11,5.55,6.46
DRS Dakar,Dakar Centre,Avril 2022,19.91,20.89,19.27,0.1,88.4,5.19,6.99
DRS Dakar,Dakar Centre,Mai 2022,22.37,23.06,21.84,18.51,89.7,4.05,6.58
DRS Dakar,Dakar Centre,Juin 2022,25.46,25.92,25.04,80.46,87.79,3.94,5.98
DRS Dakar,Dakar Centre,Juillet 2022,26.98,27.32,26.6,123.7,84.09,4.54,5.59
DRS Dakar,Dakar Centre,Août 2022,27.76,28.11,27.41,232.2,83.5,4.47,5.31
DRS Dakar,Dakar Centre,Septembre 2022,27.91,28.27,27.54,231.06,83.65,4.02,5.36
DRS Dakar,Dakar Centre,Octobre 2022,28.28,28.87,27.72,84.05,80.15,3.13,5.46
DRS Dakar,Dakar Centre,Novembre 2022,27.42,28.88,26.02,0.96,68.77,3.8,5.08
DRS Dakar,Dakar Centre,Décembre 2022,25.0,26.57,23.43,4.51,71.63,4.6,5.38
DRS Dakar,Dakar Centre,Janvier 2023,22.75,24.72,21.15,1.86,69.1,4.64,4.94
DRS Dakar,Dakar Centre,Février 2023,19.68,21.16,18.79,0.55,82.58,5.71,5.48
DRS Dakar,Dakar Centre,Mars 2023,21.04,22.76,20.1,0.61,86.09,3.75,6.82
DRS Dakar,Dakar Centre,Avril 2023,21.79,23.14,21.06,0.35,86.73,4.68,6.8
DRS Dakar,Dakar Centre,Mai 2023,24.18,24.93,23.57,0.54,86.15,4.6,6.52
DRS Dakar,Dakar Centre,Juin 2023,26.32,26.7,25.95,12.09,84.91,4.55,6.63
DRS Dakar,Dakar Centre,Juillet 2023,28.02,28.43,27.6,152.82,83.01,3.77,5.71
DRS Dakar,Dakar Centre,Août 2023,28.25,28.57,27.92,282.91,84.17,4.22,5.4
DRS Dakar,Dakar Centre,Septembre 2023,28.7,29.13,28.25,187.15,81.79,3.25,5.45
DRS Dakar,Dakar Centre,Octobre 2023,28.97,29.39,28.56,36.64,79.38,3.05,5.5
DRS Dakar,Dakar Centre,Novembre 2023,27.58,28.69,26.48,0.89,73.43,4.19,5.53
DRS Dakar,Dakar Centre,Décembre 2023,25.07,27.12,23.37,1.13,69.46,4.96,5.12
DRS Dakar,Dakar Centre,Janvier 2024,24.26,26.45,22.61,1.75,72.33,4.34,5.15
DRS Dakar,Dakar Centre,Février 2024,24.09,26.8,22.36,0.2,70.34,4.67,5.79
DRS Dakar,Dakar Centre,Mars 2024,20.79,21.63,20.15,0.0,86.83,5.32,6.67
DRS Dakar,Dakar Centre,Avril 2024,21.76,23.19,20.98,0.27,85.82,4.6,6.87
DRS Dakar,Dakar Centre,Mai 2024,23.62,24.33,23.11,0.52,87.53,4.31,6.76
DRS Dakar,Dakar Centre,Juin 2024,25.1,25.44,24.7,102.46,86.08,4.38,6.26
DRS Dakar,Dakar Centre,Juillet 2024,27.13,27.43,26.8,109.11,85.24,4.37,5.43
DRS Dakar,Dakar Centre,Août 2024,28.02,28.35,27.7,140.81,84.06,4.63,5.23
DRS Dakar,Dakar Centre,Septembre 2024,27.99,28.38,27.58,234.28,83.62,3.99,4.95
DRS Dakar,Dakar Centre,Octobre 2024,28.17,28.77,27.63,83.83,82.39,3.36,5.21
DRS Dakar,Dakar Centre,Novembre 2024,27.33,28.66,26.09,0.15,76.78,3.51,5.49
DRS Dakar,Dakar Centre,Décembre 2024,25.34,27.14,23.74,0.45,63.84,4.96,4.29
DRS Dakar,Dakar Centre,Janvier 2025,22.05,24.59,20.16,0.03,68.95,5.28,5.51
DRS Dakar,Dakar Centre,Février 2025,20.03,22.38,18.42,0.29,73.98,5.45,6.06
DRS Dakar,Dakar Centre,Mars 2025,19.53,20.21,19.04,52.58,86.47,6.02,6.42
DRS Dakar,Dakar Centre,Avril 2025,20.56,21.49,20.0,0.59,90.18,5.07,6.74
DRS Dakar,Dakar Centre,Mai 2025,22.24,22.84,21.79,4.74,90.28,4.39,6.41
DRS Dakar,Dakar Centre,Juin 2025,25.47,25.91,24.99,75.58,87.62,4.12,6.4
DRS Dakar,Dakar Centre,Juillet 2025,27.12,27.56,26.74,73.33,82.9,4.43,5.99
DRS Dakar,Dakar Centre,Août 2025,27.67,28.04,27.23,296.38,85.23,4.21,5.56
DRS Dakar,Dakar Centre,Septembre 2025,28.38,28.78,28.03,192.86,82.68,3.34,5.38
DRS Dakar,Dakar Centre,Octobre 2025,29.0,29.44,28.58,42.96,79.74,3.27,5.83
DRS Dakar,Dakar Centre,Novembre 2025,27.95,28.87,27.1,4.24,71.78,4.47,4.43
DRS Dakar,Dakar Centre,Décembre 2025,22.64,24.31,21.36,3.76,71.96,6.1,4.69
DRS Dakar,Dakar Centre,Janvier 2026,20.72,22.93,19.35,1.45,76.09,5.54,5.05
DRS Dakar,Dakar Centre,Février 2026,21.27,24.51,19.56,1.09,75.68,4.56,6.0
DRS Dakar,Dakar Centre,Mars 2026,19.76,20.57,19.21,0.22,87.15,5.15,6.47
DRS Dakar,Dakar Centre,Avril 2026,21.19,22.68,20.33,1.54,83.97,5.39,7.11
DRS Dakar,Dakar Centre,Mai 2026,21.6,22.19,21.11,5.46,90.85,4.12,6.63
DRS Dakar,Dakar Centre,Juin 2026,25.03,25.48,24.58,6.88,88.41,4.09,5.58
DRS Dakar,Dakar Centre,Juillet 2026,27.43,27.91,26.95,51.25,82.81,3.89,5.6
DRS Dakar,Dakar Centre,Août 2026,27.93,28.25,27.6,6.45,82.69,4.91,4.9
DRS Dakar,Dakar Nord,Janvier 2021,21.04,23.28,19.53,0.06,71.73,5.4,5.13
DRS Dakar,Dakar Nord,Février 2021,19.87,22.08,18.72,1.68,78.41,5.11,5.25
DRS Dakar,Dakar Nord,Mars 2021,19.75,21.1,18.93,8.03,84.41,5.43,6.81
DRS Dakar,Dakar Nord,Avril 2021,20.2,21.21,19.62,0.39,89.08,4.79,7.11
DRS Dakar,Dakar Nord,Mai 2021,21.0,21.63,20.55,0.97,89.98,4.55,6.59
DRS Dakar,Dakar Nord,Juin 2021,24.56,25.01,24.13,40.94,88.71,3.76,5.9
DRS Dakar,Dakar Nord,Juillet 2021,26.46,26.84,26.12,37.93,82.61,4.11,5.92
DRS Dakar,Dakar Nord,Août 2021,27.49,27.87,27.13,276.57,84.46,3.91,5.32
DRS Dakar,Dakar Nord,Septembre 2021,28.19,28.59,27.79,198.16,82.51,3.25,5.81
DRS Dakar,Dakar Nord,Octobre 2021,28.38,28.98,27.79,44.37,79.19,3.5,5.32
DRS Dakar,Dakar Nord,Novembre 2021,27.18,28.03,26.43,5.22,76.25,4.24,5.22
DRS Dakar,Dakar Nord,Décembre 2021,24.69,26.57,23.28,2.21,73.86,4.5,4.35
DRS Dakar,Dakar Nord,Janvier 2022,24.16,25.9,22.71,1.09,70.39,5.0,4.85
DRS Dakar,Dakar Nord,Février 2022,22.0,24.07,20.63,0.62,72.83,5.25,5.97
DRS Dakar,Dakar Nord,Mars 2022,18.91,20.28,18.08,1.64,84.11,5.55,6.46
DRS Dakar,Dakar Nord,Avril 2022,19.91,20.89,19.27,0.1,88.4,5.19,6.99
DRS Dakar,Dakar Nord,Mai 2022,22.37,23.06,21.84,18.51,89.7,4.05,6.58
DRS Dakar,Dakar Nord,Juin 2022,25.46,25.92,25.04,80.46,87.79,3.94,5.98
DRS Dakar,Dakar Nord,Juillet 2022,26.98,27.32,26.6,123.7,84.09,4.54,5.59
DRS Dakar,Dakar Nord,Août 2022,27.76,28.11,27.41,232.2,83.5,4.47,5.31
DRS Dakar,Dakar Nord,Septembre 2022,27.91,28.27,27.54,231.06,83.65,4.02,5.36
DRS Dakar,Dakar Nord,Octobre 2022,28.28,28.87,27.72,84.05,80.15,3.13,5.46
DRS Dakar,Dakar Nord,Novembre 2022,27.42,28.88,26.02,0.96,68.77,3.8,5.08
DRS Dakar,Dakar Nord,Décembre 2022,25.0,26.57,23.43,4.51,71.63,4.6,5.38
DRS Dakar,Dakar Nord,Janvier 2023,22.75,24.72,21.15,1.86,69.1,4.64,4.94
DRS Dakar,Dakar Nord,Février 2023,19.68,21.16,18.79,0.55,82.58,5.71,5.48
DRS Dakar,Dakar Nord,Mars 2023,21.04,22.76,20.1,0.61,86.09,3.75,6.82
DRS Dakar,Dakar Nord,Avril 2023,21.79,23.14,21.06,0.35,86.73,4.68,6.8
DRS Dakar,Dakar Nord,Mai 2023,24.18,24.93,23.57,0.54,86.15,4.6,6.52
DRS Dakar,Dakar Nord,Juin 2023,26.32,26.7,25.95,12.09,84.91,4.55,6.63
DRS Dakar,Dakar Nord,Juillet 2023,28.02,28.43,27.6,152.82,83.01,3.77,5.71
DRS Dakar,Dakar Nord,Août 2023,28.25,28.57,27.92,282.91,84.17,4.22,5.4
DRS Dakar,Dakar Nord,Septembre 2023,28.7,29.13,28.25,187.15,81.79,3.25,5.45
DRS Dakar,Dakar Nord,Octobre 2023,28.97,29.39,28.56,36.64,79.38,3.05,5.5
DRS Dakar,Dakar Nord,Novembre 2023,27.58,28.69,26.48,0.89,73.43,4.19,5.53
DRS Dakar,Dakar Nord,Décembre 2023,25.07,27.12,23.37,1.13,69.46,4.96,5.12
DRS Dakar,Dakar Nord,Janvier 2024,24.26,26.45,22.61,1.75,72.33,4.34,5.15
DRS Dakar,Dakar Nord,Février 2024,24.09,26.8,22.36,0.2,70.34,4.67,5.79
DRS Dakar,Dakar Nord,Mars 2024,20.79,21.63,20.15,0.0,86.83,5.32,6.67
DRS Dakar,Dakar Nord,Avril 2024,21.76,23.19,20.98,0.27,85.82,4.6,6.87
DRS Dakar,Dakar Nord,Mai 2024,23.62,24.33,23.11,0.52,87.53,4.31,6.76
DRS Dakar,Dakar Nord,Juin 2024,25.1,25.44,24.7,102.46,86.08,4.38,6.26
DRS Dakar,Dakar Nord,Juillet 2024,27.13,27.43,26.8,109.11,85.24,4.37,5.43
DRS Dakar,Dakar Nord,Août 2024,28.02,28.35,27.7,140.81,84.06,4.63,5.23
DRS Dakar,Dakar Nord,Septembre 2024,27.99,28.38,27.58,234.28,83.62,3.99,4.95
DRS Dakar,Dakar Nord,Octobre 2024,28.17,28.77,27.63,83.83,82.39,3.36,5.21
DRS Dakar,Dakar Nord,Novembre 2024,27.33,28.66,26.09,0.15,76.78,3.51,5.49
DRS Dakar,Dakar Nord,Décembre 2024,25.34,27.14,23.74,0.45,63.84,4.96,4.29
DRS Dakar,Dakar Nord,Janvier 2025,22.05,24.59,20.16,0.03,68.95,5.28,5.51
DRS Dakar,Dakar Nord,Février 2025,20.03,22.38,18.42,0.29,73.98,5.45,6.06
DRS Dakar,Dakar Nord,Mars 2025,19.53,20.21,19.04,52.58,86.47,6.02,6.42
DRS Dakar,Dakar Nord,Avril 2025,20.56,21.49,20.0,0.59,90.18,5.07,6.74
DRS Dakar,Dakar Nord,Mai 2025,22.24,22.84,21.79,4.74,90.28,4.39,6.41
DRS Dakar,Dakar Nord,Juin 2025,25.47,25.91,24.99,75.58,87.62,4.12,6.4
DRS Dakar,Dakar Nord,Juillet 2025,27.12,27.56,26.74,73.33,82.9,4.43,5.99
DRS Dakar,Dakar Nord,Août 2025,27.67,28.04,27.23,296.38,85.23,4.21,5.56
DRS Dakar,Dakar Nord,Septembre 2025,28.38,28.78,28.03,192.86,82.68,3.34,5.38
DRS Dakar,Dakar Nord,Octobre 2025,29.0,29.44,28.58,42.96,79.74,3.27,5.83
DRS Dakar,Dakar Nord,Novembre 2025,27.95,28.87,27.1,4.24,71.78,4.47,4.43
DRS Dakar,Dakar Nord,Décembre 2025,22.64,24.31,21.36,3.76,71.96,6.1,4.69
DRS Dakar,Dakar Nord,Janvier 2026,20.72,22.93,19.35,1.45,76.09,5.54,5.05
DRS Dakar,Dakar Nord,Février 2026,21.27,24.51,19.56,1.09,75.68,4.56,6.0
DRS Dakar,Dakar Nord,Mars 2026,19.76,20.57,19.21,0.22,87.15,5.15,6.47
DRS Dakar,Dakar Nord,Avril 2026,21.19,22.68,20.33,1.54,83.97,5.39,7.11
DRS Dakar,Dakar Nord,Mai 2026,21.6,22.19,21.11,5.46,90.85,4.12,6.63
DRS Dakar,Dakar Nord,Juin 2026,25.03,25.48,24.58,6.88,88.41,4.09,5.58
DRS Dakar,Dakar Nord,Juillet 2026,27.43,27.91,26.95,51.25,82.81,3.89,5.6
DRS Dakar,Dakar Nord,Août 2026,27.93,28.25,27.6,6.45,82.69,4.91,4.9
DRS Dakar,Dakar Ouest,Janvier 2021,21.04,23.28,19.53,0.06,71.73,5.4,5.13
DRS Dakar,Dakar Ouest,Février 2021,19.87,22.08,18.72,1.68,78.41,5.11,5.25
DRS Dakar,Dakar Ouest,Mars 2021,19.75,21.1,18.93,8.03,84.41,5.43,6.81
DRS Dakar,Dakar Ouest,Avril 2021,20.2,21.21,19.62,0.39,89.08,4.79,7.11
DRS Dakar,Dakar Ouest,Mai 2021,21.0,21.63,20.55,0.97,89.98,4.55,6.59
DRS Dakar,Dakar Ouest,Juin 2021,24.56,25.01,24.13,40.94,88.71,3.76,5.9
DRS Dakar,Dakar Ouest,Juillet 2021,26.46,26.84,26.12,37.93,82.61,4.11,5.92
DRS Dakar,Dakar Ouest,Août 2021,27.49,27.87,27.13,276.57,84.46,3.91,5.32
DRS Dakar,Dakar Ouest,Septembre 2021,28.19,28.59,27.79,198.16,82.51,3.25,5.81
DRS Dakar,Dakar Ouest,Octobre 2021,28.38,28.98,27.79,44.37,79.19,3.5,5.32
DRS Dakar,Dakar Ouest,Novembre 2021,27.18,28.03,26.43,5.22,76.25,4.24,5.22
DRS Dakar,Dakar Ouest,Décembre 2021,24.69,26.57,23.28,2.21,73.86,4.5,4.35
DRS Dakar,Dakar Ouest,Janvier 2022,24.16,25.9,22.71,1.09,70.39,5.0,4.85
DRS Dakar,Dakar Ouest,Février 2022,22.0,24.07,20.63,0.62,72.83,5.25,5.97
DRS Dakar,Dakar Ouest,Mars 2022,18.91,20.28,18.08,1.64,84.11,5.55,6.46
DRS Dakar,Dakar Ouest,Avril 2022,19.91,20.89,19.27,0.1,88.4,5.19,6.99
DRS Dakar,Dakar Ouest,Mai 2022,22.37,23.06,21.84,18.51,89.7,4.05,6.58
DRS Dakar,Dakar Ouest,Juin 2022,25.46,25.92,25.04,80.46,87.79,3.94,5.98
DRS Dakar,Dakar Ouest,Juillet 2022,26.98,27.32,26.6,123.7,84.09,4.54,5.59
DRS Dakar,Dakar Ouest,Août 2022,27.76,28.11,27.41,232.2,83.5,4.47,5.31
DRS Dakar,Dakar Ouest,Septembre 2022,27.91,28.27,27.54,231.06,83.65,4.02,5.36
DRS Dakar,Dakar Ouest,Octobre 2022,28.28,28.87,27.72,84.05,80.15,3.13,5.46
DRS Dakar,Dakar Ouest,Novembre 2022,27.42,28.88,26.02,0.96,68.77,3.8,5.08
DRS Dakar,Dakar Ouest,Décembre 2022,25.0,26.57,23.43,4.51,71.63,4.6,5.38
DRS Dakar,Dakar Ouest,Janvier 2023,22.75,24.72,21.15,1.86,69.1,4.64,4.94
DRS Dakar,Dakar Ouest,Février 2023,19.68,21.16,18.79,0.55,82.58,5.71,5.48
DRS Dakar,Dakar Ouest,Mars 2023,21.04,22.76,20.1,0.61,86.09,3.75,6.82
DRS Dakar,Dakar Ouest,Avril 2023,21.79,23.14,21.06,0.35,86.73,4.68,6.8
DRS Dakar,Dakar Ouest,Mai 2023,24.18,24.93,23.57,0.54,86.15,4.6,6.52
DRS Dakar,Dakar Ouest,Juin 2023,26.32,26.7,25.95,12.09,84.91,4.55,6.63
DRS Dakar,Dakar Ouest,Juillet 2023,28.02,28.43,27.6,152.82,83.01,3.77,5.71
DRS Dakar,Dakar Ouest,Août 2023,28.25,28.57,27.92,282.91,84.17,4.22,5.4
DRS Dakar,Dakar Ouest,Septembre 2023,28.7,29.13,28.25,187.15,81.79,3.25,5.45
DRS Dakar,Dakar Ouest,Octobre 2023,28.97,29.39,28.56,36.64,79.38,3.05,5.5
DRS Dakar,Dakar Ouest,Novembre 2023,27.58,28.69,26.48,0.89,73.43,4.19,5.53
DRS Dakar,Dakar Ouest,Décembre 2023,25.07,27.12,23.37,1.13,69.46,4.96,5.12
DRS Dakar,Dakar Ouest,Janvier 2024,24.26,26.45,22.61,1.75,72.33,4.34,5.15
DRS Dakar,Dakar Ouest,Février 2024,24.09,26.8,22.36,0.2,70.34,4.67,5.79
DRS Dakar,Dakar Ouest,Mars 2024,20.79,21.63,20.15,0.0,86.83,5.32,6.67
DRS Dakar,Dakar Ouest,Avril 2024,21.76,23.19,20.98,0.27,85.82,4.6,6.87
DRS Dakar,Dakar Ouest,Mai 2024,23.62,24.33,23.11,0.52,87.53,4.31,6.76
DRS Dakar,Dakar Ouest,Juin 2024,25.1,25.44,24.7,102.46,86.08,4.38,6.26
DRS Dakar,Dakar Ouest,Juillet 2024,27.13,27.43,26.8,109.11,85.24,4.37,5.43
DRS Dakar,Dakar Ouest,Août 2024,28.02,28.35,27.7,140.81,84.06,4.63,5.23
DRS Dakar,Dakar Ouest,Septembre 2024,27.99,28.38,27.58,234.28,83.62,3.99,4.95
DRS Dakar,Dakar Ouest,Octobre 2024,28.17,28.77,27.63,83.83,82.39,3.36,5.21
DRS Dakar,Dakar Ouest,Novembre 2024,27.33,28.66,26.09,0.15,76.78,3.51,5.49
DRS Dakar,Dakar Ouest,Décembre 2024,25.34,27.14,23.74,0.45,63.84,4.96,4.29
DRS Dakar,Dakar Ouest,Janvier 2025,22.05,24.59,20.16,0.03,68.95,5.28,5.51
DRS Dakar,Dakar Ouest,Février 2025,20.03,22.38,18.42,0.29,73.98,5.45,6.06
DRS Dakar,Dakar Ouest,Mars 2025,19.53,20.21,19.04,52.58,86.47,6.02,6.42
DRS Dakar,Dakar Ouest,Avril 2025,20.56,21.49,20.0,0.59,90.18,5.07,6.74
DRS Dakar,Dakar Ouest,Mai 2025,22.24,22.84,21.79,4.74,90.28,4.39,6.41
DRS Dakar,Dakar Ouest,Juin 2025,25.47,25.91,24.99,75.58,87.62,4.12,6.4
DRS Dakar,Dakar Ouest,Juillet 2025,27.12,27.56,26.74,73.33,82.9,4.43,5.99
DRS Dakar,Dakar Ouest,Août 2025,27.67,28.04,27.23,296.38,85.23,4.21,5.56
DRS Dakar,Dakar Ouest,Septembre 2025,28.38,28.78,28.03,192.86,82.68,3.34,5.38
DRS Dakar,Dakar Ouest,Octobre 2025,29.0,29.44,28.58,42.96,79.74,3.27,5.83
DRS Dakar,Dakar Ouest,Novembre 2025,27.95,28.87,27.1,4.24,71.78,4.47,4.43
DRS Dakar,Dakar Ouest,Décembre 2025,22.64,24.31,21.36,3.76,71.96,6.1,4.69
DRS Dakar,Dakar Ouest,Janvier 2026,20.72,22.93,19.35,1.45,76.09,5.54,5.05
DRS Dakar,Dakar Ouest,Février 2026,21.27,24.51,19.56,1.09,75.68,4.56,6.0
DRS Dakar,Dakar Ouest,Mars 2026,19.76,20.57,19.21,0.22,87.15,5.15,6.47
DRS Dakar,Dakar Ouest,Avril 2026,21.19,22.68,20.33,1.54,83.97,5.39,7.11
DRS Dakar,Dakar Ouest,Mai 2026,21.6,22.19,21.11,5.46,90.85,4.12,6.63
DRS Dakar,Dakar Ouest,Juin 2026,25.03,25.48,24.58,6.88,88.41,4.09,5.58
DRS Dakar,Dakar Ouest,Juillet 2026,27.43,27.91,26.95,51.25,82.81,3.89,5.6
DRS Dakar,Dakar Ouest,Août 2026,27.93,28.25,27.6,6.45,82.69,4.91,4.9
DRS Dakar,Dakar Sud,Janvier 2021,21.04,23.28,19.53,0.06,71.73,5.4,5.13
DRS Dakar,Dakar Sud,Février 2021,19.87,22.08,18.72,1.68,78.41,5.11,5.25
DRS Dakar,Dakar Sud,Mars 2021,19.75,21.1,18.93,8.03,84.41,5.43,6.81
DRS Dakar,Dakar Sud,Avril 2021,20.2,21.21,19.62,0.39,89.08,4.79,7.11
DRS Dakar,Dakar Sud,Mai 2021,21.0,21.63,20.55,0.97,89.98,4.55,6.59
DRS Dakar,Dakar Sud,Juin 2021,24.56,25.01,24.13,40.94,88.71,3.76,5.9
DRS Dakar,Dakar Sud,Juillet 2021,26.46,26.84,26.12,37.93,82.61,4.11,5.92
DRS Dakar,Dakar Sud,Août 2021,27.49,27.87,27.13,276.57,84.46,3.91,5.32
DRS Dakar,Dakar Sud,Septembre 2021,28.19,28.59,27.79,198.16,82.51,3.25,5.81
DRS Dakar,Dakar Sud,Octobre 2021,28.38,28.98,27.79,44.37,79.19,3.5,5.32
DRS Dakar,Dakar Sud,Novembre 2021,27.18,28.03,26.43,5.22,76.25,4.24,5.22
DRS Dakar,Dakar Sud,Décembre 2021,24.69,26.57,23.28,2.21,73.86,4.5,4.35
DRS Dakar,Dakar Sud,Janvier 2022,24.16,25.9,22.71,1.09,70.39,5.0,4.85
DRS Dakar,Dakar Sud,Février 2022,22.0,24.07,20.63,0.62,72.83,5.25,5.97
DRS Dakar,Dakar Sud,Mars 2022,18.91,20.28,18.08,1.64,84.11,5.55,6.46
DRS Dakar,Dakar Sud,Avril 2022,19.91,20.89,19.27,0.1,88.4,5.19,6.99
DRS Dakar,Dakar Sud,Mai 2022,22.37,23.06,21.84,18.51,89.7,4.05,6.58
DRS Dakar,Dakar Sud,Juin 2022,25.46,25.92,25.04,80.46,87.79,3.94,5.98
DRS Dakar,Dakar Sud,Juillet 2022,26.98,27.32,26.6,123.7,84.09,4.54,5.59
DRS Dakar,Dakar Sud,Août 2022,27.76,28.11,27.41,232.2,83.5,4.47,5.31
DRS Dakar,Dakar Sud,Septembre 2022,27.91,28.27,27.54,231.06,83.65,4.02,5.36
DRS Dakar,Dakar Sud,Octobre 2022,28.28,28.87,27.72,84.05,80.15,3.13,5.46
DRS Dakar,Dakar Sud,Novembre 2022,27.42,28.88,26.02,0.96,68.77,3.8,5.08
DRS Dakar,Dakar Sud,Décembre 2022,25.0,26.57,23.43,4.51,71.63,4.6,5.38
DRS Dakar,Dakar Sud,Janvier 2023,22.75,24.72,21.15,1.86,69.1,4.64,4.94
DRS Dakar,Dakar Sud,Février 2023,19.68,21.16,18.79,0.55,82.58,5.71,5.48
DRS Dakar,Dakar Sud,Mars 2023,21.04,22.76,20.1,0.61,86.09,3.75,6.82
DRS Dakar,Dakar Sud,Avril 2023,21.79,23.14,21.06,0.35,86.73,4.68,6.8
DRS Dakar,Dakar Sud,Mai 2023,24.18,24.93,23.57,0.54,86.15,4.6,6.52
DRS Dakar,Dakar Sud,Juin 2023,26.32,26.7,25.95,12.09,84.91,4.55,6.63
DRS Dakar,Dakar Sud,Juillet 2023,28.02,28.43,27.6,152.82,83.01,3.77,5.71
DRS Dakar,Dakar Sud,Août 2023,28.25,28.57,27.92,282.91,84.17,4.22,5.4
DRS Dakar,Dakar Sud,Septembre 2023,28.7,29.13,28.25,187.15,81.79,3.25,5.45
DRS Dakar,Dakar Sud,Octobre 2023,28.97,29.39,28.56,36.64,79.38,3.05,5.5
DRS Dakar,Dakar Sud,Novembre 2023,27.58,28.69,26.48,0.89,73.43,4.19,5.53
DRS Dakar,Dakar Sud,Décembre 2023,25.07,27.12,23.37,1.13,69.46,4.96,5.12
DRS Dakar,Dakar Sud,Janvier 2024,24.26,26.45,22.61,1.75,72.33,4.34,5.15
DRS Dakar,Dakar Sud,Février 2024,24.09,26.8,22.36,0.2,70.34,4.67,5.79
DRS Dakar,Dakar Sud,Mars 2024,20.79,21.63,20.15,0.0,86.83,5.32,6.67
DRS Dakar,Dakar Sud,Avril 2024,21.76,23.19,20.98,0.27,85.82,4.6,6.87
DRS Dakar,Dakar Sud,Mai 2024,23.62,24.33,23.11,0.52,87.53,4.31,6.76
DRS Dakar,Dakar Sud,Juin 2024,25.1,25.44,24.7,102.46,86.08,4.38,6.26
DRS Dakar,Dakar Sud,Juillet 2024,27.13,27.43,26.8,109.11,85.24,4.37,5.43
DRS Dakar,Dakar Sud,Août 2024,28.02,28.35,27.7,140.81,84.06,4.63,5.23
DRS Dakar,Dakar Sud,Septembre 2024,27.99,28.38,27.58,234.28,83.62,3.99,4.95
DRS Dakar,Dakar Sud,Octobre 2024,28.17,28.77,27.63,83.83,82.39,3.36,5.21
DRS Dakar,Dakar Sud,Novembre 2024,27.33,28.66,26.09,0.15,76.78,3.51,5.49
DRS Dakar,Dakar Sud,Décembre 2024,25.34,27.14,23.74,0.45,63.84,4.96,4.29
DRS Dakar,Dakar Sud,Janvier 2025,22.05,24.59,20.16,0.03,68.95,5.28,5.51
DRS Dakar,Dakar Sud,Février 2025,20.03,22.38,18.42,0.29,73.98,5.45,6.06
DRS Dakar,Dakar Sud,Mars 2025,19.53,20.21,19.04,52.58,86.47,6.02,6.42
DRS Dakar,Dakar Sud,Avril 2025,20.56,21.49,20.0,0.59,90.18,5.07,6.74
DRS Dakar,Dakar Sud,Mai 2025,22.24,22.84,21.79,4.74,90.28,4.39,6.41
DRS Dakar,Dakar Sud,Juin 2025,25.47,25.91,24.99,75.58,87.62,4.12,6.4
DRS Dakar,Dakar Sud,Juillet 2025,27.12,27.56,26.74,73.33,82.9,4.43,5.99
DRS Dakar,Dakar Sud,Août 2025,27.67,28.04,27.23,296.38,85.23,4.21,5.56
DRS Dakar,Dakar Sud,Septembre 2025,28.38,28.78,28.03,192.86,82.68,3.34,5.38
DRS Dakar,Dakar Sud,Octobre 2025,29.0,29.44,28.58,42.96,79.74,3.27,5.83
DRS Dakar,Dakar Sud,Novembre 2025,27.95,28.87,27.1,4.24,71.78,4.47,4.43
DRS Dakar,Dakar Sud,Décembre 2025,22.64,24.31,21.36,3.76,71.96,6.1,4.69
DRS Dakar,Dakar Sud,Janvier 2026,20.72,22.93,19.35,1.45,76.09,5.54,5.05
DRS Dakar,Dakar Sud,Février 2026,21.27,24.51,19.56,1.09,75.68,4.56,6.0
DRS Dakar,Dakar Sud,Mars 2026,19.76,20.57,19.21,0.22,87.15,5.15,6.47
DRS Dakar,Dakar Sud,Avril 2026,21.19,22.68,20.33,1.54,83.97,5.39,7.11
DRS Dakar,Dakar Sud,Mai 2026,21.6,22.19,21.11,5.46,90.85,4.12,6.63
DRS Dakar,Dakar Sud,Juin 2026,25.03,25.48,24.58,6.88,88.41,4.09,5.58
DRS Dakar,Dakar Sud,Juillet 2026,27.43,27.91,26.95,51.25,82.81,3.89,5.6
DRS Dakar,Dakar Sud,Août 2026,27.93,28.25,27.6,6.45,82.69,4.91,4.9
DRS Dakar,Diamniadio,Janvier 2021,22.52,30.54,16.72,0.1,45.59,3.82,5.13
DRS Dakar,Diamniadio,Février 2021,23.63,32.93,17.51,4.68,44.03,3.89,5.25
DRS Dakar,Diamniadio,Mars 2021,23.84,33.49,17.48,1.82,54.95,4.23,6.81
DRS Dakar,Diamniadio,Avril 2021,25.22,35.53,18.63,1.57,59.44,4.1,7.11
DRS Dakar,Diamniadio,Mai 2021,25.41,34.03,19.74,2.11,62.51,3.96,6.59
DRS Dakar,Diamniadio,Juin 2021,27.78,33.82,23.46,28.37,67.05,3.15,5.9
DRS Dakar,Diamniadio,Juillet 2021,28.26,32.83,24.9,29.37,69.49,3.1,5.92
DRS Dakar,Diamniadio,Août 2021,27.66,30.78,25.33,248.57,81.24,2.44,5.32
DRS Dakar,Diamniadio,Septembre 2021,27.83,31.04,25.39,198.13,82.83,1.86,5.81
DRS Dakar,Diamniadio,Octobre 2021,27.87,32.19,24.64,52.53,76.64,1.91,5.32
DRS Dakar,Diamniadio,Novembre 2021,27.15,33.27,22.76,5.51,66.61,2.37,5.22
DRS Dakar,Diamniadio,Décembre 2021,25.37,32.53,19.81,7.21,49.41,2.86,4.35
DRS Dakar,Diamniadio,Janvier 2022,24.81,32.4,18.98,3.96,45.45,3.48,4.85
DRS Dakar,Diamniadio,Février 2022,24.4,32.84,18.2,3.96,41.42,4.13,5.97
DRS Dakar,Diamniadio,Mars 2022,23.78,33.63,17.24,6.31,51.14,4.51,6.46
DRS Dakar,Diamniadio,Avril 2022,25.37,35.23,18.77,0.43,55.64,4.48,6.99
DRS Dakar,Diamniadio,Mai 2022,27.04,35.78,21.13,22.29,61.39,3.42,6.58
DRS Dakar,Diamniadio,Juin 2022,28.0,33.39,24.13,69.79,70.13,3.2,5.98
DRS Dakar,Diamniadio,Juillet 2022,28.2,32.11,25.36,104.12,74.01,3.28,5.59
DRS Dakar,Diamniadio,Août 2022,27.73,30.62,25.58,208.86,81.16,2.78,5.31
DRS Dakar,Diamniadio,Septembre 2022,27.53,30.43,25.38,210.32,83.72,2.27,5.36
DRS Dakar,Diamniadio,Octobre 2022,27.68,31.45,24.67,89.55,79.08,1.67,5.46
DRS Dakar,Diamniadio,Novembre 2022,25.67,32.33,20.18,2.07,58.34,2.14,5.08
DRS Dakar,Diamniadio,Décembre 2022,24.24,31.79,18.32,4.25,54.81,2.84,5.38
DRS Dakar,Diamniadio,Janvier 2023,23.46,31.11,17.58,7.13,45.53,3.44,4.94
DRS Dakar,Diamniadio,Février 2023,23.76,33.06,17.59,2.67,50.79,4.34,5.48
DRS Dakar,Diamniadio,Mars 2023,26.35,36.52,19.41,0.89,50.42,3.27,6.82
DRS Dakar,Diamniadio,Avril 2023,26.79,35.88,20.73,1.94,55.96,4.08,6.8
DRS Dakar,Diamniadio,Mai 2023,28.5,36.52,22.95,1.77,58.31,3.73,6.52
DRS Dakar,Diamniadio,Juin 2023,28.93,35.0,24.73,10.16,65.78,3.71,6.63
DRS Dakar,Diamniadio,Juillet 2023,28.81,32.37,26.14,150.5,75.41,2.6,5.71
DRS Dakar,Diamniadio,Août 2023,28.1,31.02,25.95,269.57,82.5,2.73,5.4
DRS Dakar,Diamniadio,Septembre 2023,27.97,30.79,25.81,186.79,83.96,1.9,5.45
DRS Dakar,Diamniadio,Octobre 2023,28.18,31.66,25.53,41.41,79.99,1.66,5.5
DRS Dakar,Diamniadio,Novembre 2023,26.08,33.25,20.68,1.99,64.33,2.33,5.53
DRS Dakar,Diamniadio,Décembre 2023,24.04,32.17,17.85,5.21,48.85,3.0,5.12
DRS Dakar,Diamniadio,Janvier 2024,24.43,32.91,18.13,3.55,47.2,2.98,5.15
DRS Dakar,Diamniadio,Février 2024,26.34,35.82,19.28,0.5,38.81,3.47,5.79
DRS Dakar,Diamniadio,Mars 2024,24.69,34.55,18.34,0.03,58.03,4.18,6.67
DRS Dakar,Diamniadio,Avril 2024,26.97,36.67,20.43,0.32,54.66,3.99,6.87
DRS Dakar,Diamniadio,Mai 2024,28.17,36.9,22.29,0.67,59.32,3.76,6.76
DRS Dakar,Diamniadio,Juin 2024,27.53,33.33,23.24,40.97,68.54,3.43,6.26
DRS Dakar,Diamniadio,Juillet 2024,28.11,31.65,25.43,101.02,77.33,3.17,5.43
DRS Dakar,Diamniadio,Août 2024,28.26,31.36,26.06,136.2,79.89,2.99,5.23
DRS Dakar,Diamniadio,Septembre 2024,27.99,31.21,25.64,239.65,81.4,2.43,4.95
DRS Dakar,Diamniadio,Octobre 2024,27.94,32.01,24.74,82.45,78.45,1.88,5.21
DRS Dakar,Diamniadio,Novembre 2024,27.49,34.38,21.91,0.45,61.27,2.04,5.49
DRS Dakar,Diamniadio,Décembre 2024,24.59,31.52,19.18,0.33,45.34,3.21,4.29
DRS Dakar,Diamniadio,Janvier 2025,23.77,32.58,17.01,0.1,37.5,3.8,5.51
DRS Dakar,Diamniadio,Février 2025,23.49,32.92,16.7,1.71,40.24,4.2,6.06
DRS Dakar,Diamniadio,Mars 2025,23.42,32.2,17.93,5.82,60.29,4.81,6.42
DRS Dakar,Diamniadio,Avril 2025,25.9,34.96,19.9,2.2,59.16,4.42,6.74
DRS Dakar,Diamniadio,Mai 2025,26.96,35.0,21.58,5.76,61.6,3.91,6.41
DRS Dakar,Diamniadio,Juin 2025,28.5,34.59,23.96,27.71,67.3,3.23,6.4
DRS Dakar,Diamniadio,Juillet 2025,28.49,32.32,25.53,49.3,72.43,3.1,5.99
DRS Dakar,Diamniadio,Août 2025,27.97,31.13,25.61,278.12,81.31,2.59,5.56
DRS Dakar,Diamniadio,Septembre 2025,27.93,30.73,25.78,194.41,83.23,1.89,5.38
DRS Dakar,Diamniadio,Octobre 2025,28.41,32.44,25.3,52.29,78.26,1.72,5.83
DRS Dakar,Diamniadio,Novembre 2025,26.47,31.9,22.55,6.21,66.17,2.58,4.43
DRS Dakar,Diamniadio,Décembre 2025,22.31,29.16,17.17,8.96,53.86,3.83,4.69
DRS Dakar,Diamniadio,Janvier 2026,23.01,30.86,17.19,1.5,46.09,4.18,5.05
DRS Dakar,Diamniadio,Février 2026,24.84,34.56,17.68,3.24,41.05,3.5,6.0
DRS Dakar,Diamniadio,Mars 2026,23.93,32.49,18.29,1.32,58.22,4.25,6.47
DRS Dakar,Diamniadio,Avril 2026,25.97,35.89,19.41,4.94,52.42,4.48,7.11
DRS Dakar,Diamniadio,Mai 2026,26.92,35.65,21.05,6.68,59.53,3.75,6.63
DRS Dakar,Diamniadio,Juin 2026,28.7,35.33,24.04,5.59,64.74,3.24,5.58
DRS Dakar,Diamniadio,Juillet 2026,28.9,33.14,26.04,115.11,72.61,2.73,5.6
DRS Dakar,Diamniadio,Août 2026,28.86,32.62,26.24,11.77,73.68,3.22,4.9
DRS Dakar,Guediawaye,Janvier 2021,20.77,22.87,19.31,0.16,72.73,5.53,5.13
DRS Dakar,Guediawaye,Février 2021,19.81,22.05,18.6,2.28,78.49,5.27,5.25
DRS Dakar,Guediawaye,Mars 2021,19.99,21.51,18.97,11.94,82.97,5.69,6.81
DRS Dakar,Guediawaye,Avril 2021,20.58,21.78,19.79,1.15,86.83,5.34,7.11
DRS Dakar,Guediawaye,Mai 2021,21.35,22.29,20.65,1.04,87.25,4.68,6.59
DRS Dakar,Guediawaye,Juin 2021,24.5,25.43,23.75,68.34,86.39,3.81,5.9
DRS Dakar,Guediawaye,Juillet 2021,26.27,26.9,25.64,22.4,81.1,4.01,5.92
DRS Dakar,Guediawaye,Août 2021,27.55,28.02,27.06,291.42,83.69,3.65,5.32
DRS Dakar,Guediawaye,Septembre 2021,28.23,28.82,27.73,177.58,82.31,3.22,5.81
DRS Dakar,Guediawaye,Octobre 2021,28.13,29.06,27.37,29.26,79.72,3.54,5.32
DRS Dakar,Guediawaye,Novembre 2021,26.8,27.99,25.89,8.41,76.67,4.22,5.22
DRS Dakar,Guediawaye,Décembre 2021,24.37,26.66,22.83,2.63,73.54,4.63,4.35
DRS Dakar,Guediawaye,Janvier 2022,23.93,26.07,22.39,2.12,69.77,5.06,4.85
DRS Dakar,Guediawaye,Février 2022,22.25,24.71,20.74,1.48,71.65,5.6,5.97
DRS Dakar,Guediawaye,Mars 2022,19.31,20.77,18.34,2.39,83.19,5.79,6.46
DRS Dakar,Guediawaye,Avril 2022,20.39,21.55,19.56,0.33,86.14,5.51,6.99
DRS Dakar,Guediawaye,Mai 2022,22.63,24.05,21.76,6.91,86.63,3.98,6.58
DRS Dakar,Guediawaye,Juin 2022,25.21,26.16,24.49,52.69,86.8,3.77,5.98
DRS Dakar,Guediawaye,Juillet 2022,26.78,27.37,26.19,130.08,82.73,4.31,5.59
DRS Dakar,Guediawaye,Août 2022,27.79,28.21,27.33,200.89,82.44,4.13,5.31
DRS Dakar,Guediawaye,Septembre 2022,27.96,28.48,27.44,182.5,83.49,3.82,5.36
DRS Dakar,Guediawaye,Octobre 2022,28.19,29.02,27.44,55.53,80.23,3.14,5.46
DRS Dakar,Guediawaye,Novembre 2022,27.08,28.93,25.48,0.53,70.09,3.92,5.08
DRS Dakar,Guediawaye,Décembre 2022,25.05,26.98,23.42,5.29,70.66,4.83,5.38
DRS Dakar,Guediawaye,Janvier 2023,22.8,24.96,21.17,4.42,68.29,4.98,4.94
DRS Dakar,Guediawaye,Février 2023,19.82,21.24,18.88,2.04,81.78,5.96,5.48
DRS Dakar,Guediawaye,Mars 2023,21.57,23.69,20.32,0.62,83.47,3.94,6.82
DRS Dakar,Guediawaye,Avril 2023,22.25,23.89,21.34,1.09,84.09,4.82,6.8
DRS Dakar,Guediawaye,Mai 2023,24.34,25.45,23.52,0.91,83.41,4.93,6.52
DRS Dakar,Guediawaye,Juin 2023,26.16,26.96,25.5,5.74,83.63,4.49,6.63
DRS Dakar,Guediawaye,Juillet 2023,28.0,28.52,27.44,213.99,81.81,3.65,5.71
DRS Dakar,Guediawaye,Août 2023,28.15,28.58,27.67,324.81,84.07,4.04,5.4
DRS Dakar,Guediawaye,Septembre 2023,28.68,29.2,28.19,192.78,81.9,3.28,5.45
DRS Dakar,Guediawaye,Octobre 2023,28.85,29.36,28.35,32.87,80.05,3.14,5.5
DRS Dakar,Guediawaye,Novembre 2023,27.16,28.48,26.02,0.79,73.56,4.24,5.53
DRS Dakar,Guediawaye,Décembre 2023,24.6,26.66,22.99,1.99,70.36,5.08,5.12
DRS Dakar,Guediawaye,Janvier 2024,23.92,26.38,22.21,1.58,73.19,4.36,5.15
DRS Dakar,Guediawaye,Février 2024,23.93,27.07,21.98,0.24,70.57,4.84,5.79
DRS Dakar,Guediawaye,Mars 2024,21.04,22.13,20.21,0.0,84.64,5.34,6.67
DRS Dakar,Guediawaye,Avril 2024,22.55,24.44,21.39,0.3,82.55,5.0,6.87
DRS Dakar,Guediawaye,Mai 2024,23.95,25.08,23.12,0.45,84.63,4.49,6.76
DRS Dakar,Guediawaye,Juin 2024,25.02,25.8,24.33,44.51,84.45,4.41,6.26
DRS Dakar,Guediawaye,Juillet 2024,27.01,27.53,26.45,125.27,84.38,4.2,5.43
DRS Dakar,Guediawaye,Août 2024,28.09,28.51,27.65,103.83,82.89,4.41,5.23
DRS Dakar,Guediawaye,Septembre 2024,28.01,28.59,27.44,245.85,82.93,3.88,4.95
DRS Dakar,Guediawaye,Octobre 2024,28.12,28.98,27.38,83.74,82.32,3.37,5.21
DRS Dakar,Guediawaye,Novembre 2024,26.92,29.06,25.21,0.31,75.45,3.75,5.49
DRS Dakar,Guediawaye,Décembre 2024,24.75,26.81,23.02,0.36,64.61,5.05,4.29
DRS Dakar,Guediawaye,Janvier 2025,21.57,24.29,19.68,0.04,69.84,5.31,5.51
DRS Dakar,Guediawaye,Février 2025,19.89,22.35,18.16,1.74,75.22,5.58,6.06
DRS Dakar,Guediawaye,Mars 2025,20.0,20.87,19.37,262.78,84.06,6.48,6.42
DRS Dakar,Guediawaye,Avril 2025,20.94,22.05,20.21,1.86,88.78,5.26,6.74
DRS Dakar,Guediawaye,Mai 2025,22.44,23.34,21.76,2.15,88.05,4.47,6.41
DRS Dakar,Guediawaye,Juin 2025,25.21,26.02,24.45,331.95,86.93,3.98,6.4
DRS Dakar,Guediawaye,Juillet 2025,26.85,27.43,26.27,224.31,82.65,4.17,5.99
DRS Dakar,Guediawaye,Août 2025,27.7,28.2,27.18,262.57,85.04,3.87,5.56
DRS Dakar,Guediawaye,Septembre 2025,28.53,29.04,28.04,181.45,81.88,3.14,5.38
DRS Dakar,Guediawaye,Octobre 2025,28.9,29.5,28.33,47.09,79.79,3.26,5.83
DRS Dakar,Guediawaye,Novembre 2025,27.56,28.48,26.67,3.15,73.15,4.29,4.43
DRS Dakar,Guediawaye,Décembre 2025,21.88,23.39,20.68,3.07,73.75,5.9,4.69
DRS Dakar,Guediawaye,Janvier 2026,20.33,22.33,19.02,2.95,77.57,5.57,5.05
DRS Dakar,Guediawaye,Février 2026,21.16,24.56,19.28,0.85,75.96,4.64,6.0
DRS Dakar,Guediawaye,Mars 2026,20.26,21.37,19.5,0.57,84.62,5.31,6.47
DRS Dakar,Guediawaye,Avril 2026,21.72,23.67,20.57,4.54,81.34,5.66,7.11
DRS Dakar,Guediawaye,Mai 2026,22.15,23.14,21.42,2.6,87.62,4.37,6.63
DRS Dakar,Guediawaye,Juin 2026,24.98,25.9,24.16,3.08,86.56,3.83,5.58
DRS Dakar,Guediawaye,Juillet 2026,27.29,28.2,26.55,38.2,82.03,3.77,5.6
DRS Dakar,Guediawaye,Août 2026,27.95,28.6,27.47,5.58,81.85,4.7,4.9
DRS Dakar,Keur Massar,Janvier 2021,20.77,22.87,19.31,0.16,72.73,5.53,5.13
DRS Dakar,Keur Massar,Février 2021,19.81,22.05,18.6,2.28,78.49,5.27,5.25
DRS Dakar,Keur Massar,Mars 2021,19.99,21.51,18.97,11.94,82.97,5.69,6.81
DRS Dakar,Keur Massar,Avril 2021,20.58,21.78,19.79,1.15,86.83,5.34,7.11
DRS Dakar,Keur Massar,Mai 2021,21.35,22.29,20.65,1.04,87.25,4.68,6.59
DRS Dakar,Keur Massar,Juin 2021,24.5,25.43,23.75,68.34,86.39,3.81,5.9
DRS Dakar,Keur Massar,Juillet 2021,26.27,26.9,25.64,22.4,81.1,4.01,5.92
DRS Dakar,Keur Massar,Août 2021,27.55,28.02,27.06,291.42,83.69,3.65,5.32
DRS Dakar,Keur Massar,Septembre 2021,28.23,28.82,27.73,177.58,82.31,3.22,5.81
DRS Dakar,Keur Massar,Octobre 2021,28.13,29.06,27.37,29.26,79.72,3.54,5.32
DRS Dakar,Keur Massar,Novembre 2021,26.8,27.99,25.89,8.41,76.67,4.22,5.22
DRS Dakar,Keur Massar,Décembre 2021,24.37,26.66,22.83,2.63,73.54,4.63,4.35
DRS Dakar,Keur Massar,Janvier 2022,23.93,26.07,22.39,2.12,69.77,5.06,4.85
DRS Dakar,Keur Massar,Février 2022,22.25,24.71,20.74,1.48,71.65,5.6,5.97
DRS Dakar,Keur Massar,Mars 2022,19.31,20.77,18.34,2.39,83.19,5.79,6.46
DRS Dakar,Keur Massar,Avril 2022,20.39,21.55,19.56,0.33,86.14,5.51,6.99
DRS Dakar,Keur Massar,Mai 2022,22.63,24.05,21.76,6.91,86.63,3.98,6.58
DRS Dakar,Keur Massar,Juin 2022,25.21,26.16,24.49,52.69,86.8,3.77,5.98
DRS Dakar,Keur Massar,Juillet 2022,26.78,27.37,26.19,130.08,82.73,4.31,5.59
DRS Dakar,Keur Massar,Août 2022,27.79,28.21,27.33,200.89,82.44,4.13,5.31
DRS Dakar,Keur Massar,Septembre 2022,27.96,28.48,27.44,182.5,83.49,3.82,5.36
DRS Dakar,Keur Massar,Octobre 2022,28.19,29.02,27.44,55.53,80.23,3.14,5.46
DRS Dakar,Keur Massar,Novembre 2022,27.08,28.93,25.48,0.53,70.09,3.92,5.08
DRS Dakar,Keur Massar,Décembre 2022,25.05,26.98,23.42,5.29,70.66,4.83,5.38
DRS Dakar,Keur Massar,Janvier 2023,22.8,24.96,21.17,4.42,68.29,4.98,4.94
DRS Dakar,Keur Massar,Février 2023,19.82,21.24,18.88,2.04,81.78,5.96,5.48
DRS Dakar,Keur Massar,Mars 2023,21.57,23.69,20.32,0.62,83.47,3.94,6.82
DRS Dakar,Keur Massar,Avril 2023,22.25,23.89,21.34,1.09,84.09,4.82,6.8
DRS Dakar,Keur Massar,Mai 2023,24.34,25.45,23.52,0.91,83.41,4.93,6.52
DRS Dakar,Keur Massar,Juin 2023,26.16,26.96,25.5,5.74,83.63,4.49,6.63
DRS Dakar,Keur Massar,Juillet 2023,28.0,28.52,27.44,213.99,81.81,3.65,5.71
DRS Dakar,Keur Massar,Août 2023,28.15,28.58,27.67,324.81,84.07,4.04,5.4
DRS Dakar,Keur Massar,Septembre 2023,28.68,29.2,28.19,192.78,81.9,3.28,5.45
DRS Dakar,Keur Massar,Octobre 2023,28.85,29.36,28.35,32.87,80.05,3.14,5.5
DRS Dakar,Keur Massar,Novembre 2023,27.16,28.48,26.02,0.79,73.56,4.24,5.53
DRS Dakar,Keur Massar,Décembre 2023,24.6,26.66,22.99,1.99,70.36,5.08,5.12
DRS Dakar,Keur Massar,Janvier 2024,23.92,26.38,22.21,1.58,73.19,4.36,5.15
DRS Dakar,Keur Massar,Février 2024,23.93,27.07,21.98,0.24,70.57,4.84,5.79
DRS Dakar,Keur Massar,Mars 2024,21.04,22.13,20.21,0.0,84.64,5.34,6.67
DRS Dakar,Keur Massar,Avril 2024,22.55,24.44,21.39,0.3,82.55,5.0,6.87
DRS Dakar,Keur Massar,Mai 2024,23.95,25.08,23.12,0.45,84.63,4.49,6.76
DRS Dakar,Keur Massar,Juin 2024,25.02,25.8,24.33,44.51,84.45,4.41,6.26
DRS Dakar,Keur Massar,Juillet 2024,27.01,27.53,26.45,125.27,84.38,4.2,5.43
DRS Dakar,Keur Massar,Août 2024,28.09,28.51,27.65,103.83,82.89,4.41,5.23
DRS Dakar,Keur Massar,Septembre 2024,28.01,28.59,27.44,245.85,82.93,3.88,4.95
DRS Dakar,Keur Massar,Octobre 2024,28.12,28.98,27.38,83.74,82.32,3.37,5.21
DRS Dakar,Keur Massar,Novembre 2024,26.92,29.06,25.21,0.31,75.45,3.75,5.49
DRS Dakar,Keur Massar,Décembre 2024,24.75,26.81,23.02,0.36,64.61,5.05,4.29
DRS Dakar,Keur Massar,Janvier 2025,21.57,24.29,19.68,0.04,69.84,5.31,5.51
DRS Dakar,Keur Massar,Février 2025,19.89,22.35,18.16,1.74,75.22,5.58,6.06
DRS Dakar,Keur Massar,Mars 2025,20.0,20.87,19.37,262.78,84.06,6.48,6.42
DRS Dakar,Keur Massar,Avril 2025,20.94,22.05,20.21,1.86,88.78,5.26,6.74
DRS Dakar,Keur Massar,Mai 2025,22.44,23.34,21.76,2.15,88.05,4.47,6.41
DRS Dakar,Keur Massar,Juin 2025,25.21,26.02,24.45,331.95,86.93,3.98,6.4
DRS Dakar,Keur Massar,Juillet 2025,26.85,27.43,26.27,224.31,82.65,4.17,5.99
DRS Dakar,Keur Massar,Août 2025,27.7,28.2,27.18,262.57,85.04,3.87,5.56
DRS Dakar,Keur Massar,Septembre 2025,28.53,29.04,28.04,181.45,81.88,3.14,5.38
DRS Dakar,Keur Massar,Octobre 2025,28.9,29.5,28.33,47.09,79.79,3.26,5.83
DRS Dakar,Keur Massar,Novembre 2025,27.56,28.48,26.67,3.15,73.15,4.29,4.43
DRS Dakar,Keur Massar,Décembre 2025,21.88,23.39,20.68,3.07,73.75,5.9,4.69
DRS Dakar,Keur Massar,Janvier 2026,20.33,22.33,19.02,2.95,77.57,5.57,5.05
DRS Dakar,Keur Massar,Février 2026,21.16,24.56,19.28,0.85,75.96,4.64,6.0
DRS Dakar,Keur Massar,Mars 2026,20.26,21.37,19.5,0.57,84.62,5.31,6.47
DRS Dakar,Keur Massar,Avril 2026,21.72,23.67,20.57,4.54,81.34,5.66,7.11
DRS Dakar,Keur Massar,Mai 2026,22.15,23.14,21.42,2.6,87.62,4.37,6.63
DRS Dakar,Keur Massar,Juin 2026,24.98,25.9,24.16,3.08,86.56,3.83,5.58
DRS Dakar,Keur Massar,Juillet 2026,27.29,28.2,26.55,38.2,82.03,3.77,5.6
DRS Dakar,Keur Massar,Août 2026,27.95,28.6,27.47,5.58,81.85,4.7,4.9
DRS Dakar,Mbao,Janvier 2021,21.04,23.28,19.53,0.06,71.73,5.4,5.13
DRS Dakar,Mbao,Février 2021,19.87,22.08,18.72,1.68,78.41,5.11,5.25
DRS Dakar,Mbao,Mars 2021,19.75,21.1,18.93,8.03,84.41,5.43,6.81
DRS Dakar,Mbao,Avril 2021,20.2,21.21,19.62,0.39,89.08,4.79,7.11
DRS Dakar,Mbao,Mai 2021,21.0,21.63,20.55,0.97,89.98,4.55,6.59
DRS Dakar,Mbao,Juin 2021,24.56,25.01,24.13,40.94,88.71,3.76,5.9
DRS Dakar,Mbao,Juillet 2021,26.46,26.84,26.12,37.93,82.61,4.11,5.92
DRS Dakar,Mbao,Août 2021,27.49,27.87,27.13,276.57,84.46,3.91,5.32
DRS Dakar,Mbao,Septembre 2021,28.19,28.59,27.79,198.16,82.51,3.25,5.81
DRS Dakar,Mbao,Octobre 2021,28.38,28.98,27.79,44.37,79.19,3.5,5.32
DRS Dakar,Mbao,Novembre 2021,27.18,28.03,26.43,5.22,76.25,4.24,5.22
DRS Dakar,Mbao,Décembre 2021,24.69,26.57,23.28,2.21,73.86,4.5,4.35
DRS Dakar,Mbao,Janvier 2022,24.16,25.9,22.71,1.09,70.39,5.0,4.85
DRS Dakar,Mbao,Février 2022,22.0,24.07,20.63,0.62,72.83,5.25,5.97
DRS Dakar,Mbao,Mars 2022,18.91,20.28,18.08,1.64,84.11,5.55,6.46
DRS Dakar,Mbao,Avril 2022,19.91,20.89,19.27,0.1,88.4,5.19,6.99
DRS Dakar,Mbao,Mai 2022,22.37,23.06,21.84,18.51,89.7,4.05,6.58
DRS Dakar,Mbao,Juin 2022,25.46,25.92,25.04,80.46,87.79,3.94,5.98
DRS Dakar,Mbao,Juillet 2022,26.98,27.32,26.6,123.7,84.09,4.54,5.59
DRS Dakar,Mbao,Août 2022,27.76,28.11,27.41,232.2,83.5,4.47,5.31
DRS Dakar,Mbao,Septembre 2022,27.91,28.27,27.54,231.06,83.65,4.02,5.36
DRS Dakar,Mbao,Octobre 2022,28.28,28.87,27.72,84.05,80.15,3.13,5.46
DRS Dakar,Mbao,Novembre 2022,27.42,28.88,26.02,0.96,68.77,3.8,5.08
DRS Dakar,Mbao,Décembre 2022,25.0,26.57,23.43,4.51,71.63,4.6,5.38
DRS Dakar,Mbao,Janvier 2023,22.75,24.72,21.15,1.86,69.1,4.64,4.94
DRS Dakar,Mbao,Février 2023,19.68,21.16,18.79,0.55,82.58,5.71,5.48
DRS Dakar,Mbao,Mars 2023,21.04,22.76,20.1,0.61,86.09,3.75,6.82
DRS Dakar,Mbao,Avril 2023,21.79,23.14,21.06,0.35,86.73,4.68,6.8
DRS Dakar,Mbao,Mai 2023,24.18,24.93,23.57,0.54,86.15,4.6,6.52
DRS Dakar,Mbao,Juin 2023,26.32,26.7,25.95,12.09,84.91,4.55,6.63
DRS Dakar,Mbao,Juillet 2023,28.02,28.43,27.6,152.82,83.01,3.77,5.71
DRS Dakar,Mbao,Août 2023,28.25,28.57,27.92,282.91,84.17,4.22,5.4
DRS Dakar,Mbao,Septembre 2023,28.7,29.13,28.25,187.15,81.79,3.25,5.45
DRS Dakar,Mbao,Octobre 2023,28.97,29.39,28.56,36.64,79.38,3.05,5.5
DRS Dakar,Mbao,Novembre 2023,27.58,28.69,26.48,0.89,73.43,4.19,5.53
DRS Dakar,Mbao,Décembre 2023,25.07,27.12,23.37,1.13,69.46,4.96,5.12
DRS Dakar,Mbao,Janvier 2024,24.26,26.45,22.61,1.75,72.33,4.34,5.15
DRS Dakar,Mbao,Février 2024,24.09,26.8,22.36,0.2,70.34,4.67,5.79
DRS Dakar,Mbao,Mars 2024,20.79,21.63,20.15,0.0,86.83,5.32,6.67
DRS Dakar,Mbao,Avril 2024,21.76,23.19,20.98,0.27,85.82,4.6,6.87
DRS Dakar,Mbao,Mai 2024,23.62,24.33,23.11,0.52,87.53,4.31,6.76
DRS Dakar,Mbao,Juin 2024,25.1,25.44,24.7,102.46,86.08,4.38,6.26
DRS Dakar,Mbao,Juillet 2024,27.13,27.43,26.8,109.11,85.24,4.37,5.43
DRS Dakar,Mbao,Août 2024,28.02,28.35,27.7,140.81,84.06,4.63,5.23
DRS Dakar,Mbao,Septembre 2024,27.99,28.38,27.58,234.28,83.62,3.99,4.95
DRS Dakar,Mbao,Octobre 2024,28.17,28.77,27.63,83.83,82.39,3.36,5.21
DRS Dakar,Mbao,Novembre 2024,27.33,28.66,26.09,0.15,76.78,3.51,5.49
DRS Dakar,Mbao,Décembre 2024,25.34,27.14,23.74,0.45,63.84,4.96,4.29
DRS Dakar,Mbao,Janvier 2025,22.05,24.59,20.16,0.03,68.95,5.28,5.51
DRS Dakar,Mbao,Février 2025,20.03,22.38,18.42,0.29,73.98,5.45,6.06
DRS Dakar,Mbao,Mars 2025,19.53,20.21,19.04,52.58,86.47,6.02,6.42
DRS Dakar,Mbao,Avril 2025,20.56,21.49,20.0,0.59,90.18,5.07,6.74
DRS Dakar,Mbao,Mai 2025,22.24,22.84,21.79,4.74,90.28,4.39,6.41
DRS Dakar,Mbao,Juin 2025,25.47,25.91,24.99,75.58,87.62,4.12,6.4
DRS Dakar,Mbao,Juillet 2025,27.12,27.56,26.74,73.33,82.9,4.43,5.99
DRS Dakar,Mbao,Août 2025,27.67,28.04,27.23,296.38,85.23,4.21,5.56
DRS Dakar,Mbao,Septembre 2025,28.38,28.78,28.03,192.86,82.68,3.34,5.38
DRS Dakar,Mbao,Octobre 2025,29.0,29.44,28.58,42.96,79.74,3.27,5.83
DRS Dakar,Mbao,Novembre 2025,27.95,28.87,27.1,4.24,71.78,4.47,4.43
DRS Dakar,Mbao,Décembre 2025,22.64,24.31,21.36,3.76,71.96,6.1,4.69
DRS Dakar,Mbao,Janvier 2026,20.72,22.93,19.35,1.45,76.09,5.54,5.05
DRS Dakar,Mbao,Février 2026,21.27,24.51,19.56,1.09,75.68,4.56,6.0
DRS Dakar,Mbao,Mars 2026,19.76,20.57,19.21,0.22,87.15,5.15,6.47
DRS Dakar,Mbao,Avril 2026,21.19,22.68,20.33,1.54,83.97,5.39,7.11
DRS Dakar,Mbao,Mai 2026,21.6,22.19,21.11,5.46,90.85,4.12,6.63
DRS Dakar,Mbao,Juin 2026,25.03,25.48,24.58,6.88,88.41,4.09,5.58
DRS Dakar,Mbao,Juillet 2026,27.43,27.91,26.95,51.25,82.81,3.89,5.6
DRS Dakar,Mbao,Août 2026,27.93,28.25,27.6,6.45,82.69,4.91,4.9
DRS Dakar,Pikine,Janvier 2021,20.77,22.87,19.31,0.16,72.73,5.53,5.13
DRS Dakar,Pikine,Février 2021,19.81,22.05,18.6,2.28,78.49,5.27,5.25
DRS Dakar,Pikine,Mars 2021,19.99,21.51,18.97,11.94,82.97,5.69,6.81
DRS Dakar,Pikine,Avril 2021,20.58,21.78,19.79,1.15,86.83,5.34,7.11
DRS Dakar,Pikine,Mai 2021,21.35,22.29,20.65,1.04,87.25,4.68,6.59
DRS Dakar,Pikine,Juin 2021,24.5,25.43,23.75,68.34,86.39,3.81,5.9
DRS Dakar,Pikine,Juillet 2021,26.27,26.9,25.64,22.4,81.1,4.01,5.92
DRS Dakar,Pikine,Août 2021,27.55,28.02,27.06,291.42,83.69,3.65,5.32
DRS Dakar,Pikine,Septembre 2021,28.23,28.82,27.73,177.58,82.31,3.22,5.81
DRS Dakar,Pikine,Octobre 2021,28.13,29.06,27.37,29.26,79.72,3.54,5.32
DRS Dakar,Pikine,Novembre 2021,26.8,27.99,25.89,8.41,76.67,4.22,5.22
DRS Dakar,Pikine,Décembre 2021,24.37,26.66,22.83,2.63,73.54,4.63,4.35
DRS Dakar,Pikine,Janvier 2022,23.93,26.07,22.39,2.12,69.77,5.06,4.85
DRS Dakar,Pikine,Février 2022,22.25,24.71,20.74,1.48,71.65,5.6,5.97
DRS Dakar,Pikine,Mars 2022,19.31,20.77,18.34,2.39,83.19,5.79,6.46
DRS Dakar,Pikine,Avril 2022,20.39,21.55,19.56,0.33,86.14,5.51,6.99
DRS Dakar,Pikine,Mai 2022,22.63,24.05,21.76,6.91,86.63,3.98,6.58
DRS Dakar,Pikine,Juin 2022,25.21,26.16,24.49,52.69,86.8,3.77,5.98
DRS Dakar,Pikine,Juillet 2022,26.78,27.37,26.19,130.08,82.73,4.31,5.59
DRS Dakar,Pikine,Août 2022,27.79,28.21,27.33,200.89,82.44,4.13,5.31
DRS Dakar,Pikine,Septembre 2022,27.96,28.48,27.44,182.5,83.49,3.82,5.36
DRS Dakar,Pikine,Octobre 2022,28.19,29.02,27.44,55.53,80.23,3.14,5.46
DRS Dakar,Pikine,Novembre 2022,27.08,28.93,25.48,0.53,70.09,3.92,5.08
DRS Dakar,Pikine,Décembre 2022,25.05,26.98,23.42,5.29,70.66,4.83,5.38
DRS Dakar,Pikine,Janvier 2023,22.8,24.96,21.17,4.42,68.29,4.98,4.94
DRS Dakar,Pikine,Février 2023,19.82,21.24,18.88,2.04,81.78,5.96,5.48
DRS Dakar,Pikine,Mars 2023,21.57,23.69,20.32,0.62,83.47,3.94,6.82
DRS Dakar,Pikine,Avril 2023,22.25,23.89,21.34,1.09,84.09,4.82,6.8
DRS Dakar,Pikine,Mai 2023,24.34,25.45,23.52,0.91,83.41,4.93,6.52
DRS Dakar,Pikine,Juin 2023,26.16,26.96,25.5,5.74,83.63,4.49,6.63
DRS Dakar,Pikine,Juillet 2023,28.0,28.52,27.44,213.99,81.81,3.65,5.71
DRS Dakar,Pikine,Août 2023,28.15,28.58,27.67,324.81,84.07,4.04,5.4
DRS Dakar,Pikine,Septembre 2023,28.68,29.2,28.19,192.78,81.9,3.28,5.45
DRS Dakar,Pikine,Octobre 2023,28.85,29.36,28.35,32.87,80.05,3.14,5.5
DRS Dakar,Pikine,Novembre 2023,27.16,28.48,26.02,0.79,73.56,4.24,5.53
DRS Dakar,Pikine,Décembre 2023,24.6,26.66,22.99,1.99,70.36,5.08,5.12
DRS Dakar,Pikine,Janvier 2024,23.92,26.38,22.21,1.58,73.19,4.36,5.15
DRS Dakar,Pikine,Février 2024,23.93,27.07,21.98,0.24,70.57,4.84,5.79
DRS Dakar,Pikine,Mars 2024,21.04,22.13,20.21,0.0,84.64,5.34,6.67
DRS Dakar,Pikine,Avril 2024,22.55,24.44,21.39,0.3,82.55,5.0,6.87
DRS Dakar,Pikine,Mai 2024,23.95,25.08,23.12,0.45,84.63,4.49,6.76
DRS Dakar,Pikine,Juin 2024,25.02,25.8,24.33,44.51,84.45,4.41,6.26
DRS Dakar,Pikine,Juillet 2024,27.01,27.53,26.45,125.27,84.38,4.2,5.43
DRS Dakar,Pikine,Août 2024,28.09,28.51,27.65,103.83,82.89,4.41,5.23
DRS Dakar,Pikine,Septembre 2024,28.01,28.59,27.44,245.85,82.93,3.88,4.95
DRS Dakar,Pikine,Octobre 2024,28.12,28.98,27.38,83.74,82.32,3.37,5.21
DRS Dakar,Pikine,Novembre 2024,26.92,29.06,25.21,0.31,75.45,3.75,5.49
DRS Dakar,Pikine,Décembre 2024,24.75,26.81,23.02,0.36,64.61,5.05,4.29
DRS Dakar,Pikine,Janvier 2025,21.57,24.29,19.68,0.04,69.84,5.31,5.51
DRS Dakar,Pikine,Février 2025,19.89,22.35,18.16,1.74,75.22,5.58,6.06
DRS Dakar,Pikine,Mars 2025,20.0,20.87,19.37,262.78,84.06,6.48,6.42
DRS Dakar,Pikine,Avril 2025,20.94,22.05,20.21,1.86,88.78,5.26,6.74
DRS Dakar,Pikine,Mai 2025,22.44,23.34,21.76,2.15,88.05,4.47,6.41
DRS Dakar,Pikine,Juin 2025,25.21,26.02,24.45,331.95,86.93,3.98,6.4
DRS Dakar,Pikine,Juillet 2025,26.85,27.43,26.27,224.31,82.65,4.17,5.99
DRS Dakar,Pikine,Août 2025,27.7,28.2,27.18,262.57,85.04,3.87,5.56
DRS Dakar,Pikine,Septembre 2025,28.53,29.04,28.04,181.45,81.88,3.14,5.38
DRS Dakar,Pikine,Octobre 2025,28.9,29.5,28.33,47.09,79.79,3.26,5.83
DRS Dakar,Pikine,Novembre 2025,27.56,28.48,26.67,3.15,73.15,4.29,4.43
DRS Dakar,Pikine,Décembre 2025,21.88,23.39,20.68,3.07,73.75,5.9,4.69
DRS Dakar,Pikine,Janvier 2026,20.33,22.33,19.02,2.95,77.57,5.57,5.05
DRS Dakar,Pikine,Février 2026,21.16,24.56,19.28,0.85,75.96,4.64,6.0
DRS Dakar,Pikine,Mars 2026,20.26,21.37,19.5,0.57,84.62,5.31,6.47
DRS Dakar,Pikine,Avril 2026,21.72,23.67,20.57,4.54,81.34,5.66,7.11
DRS Dakar,Pikine,Mai 2026,22.15,23.14,21.42,2.6,87.62,4.37,6.63
DRS Dakar,Pikine,Juin 2026,24.98,25.9,24.16,3.08,86.56,3.83,5.58
DRS Dakar,Pikine,Juillet 2026,27.29,28.2,26.55,38.2,82.03,3.77,5.6
DRS Dakar,Pikine,Août 2026,27.95,28.6,27.47,5.58,81.85,4.7,4.9
DRS Dakar,Rufisque,Janvier 2021,21.04,23.28,19.53,0.06,71.73,5.4,5.13
DRS Dakar,Rufisque,Février 2021,19.87,22.08,18.72,1.68,78.41,5.11,5.25
DRS Dakar,Rufisque,Mars 2021,19.75,21.1,18.93,8.03,84.41,5.43,6.81
DRS Dakar,Rufisque,Avril 2021,20.2,21.21,19.62,0.39,89.08,4.79,7.11
DRS Dakar,Rufisque,Mai 2021,21.0,21.63,20.55,0.97,89.98,4.55,6.59
DRS Dakar,Rufisque,Juin 2021,24.56,25.01,24.13,40.94,88.71,3.76,5.9
DRS Dakar,Rufisque,Juillet 2021,26.46,26.84,26.12,37.93,82.61,4.11,5.92
DRS Dakar,Rufisque,Août 2021,27.49,27.87,27.13,276.57,84.46,3.91,5.32
DRS Dakar,Rufisque,Septembre 2021,28.19,28.59,27.79,198.16,82.51,3.25,5.81
DRS Dakar,Rufisque,Octobre 2021,28.38,28.98,27.79,44.37,79.19,3.5,5.32
DRS Dakar,Rufisque,Novembre 2021,27.18,28.03,26.43,5.22,76.25,4.24,5.22
DRS Dakar,Rufisque,Décembre 2021,24.69,26.57,23.28,2.21,73.86,4.5,4.35
DRS Dakar,Rufisque,Janvier 2022,24.16,25.9,22.71,1.09,70.39,5.0,4.85
DRS Dakar,Rufisque,Février 2022,22.0,24.07,20.63,0.62,72.83,5.25,5.97
DRS Dakar,Rufisque,Mars 2022,18.91,20.28,18.08,1.64,84.11,5.55,6.46
DRS Dakar,Rufisque,Avril 2022,19.91,20.89,19.27,0.1,88.4,5.19,6.99
DRS Dakar,Rufisque,Mai 2022,22.37,23.06,21.84,18.51,89.7,4.05,6.58
DRS Dakar,Rufisque,Juin 2022,25.46,25.92,25.04,80.46,87.79,3.94,5.98
DRS Dakar,Rufisque,Juillet 2022,26.98,27.32,26.6,123.7,84.09,4.54,5.59
DRS Dakar,Rufisque,Août 2022,27.76,28.11,27.41,232.2,83.5,4.47,5.31
DRS Dakar,Rufisque,Septembre 2022,27.91,28.27,27.54,231.06,83.65,4.02,5.36
DRS Dakar,Rufisque,Octobre 2022,28.28,28.87,27.72,84.05,80.15,3.13,5.46
DRS Dakar,Rufisque,Novembre 2022,27.42,28.88,26.02,0.96,68.77,3.8,5.08
DRS Dakar,Rufisque,Décembre 2022,25.0,26.57,23.43,4.51,71.63,4.6,5.38
DRS Dakar,Rufisque,Janvier 2023,22.75,24.72,21.15,1.86,69.1,4.64,4.94
DRS Dakar,Rufisque,Février 2023,19.68,21.16,18.79,0.55,82.58,5.71,5.48
DRS Dakar,Rufisque,Mars 2023,21.04,22.76,20.1,0.61,86.09,3.75,6.82
DRS Dakar,Rufisque,Avril 2023,21.79,23.14,21.06,0.35,86.73,4.68,6.8
DRS Dakar,Rufisque,Mai 2023,24.18,24.93,23.57,0.54,86.15,4.6,6.52
DRS Dakar,Rufisque,Juin 2023,26.32,26.7,25.95,12.09,84.91,4.55,6.63
DRS Dakar,Rufisque,Juillet 2023,28.02,28.43,27.6,152.82,83.01,3.77,5.71
DRS Dakar,Rufisque,Août 2023,28.25,28.57,27.92,282.91,84.17,4.22,5.4
DRS Dakar,Rufisque,Septembre 2023,28.7,29.13,28.25,187.15,81.79,3.25,5.45
DRS Dakar,Rufisque,Octobre 2023,28.97,29.39,28.56,36.64,79.38,3.05,5.5
DRS Dakar,Rufisque,Novembre 2023,27.58,28.69,26.48,0.89,73.43,4.19,5.53
DRS Dakar,Rufisque,Décembre 2023,25.07,27.12,23.37,1.13,69.46,4.96,5.12
DRS Dakar,Rufisque,Janvier 2024,24.26,26.45,22.61,1.75,72.33,4.34,5.15
DRS Dakar,Rufisque,Février 2024,24.09,26.8,22.36,0.2,70.34,4.67,5.79
DRS Dakar,Rufisque,Mars 2024,20.79,21.63,20.15,0.0,86.83,5.32,6.67
DRS Dakar,Rufisque,Avril 2024,21.76,23.19,20.98,0.27,85.82,4.6,6.87
DRS Dakar,Rufisque,Mai 2024,23.62,24.33,23.11,0.52,87.53,4.31,6.76
DRS Dakar,Rufisque,Juin 2024,25.1,25.44,24.7,102.46,86.08,4.38,6.26
DRS Dakar,Rufisque,Juillet 2024,27.13,27.43,26.8,109.11,85.24,4.37,5.43
DRS Dakar,Rufisque,Août 2024,28.02,28.35,27.7,140.81,84.06,4.63,5.23
DRS Dakar,Rufisque,Septembre 2024,27.99,28.38,27.58,234.28,83.62,3.99,4.95
DRS Dakar,Rufisque,Octobre 2024,28.17,28.77,27.63,83.83,82.39,3.36,5.21
DRS Dakar,Rufisque,Novembre 2024,27.33,28.66,26.09,0.15,76.78,3.51,5.49
DRS Dakar,Rufisque,Décembre 2024,25.34,27.14,23.74,0.45,63.84,4.96,4.29
DRS Dakar,Rufisque,Janvier 2025,22.05,24.59,20.16,0.03,68.95,5.28,5.51
DRS Dakar,Rufisque,Février 2025,20.03,22.38,18.42,0.29,73.98,5.45,6.06
DRS Dakar,Rufisque,Mars 2025,19.53,20.21,19.04,52.58,86.47,6.02,6.42
DRS Dakar,Rufisque,Avril 2025,20.56,21.49,20.0,0.59,90.18,5.07,6.74
DRS Dakar,Rufisque,Mai 2025,22.24,22.84,21.79,4.74,90.28,4.39,6.41
DRS Dakar,Rufisque,Juin 2025,25.47,25.91,24.99,75.58,87.62,4.12,6.4
DRS Dakar,Rufisque,Juillet 2025,27.12,27.56,26.74,73.33,82.9,4.43,5.99
DRS Dakar,Rufisque,Août 2025,27.67,28.04,27.23,296.38,85.23,4.21,5.56
DRS Dakar,Rufisque,Septembre 2025,28.38,28.78,28.03,192.86,82.68,3.34,5.38
DRS Dakar,Rufisque,Octobre 2025,29.0,29.44,28.58,42.96,79.74,3.27,5.83
DRS Dakar,Rufisque,Novembre 2025,27.95,28.87,27.1,4.24,71.78,4.47,4.43
DRS Dakar,Rufisque,Décembre 2025,22.64,24.31,21.36,3.76,71.96,6.1,4.69
DRS Dakar,Rufisque,Janvier 2026,20.72,22.93,19.35,1.45,76.09,5.54,5.05
DRS Dakar,Rufisque,Février 2026,21.27,24.51,19.56,1.09,75.68,4.56,6.0
DRS Dakar,Rufisque,Mars 2026,19.76,20.57,19.21,0.22,87.15,5.15,6.47
DRS Dakar,Rufisque,Avril 2026,21.19,22.68,20.33,1.54,83.97,5.39,7.11
DRS Dakar,Rufisque,Mai 2026,21.6,22.19,21.11,5.46,90.85,4.12,6.63
DRS Dakar,Rufisque,Juin 2026,25.03,25.48,24.58,6.88,88.41,4.09,5.58
DRS Dakar,Rufisque,Juillet 2026,27.43,27.91,26.95,51.25,82.81,3.89,5.6
DRS Dakar,Rufisque,Août 2026,27.93,28.25,27.6,6.45,82.69,4.91,4.9
DRS Dakar,Sangalkam,Janvier 2021,20.77,22.87,19.31,0.16,72.73,5.53,5.13
DRS Dakar,Sangalkam,Février 2021,19.81,22.05,18.6,2.28,78.49,5.27,5.25
DRS Dakar,Sangalkam,Mars 2021,19.99,21.51,18.97,11.94,82.97,5.69,6.81
DRS Dakar,Sangalkam,Avril 2021,20.58,21.78,19.79,1.15,86.83,5.34,7.11
DRS Dakar,Sangalkam,Mai 2021,21.35,22.29,20.65,1.04,87.25,4.68,6.59
DRS Dakar,Sangalkam,Juin 2021,24.5,25.43,23.75,68.34,86.39,3.81,5.9
DRS Dakar,Sangalkam,Juillet 2021,26.27,26.9,25.64,22.4,81.1,4.01,5.92
DRS Dakar,Sangalkam,Août 2021,27.55,28.02,27.06,291.42,83.69,3.65,5.32
DRS Dakar,Sangalkam,Septembre 2021,28.23,28.82,27.73,177.58,82.31,3.22,5.81
DRS Dakar,Sangalkam,Octobre 2021,28.13,29.06,27.37,29.26,79.72,3.54,5.32
DRS Dakar,Sangalkam,Novembre 2021,26.8,27.99,25.89,8.41,76.67,4.22,5.22
DRS Dakar,Sangalkam,Décembre 2021,24.37,26.66,22.83,2.63,73.54,4.63,4.35
DRS Dakar,Sangalkam,Janvier 2022,23.93,26.07,22.39,2.12,69.77,5.06,4.85
DRS Dakar,Sangalkam,Février 2022,22.25,24.71,20.74,1.48,71.65,5.6,5.97
DRS Dakar,Sangalkam,Mars 2022,19.31,20.77,18.34,2.39,83.19,5.79,6.46
DRS Dakar,Sangalkam,Avril 2022,20.39,21.55,19.56,0.33,86.14,5.51,6.99
DRS Dakar,Sangalkam,Mai 2022,22.63,24.05,21.76,6.91,86.63,3.98,6.58
DRS Dakar,Sangalkam,Juin 2022,25.21,26.16,24.49,52.69,86.8,3.77,5.98
DRS Dakar,Sangalkam,Juillet 2022,26.78,27.37,26.19,130.08,82.73,4.31,5.59
DRS Dakar,Sangalkam,Août 2022,27.79,28.21,27.33,200.89,82.44,4.13,5.31
DRS Dakar,Sangalkam,Septembre 2022,27.96,28.48,27.44,182.5,83.49,3.82,5.36
DRS Dakar,Sangalkam,Octobre 2022,28.19,29.02,27.44,55.53,80.23,3.14,5.46
DRS Dakar,Sangalkam,Novembre 2022,27.08,28.93,25.48,0.53,70.09,3.92,5.08
DRS Dakar,Sangalkam,Décembre 2022,25.05,26.98,23.42,5.29,70.66,4.83,5.38
DRS Dakar,Sangalkam,Janvier 2023,22.8,24.96,21.17,4.42,68.29,4.98,4.94
DRS Dakar,Sangalkam,Février 2023,19.82,21.24,18.88,2.04,81.78,5.96,5.48
DRS Dakar,Sangalkam,Mars 2023,21.57,23.69,20.32,0.62,83.47,3.94,6.82
DRS Dakar,Sangalkam,Avril 2023,22.25,23.89,21.34,1.09,84.09,4.82,6.8
DRS Dakar,Sangalkam,Mai 2023,24.34,25.45,23.52,0.91,83.41,4.93,6.52
DRS Dakar,Sangalkam,Juin 2023,26.16,26.96,25.5,5.74,83.63,4.49,6.63
DRS Dakar,Sangalkam,Juillet 2023,28.0,28.52,27.44,213.99,81.81,3.65,5.71
DRS Dakar,Sangalkam,Août 2023,28.15,28.58,27.67,324.81,84.07,4.04,5.4
DRS Dakar,Sangalkam,Septembre 2023,28.68,29.2,28.19,192.78,81.9,3.28,5.45
DRS Dakar,Sangalkam,Octobre 2023,28.85,29.36,28.35,32.87,80.05,3.14,5.5
DRS Dakar,Sangalkam,Novembre 2023,27.16,28.48,26.02,0.79,73.56,4.24,5.53
DRS Dakar,Sangalkam,Décembre 2023,24.6,26.66,22.99,1.99,70.36,5.08,5.12
DRS Dakar,Sangalkam,Janvier 2024,23.92,26.38,22.21,1.58,73.19,4.36,5.15
DRS Dakar,Sangalkam,Février 2024,23.93,27.07,21.98,0.24,70.57,4.84,5.79
DRS Dakar,Sangalkam,Mars 2024,21.04,22.13,20.21,0.0,84.64,5.34,6.67
DRS Dakar,Sangalkam,Avril 2024,22.55,24.44,21.39,0.3,82.55,5.0,6.87
DRS Dakar,Sangalkam,Mai 2024,23.95,25.08,23.12,0.45,84.63,4.49,6.76
DRS Dakar,Sangalkam,Juin 2024,25.02,25.8,24.33,44.51,84.45,4.41,6.26
DRS Dakar,Sangalkam,Juillet 2024,27.01,27.53,26.45,125.27,84.38,4.2,5.43
DRS Dakar,Sangalkam,Août 2024,28.09,28.51,27.65,103.83,82.89,4.41,5.23
DRS Dakar,Sangalkam,Septembre 2024,28.01,28.59,27.44,245.85,82.93,3.88,4.95
DRS Dakar,Sangalkam,Octobre 2024,28.12,28.98,27.38,83.74,82.32,3.37,5.21
DRS Dakar,Sangalkam,Novembre 2024,26.92,29.06,25.21,0.31,75.45,3.75,5.49
DRS Dakar,Sangalkam,Décembre 2024,24.75,26.81,23.02,0.36,64.61,5.05,4.29
DRS Dakar,Sangalkam,Janvier 2025,21.57,24.29,19.68,0.04,69.84,5.31,5.51
DRS Dakar,Sangalkam,Février 2025,19.89,22.35,18.16,1.74,75.22,5.58,6.06
DRS Dakar,Sangalkam,Mars 2025,20.0,20.87,19.37,262.78,84.06,6.48,6.42
DRS Dakar,Sangalkam,Avril 2025,20.94,22.05,20.21,1.86,88.78,5.26,6.74
DRS Dakar,Sangalkam,Mai 2025,22.44,23.34,21.76,2.15,88.05,4.47,6.41
DRS Dakar,Sangalkam,Juin 2025,25.21,26.02,24.45,331.95,86.93,3.98,6.4
DRS Dakar,Sangalkam,Juillet 2025,26.85,27.43,26.27,224.31,82.65,4.17,5.99
DRS Dakar,Sangalkam,Août 2025,27.7,28.2,27.18,262.57,85.04,3.87,5.56
DRS Dakar,Sangalkam,Septembre 2025,28.53,29.04,28.04,181.45,81.88,3.14,5.38
DRS Dakar,Sangalkam,Octobre 2025,28.9,29.5,28.33,47.09,79.79,3.26,5.83
DRS Dakar,Sangalkam,Novembre 2025,27.56,28.48,26.67,3.15,73.15,4.29,4.43
DRS Dakar,Sangalkam,Décembre 2025,21.88,23.39,20.68,3.07,73.75,5.9,4.69
DRS Dakar,Sangalkam,Janvier 2026,20.33,22.33,19.02,2.95,77.57,5.57,5.05
DRS Dakar,Sangalkam,Février 2026,21.16,24.56,19.28,0.85,75.96,4.64,6.0
DRS Dakar,Sangalkam,Mars 2026,20.26,21.37,19.5,0.57,84.62,5.31,6.47
DRS Dakar,Sangalkam,Avril 2026,21.72,23.67,20.57,4.54,81.34,5.66,7.11
DRS Dakar,Sangalkam,Mai 2026,22.15,23.14,21.42,2.6,87.62,4.37,6.63
DRS Dakar,Sangalkam,Juin 2026,24.98,25.9,24.16,3.08,86.56,3.83,5.58
DRS Dakar,Sangalkam,Juillet 2026,27.29,28.2,26.55,38.2,82.03,3.77,5.6
DRS Dakar,Sangalkam,Août 2026,27.95,28.6,27.47,5.58,81.85,4.7,4.9
DRS Dakar,Yeumbeul,Janvier 2021,20.77,22.87,19.31,0.16,72.73,5.53,5.13
DRS Dakar,Yeumbeul,Février 2021,19.81,22.05,18.6,2.28,78.49,5.27,5.25
DRS Dakar,Yeumbeul,Mars 2021,19.99,21.51,18.97,11.94,82.97,5.69,6.81
DRS Dakar,Yeumbeul,Avril 2021,20.58,21.78,19.79,1.15,86.83,5.34,7.11
DRS Dakar,Yeumbeul,Mai 2021,21.35,22.29,20.65,1.04,87.25,4.68,6.59
DRS Dakar,Yeumbeul,Juin 2021,24.5,25.43,23.75,68.34,86.39,3.81,5.9
DRS Dakar,Yeumbeul,Juillet 2021,26.27,26.9,25.64,22.4,81.1,4.01,5.92
DRS Dakar,Yeumbeul,Août 2021,27.55,28.02,27.06,291.42,83.69,3.65,5.32
DRS Dakar,Yeumbeul,Septembre 2021,28.23,28.82,27.73,177.58,82.31,3.22,5.81
DRS Dakar,Yeumbeul,Octobre 2021,28.13,29.06,27.37,29.26,79.72,3.54,5.32
DRS Dakar,Yeumbeul,Novembre 2021,26.8,27.99,25.89,8.41,76.67,4.22,5.22
DRS Dakar,Yeumbeul,Décembre 2021,24.37,26.66,22.83,2.63,73.54,4.63,4.35
DRS Dakar,Yeumbeul,Janvier 2022,23.93,26.07,22.39,2.12,69.77,5.06,4.85
DRS Dakar,Yeumbeul,Février 2022,22.25,24.71,20.74,1.48,71.65,5.6,5.97
DRS Dakar,Yeumbeul,Mars 2022,19.31,20.77,18.34,2.39,83.19,5.79,6.46
DRS Dakar,Yeumbeul,Avril 2022,20.39,21.55,19.56,0.33,86.14,5.51,6.99
DRS Dakar,Yeumbeul,Mai 2022,22.63,24.05,21.76,6.91,86.63,3.98,6.58
DRS Dakar,Yeumbeul,Juin 2022,25.21,26.16,24.49,52.69,86.8,3.77,5.98
DRS Dakar,Yeumbeul,Juillet 2022,26.78,27.37,26.19,130.08,82.73,4.31,5.59
DRS Dakar,Yeumbeul,Août 2022,27.79,28.21,27.33,200.89,82.44,4.13,5.31
DRS Dakar,Yeumbeul,Septembre 2022,27.96,28.48,27.44,182.5,83.49,3.82,5.36
DRS Dakar,Yeumbeul,Octobre 2022,28.19,29.02,27.44,55.53,80.23,3.14,5.46
DRS Dakar,Yeumbeul,Novembre 2022,27.08,28.93,25.48,0.53,70.09,3.92,5.08
DRS Dakar,Yeumbeul,Décembre 2022,25.05,26.98,23.42,5.29,70.66,4.83,5.38
DRS Dakar,Yeumbeul,Janvier 2023,22.8,24.96,21.17,4.42,68.29,4.98,4.94
DRS Dakar,Yeumbeul,Février 2023,19.82,21.24,18.88,2.04,81.78,5.96,5.48
DRS Dakar,Yeumbeul,Mars 2023,21.57,23.69,20.32,0.62,83.47,3.94,6.82
DRS Dakar,Yeumbeul,Avril 2023,22.25,23.89,21.34,1.09,84.09,4.82,6.8
DRS Dakar,Yeumbeul,Mai 2023,24.34,25.45,23.52,0.91,83.41,4.93,6.52
DRS Dakar,Yeumbeul,Juin 2023,26.16,26.96,25.5,5.74,83.63,4.49,6.63
DRS Dakar,Yeumbeul,Juillet 2023,28.0,28.52,27.44,213.99,81.81,3.65,5.71
DRS Dakar,Yeumbeul,Août 2023,28.15,28.58,27.67,324.81,84.07,4.04,5.4
DRS Dakar,Yeumbeul,Septembre 2023,28.68,29.2,28.19,192.78,81.9,3.28,5.45
DRS Dakar,Yeumbeul,Octobre 2023,28.85,29.36,28.35,32.87,80.05,3.14,5.5
DRS Dakar,Yeumbeul,Novembre 2023,27.16,28.48,26.02,0.79,73.56,4.24,5.53
DRS Dakar,Yeumbeul,Décembre 2023,24.6,26.66,22.99,1.99,70.36,5.08,5.12
DRS Dakar,Yeumbeul,Janvier 2024,23.92,26.38,22.21,1.58,73.19,4.36,5.15
DRS Dakar,Yeumbeul,Février 2024,23.93,27.07,21.98,0.24,70.57,4.84,5.79
DRS Dakar,Yeumbeul,Mars 2024,21.04,22.13,20.21,0.0,84.64,5.34,6.67
DRS Dakar,Yeumbeul,Avril 2024,22.55,24.44,21.39,0.3,82.55,5.0,6.87
DRS Dakar,Yeumbeul,Mai 2024,23.95,25.08,23.12,0.45,84.63,4.49,6.76
DRS Dakar,Yeumbeul,Juin 2024,25.02,25.8,24.33,44.51,84.45,4.41,6.26
DRS Dakar,Yeumbeul,Juillet 2024,27.01,27.53,26.45,125.27,84.38,4.2,5.43
DRS Dakar,Yeumbeul,Août 2024,28.09,28.51,27.65,103.83,82.89,4.41,5.23
DRS Dakar,Yeumbeul,Septembre 2024,28.01,28.59,27.44,245.85,82.93,3.88,4.95
DRS Dakar,Yeumbeul,Octobre 2024,28.12,28.98,27.38,83.74,82.32,3.37,5.21
DRS Dakar,Yeumbeul,Novembre 2024,26.92,29.06,25.21,0.31,75.45,3.75,5.49
DRS Dakar,Yeumbeul,Décembre 2024,24.75,26.81,23.02,0.36,64.61,5.05,4.29
DRS Dakar,Yeumbeul,Janvier 2025,21.57,24.29,19.68,0.04,69.84,5.31,5.51
DRS Dakar,Yeumbeul,Février 2025,19.89,22.35,18.16,1.74,75.22,5.58,6.06
DRS Dakar,Yeumbeul,Mars 2025,20.0,20.87,19.37,262.78,84.06,6.48,6.42
DRS Dakar,Yeumbeul,Avril 2025,20.94,22.05,20.21,1.86,88.78,5.26,6.74
DRS Dakar,Yeumbeul,Mai 2025,22.44,23.34,21.76,2.15,88.05,4.47,6.41
DRS Dakar,Yeumbeul,Juin 2025,25.21,26.02,24.45,331.95,86.93,3.98,6.4
DRS Dakar,Yeumbeul,Juillet 2025,26.85,27.43,26.27,224.31,82.65,4.17,5.99
DRS Dakar,Yeumbeul,Août 2025,27.7,28.2,27.18,262.57,85.04,3.87,5.56
DRS Dakar,Yeumbeul,Septembre 2025,28.53,29.04,28.04,181.45,81.88,3.14,5.38
DRS Dakar,Yeumbeul,Octobre 2025,28.9,29.5,28.33,47.09,79.79,3.26,5.83
DRS Dakar,Yeumbeul,Novembre 2025,27.56,28.48,26.67,3.15,73.15,4.29,4.43
DRS Dakar,Yeumbeul,Décembre 2025,21.88,23.39,20.68,3.07,73.75,5.9,4.69
DRS Dakar,Yeumbeul,Janvier 2026,20.33,22.33,19.02,2.95,77.57,5.57,5.05
DRS Dakar,Yeumbeul,Février 2026,21.16,24.56,19.28,0.85,75.96,4.64,6.0
DRS Dakar,Yeumbeul,Mars 2026,20.26,21.37,19.5,0.57,84.62,5.31,6.47
DRS Dakar,Yeumbeul,Avril 2026,21.72,23.67,20.57,4.54,81.34,5.66,7.11
DRS Dakar,Yeumbeul,Mai 2026,22.15,23.14,21.42,2.6,87.62,4.37,6.63
DRS Dakar,Yeumbeul,Juin 2026,24.98,25.9,24.16,3.08,86.56,3.83,5.58
DRS Dakar,Yeumbeul,Juillet 2026,27.29,28.2,26.55,38.2,82.03,3.77,5.6
DRS Dakar,Yeumbeul,Août 2026,27.95,28.6,27.47,5.58,81.85,4.7,4.9
DRS Diourbel,Bambey,Janvier 2021,24.26,33.75,17.11,0.0,31.98,3.59,5.45
DRS Diourbel,Bambey,Février 2021,26.08,36.14,18.25,0.0,26.06,3.37,5.52
DRS Diourbel,Bambey,Mars 2021,27.03,37.96,18.58,6.48,37.19,3.78,6.91
DRS Diourbel,Bambey,Avril 2021,29.18,40.98,20.15,0.0,40.41,3.76,7.27
DRS Diourbel,Bambey,Mai 2021,29.22,40.09,20.78,0.32,45.3,3.97,6.85
DRS Diourbel,Bambey,Juin 2021,30.32,38.04,24.09,49.78,55.32,3.36,6.24
DRS Diourbel,Bambey,Juillet 2021,29.65,35.84,24.81,39.09,62.25,3.08,6.31
DRS Diourbel,Bambey,Août 2021,27.51,31.49,24.44,320.9,82.49,1.95,5.61
DRS Diourbel,Bambey,Septembre 2021,27.55,31.47,24.37,193.98,83.86,1.51,5.91
DRS Diourbel,Bambey,Octobre 2021,27.95,33.55,23.71,41.13,74.17,1.54,5.47
DRS Diourbel,Bambey,Novembre 2021,27.67,34.98,21.85,2.96,56.83,1.84,5.43
DRS Diourbel,Bambey,Décembre 2021,26.03,34.1,19.64,0.06,39.11,2.59,4.73
DRS Diourbel,Bambey,Janvier 2022,25.59,34.64,18.45,0.0,31.91,3.17,5.17
DRS Diourbel,Bambey,Février 2022,26.06,36.21,18.12,0.0,27.18,3.75,6.15
DRS Diourbel,Bambey,Mars 2022,27.15,38.16,18.39,0.0,32.6,3.94,6.56
DRS Diourbel,Bambey,Avril 2022,29.37,40.56,20.45,0.0,37.59,4.17,7.06
DRS Diourbel,Bambey,Mai 2022,30.54,40.56,22.37,18.19,44.7,3.43,6.83
DRS Diourbel,Bambey,Juin 2022,29.93,36.94,24.49,65.5,60.2,3.48,6.21
DRS Diourbel,Bambey,Juillet 2022,29.1,34.26,25.0,155.53,69.19,3.01,5.83
DRS Diourbel,Bambey,Août 2022,27.43,31.27,24.48,260.68,82.88,2.21,4.88
DRS Diourbel,Bambey,Septembre 2022,27.15,30.83,24.26,257.51,85.96,1.67,5.53
DRS Diourbel,Bambey,Octobre 2022,27.25,31.96,23.56,84.65,79.98,1.35,5.66
DRS Diourbel,Bambey,Novembre 2022,25.32,33.31,19.02,0.0,54.49,1.8,5.28
DRS Diourbel,Bambey,Décembre 2022,24.3,33.26,17.38,5.09,48.3,2.44,5.44
DRS Diourbel,Bambey,Janvier 2023,24.09,33.23,17.12,0.02,36.02,3.15,5.16
DRS Diourbel,Bambey,Février 2023,26.31,36.26,18.68,0.0,33.31,3.68,5.66
DRS Diourbel,Bambey,Mars 2023,29.19,39.9,20.52,0.0,32.7,3.1,6.84
DRS Diourbel,Bambey,Avril 2023,30.27,40.44,22.18,0.0,38.88,3.85,7.05
DRS Diourbel,Bambey,Mai 2023,31.73,40.79,24.26,0.16,42.62,3.63,6.63
DRS Diourbel,Bambey,Juin 2023,31.45,39.48,25.15,15.45,52.96,3.86,6.62
DRS Diourbel,Bambey,Juillet 2023,29.38,34.21,25.65,146.3,71.98,2.43,5.97
DRS Diourbel,Bambey,Août 2023,28.25,32.37,25.08,310.63,81.38,2.36,5.46
DRS Diourbel,Bambey,Septembre 2023,27.52,31.02,24.74,183.96,85.86,1.52,5.59
DRS Diourbel,Bambey,Octobre 2023,27.92,32.43,24.37,31.09,79.23,1.3,5.59
DRS Diourbel,Bambey,Novembre 2023,26.45,35.54,19.27,0.15,51.56,1.9,5.68
DRS Diourbel,Bambey,Décembre 2023,24.63,34.2,17.13,0.0,34.14,2.59,5.24
DRS Diourbel,Bambey,Janvier 2024,25.14,35.26,17.39,0.0,33.48,2.71,5.32
DRS Diourbel,Bambey,Février 2024,27.58,38.42,18.98,0.0,24.94,3.21,5.99
DRS Diourbel,Bambey,Mars 2024,27.96,39.45,19.22,0.0,39.16,3.69,6.6
DRS Diourbel,Bambey,Avril 2024,30.74,41.87,21.86,0.12,37.7,3.77,6.9
DRS Diourbel,Bambey,Mai 2024,31.87,42.26,23.43,0.35,41.7,3.72,6.74
DRS Diourbel,Bambey,Juin 2024,29.25,37.1,23.18,100.19,60.99,3.52,6.48
DRS Diourbel,Bambey,Juillet 2024,28.75,33.66,24.94,118.37,74.29,2.98,5.53
DRS Diourbel,Bambey,Août 2024,28.29,32.56,25.06,146.35,79.53,2.49,5.24
DRS Diourbel,Bambey,Septembre 2024,27.86,31.92,24.69,235.44,81.24,2.0,4.77
DRS Diourbel,Bambey,Octobre 2024,28.03,33.29,23.93,82.48,75.2,1.56,5.55
DRS Diourbel,Bambey,Novembre 2024,27.79,36.31,20.97,0.0,51.9,1.86,5.64
DRS Diourbel,Bambey,Décembre 2024,24.94,33.26,18.62,0.65,35.67,2.89,4.49
DRS Diourbel,Bambey,Janvier 2025,24.84,34.85,16.97,0.0,25.22,3.52,5.65
DRS Diourbel,Bambey,Février 2025,25.72,36.49,17.34,0.01,25.68,3.82,6.18
DRS Diourbel,Bambey,Mars 2025,26.91,37.81,18.96,27.34,44.26,4.19,6.51
DRS Diourbel,Bambey,Avril 2025,29.33,39.76,21.22,0.03,45.59,4.14,6.81
DRS Diourbel,Bambey,Mai 2025,30.41,40.17,22.8,4.34,46.96,3.91,6.47
DRS Diourbel,Bambey,Juin 2025,30.69,38.46,24.3,77.97,56.63,3.2,6.52
DRS Diourbel,Bambey,Juillet 2025,29.04,34.05,24.99,85.76,69.49,2.81,6.12
DRS Diourbel,Bambey,Août 2025,27.9,31.92,24.74,280.84,81.76,2.11,5.45
DRS Diourbel,Bambey,Septembre 2025,27.67,31.34,24.7,179.81,84.33,1.49,5.19
DRS Diourbel,Bambey,Octobre 2025,28.84,34.6,24.24,33.04,72.74,1.34,6.01
DRS Diourbel,Bambey,Novembre 2025,26.78,33.85,21.63,2.39,55.64,2.28,4.69
DRS Diourbel,Bambey,Décembre 2025,23.07,31.18,16.9,0.15,41.78,3.43,4.89
DRS Diourbel,Bambey,Janvier 2026,24.26,33.35,17.23,0.76,34.32,3.82,5.19
DRS Diourbel,Bambey,Février 2026,26.71,37.54,18.11,0.0,25.84,3.24,6.11
DRS Diourbel,Bambey,Mars 2026,27.06,37.07,19.3,0.0,42.22,3.96,6.62
DRS Diourbel,Bambey,Avril 2026,29.45,40.59,20.61,0.67,33.94,4.1,7.21
DRS Diourbel,Bambey,Mai 2026,31.11,41.35,22.85,3.9,41.87,3.72,6.82
DRS Diourbel,Bambey,Juin 2026,31.64,39.82,24.85,5.84,50.36,3.39,6.18
DRS Diourbel,Bambey,Juillet 2026,30.22,36.05,25.95,137.54,64.9,2.47,5.85
DRS Diourbel,Bambey,Août 2026,29.45,35.3,25.51,14.25,69.75,2.61,6.12
DRS Diourbel,Diourbel,Janvier 2021,24.26,33.75,17.11,0.0,31.98,3.59,5.45
DRS Diourbel,Diourbel,Février 2021,26.08,36.14,18.25,0.0,26.06,3.37,5.52
DRS Diourbel,Diourbel,Mars 2021,27.03,37.96,18.58,6.48,37.19,3.78,6.91
DRS Diourbel,Diourbel,Avril 2021,29.18,40.98,20.15,0.0,40.41,3.76,7.27
DRS Diourbel,Diourbel,Mai 2021,29.22,40.09,20.78,0.32,45.3,3.97,6.85
DRS Diourbel,Diourbel,Juin 2021,30.32,38.04,24.09,49.78,55.32,3.36,6.24
DRS Diourbel,Diourbel,Juillet 2021,29.65,35.84,24.81,39.09,62.25,3.08,6.31
DRS Diourbel,Diourbel,Août 2021,27.51,31.49,24.44,320.9,82.49,1.95,5.61
DRS Diourbel,Diourbel,Septembre 2021,27.55,31.47,24.37,193.98,83.86,1.51,5.91
DRS Diourbel,Diourbel,Octobre 2021,27.95,33.55,23.71,41.13,74.17,1.54,5.47
DRS Diourbel,Diourbel,Novembre 2021,27.67,34.98,21.85,2.96,56.83,1.84,5.43
DRS Diourbel,Diourbel,Décembre 2021,26.03,34.1,19.64,0.06,39.11,2.59,4.73
DRS Diourbel,Diourbel,Janvier 2022,25.59,34.64,18.45,0.0,31.91,3.17,5.17
DRS Diourbel,Diourbel,Février 2022,26.06,36.21,18.12,0.0,27.18,3.75,6.15
DRS Diourbel,Diourbel,Mars 2022,27.15,38.16,18.39,0.0,32.6,3.94,6.56
DRS Diourbel,Diourbel,Avril 2022,29.37,40.56,20.45,0.0,37.59,4.17,7.06
DRS Diourbel,Diourbel,Mai 2022,30.54,40.56,22.37,18.19,44.7,3.43,6.83
DRS Diourbel,Diourbel,Juin 2022,29.93,36.94,24.49,65.5,60.2,3.48,6.21
DRS Diourbel,Diourbel,Juillet 2022,29.1,34.26,25.0,155.53,69.19,3.01,5.83
DRS Diourbel,Diourbel,Août 2022,27.43,31.27,24.48,260.68,82.88,2.21,4.88
DRS Diourbel,Diourbel,Septembre 2022,27.15,30.83,24.26,257.51,85.96,1.67,5.53
DRS Diourbel,Diourbel,Octobre 2022,27.25,31.96,23.56,84.65,79.98,1.35,5.66
DRS Diourbel,Diourbel,Novembre 2022,25.32,33.31,19.02,0.0,54.49,1.8,5.28
DRS Diourbel,Diourbel,Décembre 2022,24.3,33.26,17.38,5.09,48.3,2.44,5.44
DRS Diourbel,Diourbel,Janvier 2023,24.09,33.23,17.12,0.02,36.02,3.15,5.16
DRS Diourbel,Diourbel,Février 2023,26.31,36.26,18.68,0.0,33.31,3.68,5.66
DRS Diourbel,Diourbel,Mars 2023,29.19,39.9,20.52,0.0,32.7,3.1,6.84
DRS Diourbel,Diourbel,Avril 2023,30.27,40.44,22.18,0.0,38.88,3.85,7.05
DRS Diourbel,Diourbel,Mai 2023,31.73,40.79,24.26,0.16,42.62,3.63,6.63
DRS Diourbel,Diourbel,Juin 2023,31.45,39.48,25.15,15.45,52.96,3.86,6.62
DRS Diourbel,Diourbel,Juillet 2023,29.38,34.21,25.65,146.3,71.98,2.43,5.97
DRS Diourbel,Diourbel,Août 2023,28.25,32.37,25.08,310.63,81.38,2.36,5.46
DRS Diourbel,Diourbel,Septembre 2023,27.52,31.02,24.74,183.96,85.86,1.52,5.59
DRS Diourbel,Diourbel,Octobre 2023,27.92,32.43,24.37,31.09,79.23,1.3,5.59
DRS Diourbel,Diourbel,Novembre 2023,26.45,35.54,19.27,0.15,51.56,1.9,5.68
DRS Diourbel,Diourbel,Décembre 2023,24.63,34.2,17.13,0.0,34.14,2.59,5.24
DRS Diourbel,Diourbel,Janvier 2024,25.14,35.26,17.39,0.0,33.48,2.71,5.32
DRS Diourbel,Diourbel,Février 2024,27.58,38.42,18.98,0.0,24.94,3.21,5.99
DRS Diourbel,Diourbel,Mars 2024,27.96,39.45,19.22,0.0,39.16,3.69,6.6
DRS Diourbel,Diourbel,Avril 2024,30.74,41.87,21.86,0.12,37.7,3.77,6.9
DRS Diourbel,Diourbel,Mai 2024,31.87,42.26,23.43,0.35,41.7,3.72,6.74
DRS Diourbel,Diourbel,Juin 2024,29.25,37.1,23.18,100.19,60.99,3.52,6.48
DRS Diourbel,Diourbel,Juillet 2024,28.75,33.66,24.94,118.37,74.29,2.98,5.53
DRS Diourbel,Diourbel,Août 2024,28.29,32.56,25.06,146.35,79.53,2.49,5.24
DRS Diourbel,Diourbel,Septembre 2024,27.86,31.92,24.69,235.44,81.24,2.0,4.77
DRS Diourbel,Diourbel,Octobre 2024,28.03,33.29,23.93,82.48,75.2,1.56,5.55
DRS Diourbel,Diourbel,Novembre 2024,27.79,36.31,20.97,0.0,51.9,1.86,5.64
DRS Diourbel,Diourbel,Décembre 2024,24.94,33.26,18.62,0.65,35.67,2.89,4.49
DRS Diourbel,Diourbel,Janvier 2025,24.84,34.85,16.97,0.0,25.22,3.52,5.65
DRS Diourbel,Diourbel,Février 2025,25.72,36.49,17.34,0.01,25.68,3.82,6.18
DRS Diourbel,Diourbel,Mars 2025,26.91,37.81,18.96,27.34,44.26,4.19,6.51
DRS Diourbel,Diourbel,Avril 2025,29.33,39.76,21.22,0.03,45.59,4.14,6.81
DRS Diourbel,Diourbel,Mai 2025,30.41,40.17,22.8,4.34,46.96,3.91,6.47
DRS Diourbel,Diourbel,Juin 2025,30.69,38.46,24.3,77.97,56.63,3.2,6.52
DRS Diourbel,Diourbel,Juillet 2025,29.04,34.05,24.99,85.76,69.49,2.81,6.12
DRS Diourbel,Diourbel,Août 2025,27.9,31.92,24.74,280.84,81.76,2.11,5.45
DRS Diourbel,Diourbel,Septembre 2025,27.67,31.34,24.7,179.81,84.33,1.49,5.19
DRS Diourbel,Diourbel,Octobre 2025,28.84,34.6,24.24,33.04,72.74,1.34,6.01
DRS Diourbel,Diourbel,Novembre 2025,26.78,33.85,21.63,2.39,55.64,2.28,4.69
DRS Diourbel,Diourbel,Décembre 2025,23.07,31.18,16.9,0.15,41.78,3.43,4.89
DRS Diourbel,Diourbel,Janvier 2026,24.26,33.35,17.23,0.76,34.32,3.82,5.19
DRS Diourbel,Diourbel,Février 2026,26.71,37.54,18.11,0.0,25.84,3.24,6.11
DRS Diourbel,Diourbel,Mars 2026,27.06,37.07,19.3,0.0,42.22,3.96,6.62
DRS Diourbel,Diourbel,Avril 2026,29.45,40.59,20.61,0.67,33.94,4.1,7.21
DRS Diourbel,Diourbel,Mai 2026,31.11,41.35,22.85,3.9,41.87,3.72,6.82
DRS Diourbel,Diourbel,Juin 2026,31.64,39.82,24.85,5.84,50.36,3.39,6.18
DRS Diourbel,Diourbel,Juillet 2026,30.22,36.05,25.95,137.54,64.9,2.47,5.85
DRS Diourbel,Diourbel,Août 2026,29.45,35.3,25.51,14.25,69.75,2.61,6.12
DRS Diourbel,Mbacke,Janvier 2021,24.46,33.58,17.23,0.0,28.62,3.91,5.47
DRS Diourbel,Mbacke,Février 2021,26.44,36.07,18.48,0.0,21.67,3.5,5.55
DRS Diourbel,Mbacke,Mars 2021,28.02,38.22,19.48,2.57,29.04,3.63,6.73
DRS Diourbel,Mbacke,Avril 2021,30.75,41.6,21.52,0.0,30.74,3.84,7.19
DRS Diourbel,Mbacke,Mai 2021,30.78,41.16,22.04,0.06,36.58,4.06,6.78
DRS Diourbel,Mbacke,Juin 2021,31.74,39.5,24.78,61.7,46.91,3.43,6.19
DRS Diourbel,Mbacke,Juillet 2021,30.57,37.21,24.78,39.02,56.08,3.13,6.31
DRS Diourbel,Mbacke,Août 2021,27.55,31.48,24.28,469.03,81.57,1.92,5.78
DRS Diourbel,Mbacke,Septembre 2021,27.39,31.17,24.07,170.91,83.96,1.56,5.87
DRS Diourbel,Mbacke,Octobre 2021,27.28,32.37,23.16,29.02,76.12,1.54,5.37
DRS Diourbel,Mbacke,Novembre 2021,27.03,33.9,21.43,0.46,54.81,1.86,5.4
DRS Diourbel,Mbacke,Décembre 2021,25.77,33.59,19.62,0.16,35.84,2.79,4.82
DRS Diourbel,Mbacke,Janvier 2022,25.62,34.41,18.42,0.01,25.75,3.4,5.25
DRS Diourbel,Mbacke,Février 2022,26.23,36.01,18.38,0.0,22.47,3.82,6.16
DRS Diourbel,Mbacke,Mars 2022,27.83,38.07,19.1,0.0,25.32,3.83,6.5
DRS Diourbel,Mbacke,Avril 2022,30.55,40.82,21.7,0.0,29.77,4.22,7.09
DRS Diourbel,Mbacke,Mai 2022,32.01,41.36,23.47,4.63,34.61,3.53,6.95
DRS Diourbel,Mbacke,Juin 2022,31.98,39.14,25.61,40.31,47.79,3.66,6.26
DRS Diourbel,Mbacke,Juillet 2022,29.94,35.5,25.08,158.07,63.34,2.97,5.83
DRS Diourbel,Mbacke,Août 2022,27.74,31.75,24.36,208.54,79.55,2.14,5.34
DRS Diourbel,Mbacke,Septembre 2022,27.18,30.79,24.11,208.65,84.82,1.58,5.6
DRS Diourbel,Mbacke,Octobre 2022,27.24,32.1,23.33,51.86,77.06,1.45,5.61
DRS Diourbel,Mbacke,Novembre 2022,25.33,33.3,19.0,0.0,49.19,1.97,5.27
DRS Diourbel,Mbacke,Décembre 2022,24.91,33.93,17.69,14.75,39.49,2.69,5.35
DRS Diourbel,Mbacke,Janvier 2023,24.55,33.44,17.55,0.01,28.98,3.47,5.27
DRS Diourbel,Mbacke,Février 2023,27.04,36.21,19.55,0.0,24.77,3.81,5.67
DRS Diourbel,Mbacke,Mars 2023,30.03,40.07,21.19,0.0,24.46,3.32,6.81
DRS Diourbel,Mbacke,Avril 2023,31.25,40.67,22.98,0.01,31.22,3.97,7.0
DRS Diourbel,Mbacke,Mai 2023,32.84,41.4,25.1,0.32,34.79,3.62,6.48
DRS Diourbel,Mbacke,Juin 2023,33.19,41.27,25.95,8.96,42.91,3.85,6.61
DRS Diourbel,Mbacke,Juillet 2023,30.71,35.97,26.17,161.12,62.8,2.6,6.09
DRS Diourbel,Mbacke,Août 2023,28.36,32.62,24.8,290.82,79.38,2.34,5.61
DRS Diourbel,Mbacke,Septembre 2023,27.53,30.99,24.57,151.12,84.52,1.61,5.81
DRS Diourbel,Mbacke,Octobre 2023,27.86,32.41,23.85,19.13,75.86,1.35,5.5
DRS Diourbel,Mbacke,Novembre 2023,26.79,35.94,19.34,0.0,40.67,2.0,5.69
DRS Diourbel,Mbacke,Décembre 2023,25.41,34.99,17.97,0.0,24.2,3.02,5.19
DRS Diourbel,Mbacke,Janvier 2024,25.76,35.6,18.09,0.0,23.41,3.01,5.27
DRS Diourbel,Mbacke,Février 2024,27.94,38.37,19.47,0.0,16.65,3.46,6.07
DRS Diourbel,Mbacke,Mars 2024,29.01,39.61,20.23,0.0,29.18,3.49,6.53
DRS Diourbel,Mbacke,Avril 2024,31.95,42.35,23.03,0.0,29.9,3.94,6.85
DRS Diourbel,Mbacke,Mai 2024,33.19,43.11,24.42,0.0,32.95,3.68,6.87
DRS Diourbel,Mbacke,Juin 2024,31.75,40.32,24.31,17.39,46.09,3.91,6.45
DRS Diourbel,Mbacke,Juillet 2024,29.91,35.43,25.28,134.69,65.8,3.17,5.6
DRS Diourbel,Mbacke,Août 2024,28.9,33.53,25.02,121.4,74.48,2.51,5.45
DRS Diourbel,Mbacke,Septembre 2024,28.12,32.5,24.6,194.91,77.41,2.07,4.92
DRS Diourbel,Mbacke,Octobre 2024,28.18,33.61,23.69,58.5,70.34,1.59,5.6
DRS Diourbel,Mbacke,Novembre 2024,27.51,36.39,20.51,0.0,45.59,2.24,5.65
DRS Diourbel,Mbacke,Décembre 2024,25.02,33.15,18.67,4.56,30.59,3.27,4.52
DRS Diourbel,Mbacke,Janvier 2025,24.59,34.3,16.75,0.0,21.49,3.74,5.59
DRS Diourbel,Mbacke,Février 2025,25.82,36.23,17.41,0.0,21.89,3.74,6.09
DRS Diourbel,Mbacke,Mars 2025,28.24,38.31,20.07,1.41,35.65,3.96,6.51
DRS Diourbel,Mbacke,Avril 2025,31.07,40.97,22.53,0.01,37.33,4.19,6.81
DRS Diourbel,Mbacke,Mai 2025,32.25,41.6,24.13,3.07,38.28,3.91,6.44
DRS Diourbel,Mbacke,Juin 2025,28.85,35.3,23.22,906.65,68.23,2.81,6.55
DRS Diourbel,Mbacke,Juillet 2025,26.91,30.75,23.56,726.09,84.67,2.18,6.14
DRS Diourbel,Mbacke,Août 2025,27.12,30.54,24.11,267.74,87.35,1.85,5.44
DRS Diourbel,Mbacke,Septembre 2025,27.2,30.44,24.25,119.98,86.65,1.43,5.39
DRS Diourbel,Mbacke,Octobre 2025,27.34,32.07,23.18,24.27,78.89,1.33,5.97
DRS Diourbel,Mbacke,Novembre 2025,24.36,30.25,19.86,0.54,65.64,2.07,4.76
DRS Diourbel,Mbacke,Décembre 2025,21.55,29.05,15.78,1.41,47.3,3.23,4.87
DRS Diourbel,Mbacke,Janvier 2026,23.48,32.31,16.61,1.74,34.82,3.69,5.13
DRS Diourbel,Mbacke,Février 2026,26.5,37.13,18.01,0.0,22.53,3.34,6.06
DRS Diourbel,Mbacke,Mars 2026,27.55,36.93,19.67,0.0,36.98,3.77,6.55
DRS Diourbel,Mbacke,Avril 2026,30.39,40.55,21.5,0.17,25.63,3.96,7.21
DRS Diourbel,Mbacke,Mai 2026,32.84,42.4,24.13,0.16,32.82,3.57,6.83
DRS Diourbel,Mbacke,Juin 2026,33.16,40.92,25.7,2.56,41.78,3.22,6.01
DRS Diourbel,Mbacke,Juillet 2026,31.6,37.76,26.48,125.49,56.97,2.58,5.73
DRS Diourbel,Mbacke,Août 2026,30.58,37.14,25.59,6.25,64.33,2.78,6.3
DRS Diourbel,Touba,Janvier 2021,24.46,33.58,17.23,0.0,28.62,3.91,5.47
DRS Diourbel,Touba,Février 2021,26.44,36.07,18.48,0.0,21.67,3.5,5.55
DRS Diourbel,Touba,Mars 2021,28.02,38.22,19.48,2.57,29.04,3.63,6.73
DRS Diourbel,Touba,Avril 2021,30.75,41.6,21.52,0.0,30.74,3.84,7.19
DRS Diourbel,Touba,Mai 2021,30.78,41.16,22.04,0.06,36.58,4.06,6.78
DRS Diourbel,Touba,Juin 2021,31.74,39.5,24.78,61.7,46.91,3.43,6.19
DRS Diourbel,Touba,Juillet 2021,30.57,37.21,24.78,39.02,56.08,3.13,6.31
DRS Diourbel,Touba,Août 2021,27.55,31.48,24.28,469.03,81.57,1.92,5.78
DRS Diourbel,Touba,Septembre 2021,27.39,31.17,24.07,170.91,83.96,1.56,5.87
DRS Diourbel,Touba,Octobre 2021,27.28,32.37,23.16,29.02,76.12,1.54,5.37
DRS Diourbel,Touba,Novembre 2021,27.03,33.9,21.43,0.46,54.81,1.86,5.4
DRS Diourbel,Touba,Décembre 2021,25.77,33.59,19.62,0.16,35.84,2.79,4.82
DRS Diourbel,Touba,Janvier 2022,25.62,34.41,18.42,0.01,25.75,3.4,5.25
DRS Diourbel,Touba,Février 2022,26.23,36.01,18.38,0.0,22.47,3.82,6.16
DRS Diourbel,Touba,Mars 2022,27.83,38.07,19.1,0.0,25.32,3.83,6.5
DRS Diourbel,Touba,Avril 2022,30.55,40.82,21.7,0.0,29.77,4.22,7.09
DRS Diourbel,Touba,Mai 2022,32.01,41.36,23.47,4.63,34.61,3.53,6.95
DRS Diourbel,Touba,Juin 2022,31.98,39.14,25.61,40.31,47.79,3.66,6.26
DRS Diourbel,Touba,Juillet 2022,29.94,35.5,25.08,158.07,63.34,2.97,5.83
DRS Diourbel,Touba,Août 2022,27.74,31.75,24.36,208.54,79.55,2.14,5.34
DRS Diourbel,Touba,Septembre 2022,27.18,30.79,24.11,208.65,84.82,1.58,5.6
DRS Diourbel,Touba,Octobre 2022,27.24,32.1,23.33,51.86,77.06,1.45,5.61
DRS Diourbel,Touba,Novembre 2022,25.33,33.3,19.0,0.0,49.19,1.97,5.27
DRS Diourbel,Touba,Décembre 2022,24.91,33.93,17.69,14.75,39.49,2.69,5.35
DRS Diourbel,Touba,Janvier 2023,24.55,33.44,17.55,0.01,28.98,3.47,5.27
DRS Diourbel,Touba,Février 2023,27.04,36.21,19.55,0.0,24.77,3.81,5.67
DRS Diourbel,Touba,Mars 2023,30.03,40.07,21.19,0.0,24.46,3.32,6.81
DRS Diourbel,Touba,Avril 2023,31.25,40.67,22.98,0.01,31.22,3.97,7.0
DRS Diourbel,Touba,Mai 2023,32.84,41.4,25.1,0.32,34.79,3.62,6.48
DRS Diourbel,Touba,Juin 2023,33.19,41.27,25.95,8.96,42.91,3.85,6.61
DRS Diourbel,Touba,Juillet 2023,30.71,35.97,26.17,161.12,62.8,2.6,6.09
DRS Diourbel,Touba,Août 2023,28.36,32.62,24.8,290.82,79.38,2.34,5.61
DRS Diourbel,Touba,Septembre 2023,27.53,30.99,24.57,151.12,84.52,1.61,5.81
DRS Diourbel,Touba,Octobre 2023,27.86,32.41,23.85,19.13,75.86,1.35,5.5
DRS Diourbel,Touba,Novembre 2023,26.79,35.94,19.34,0.0,40.67,2.0,5.69
DRS Diourbel,Touba,Décembre 2023,25.41,34.99,17.97,0.0,24.2,3.02,5.19
DRS Diourbel,Touba,Janvier 2024,25.76,35.6,18.09,0.0,23.41,3.01,5.27
DRS Diourbel,Touba,Février 2024,27.94,38.37,19.47,0.0,16.65,3.46,6.07
DRS Diourbel,Touba,Mars 2024,29.01,39.61,20.23,0.0,29.18,3.49,6.53
DRS Diourbel,Touba,Avril 2024,31.95,42.35,23.03,0.0,29.9,3.94,6.85
DRS Diourbel,Touba,Mai 2024,33.19,43.11,24.42,0.0,32.95,3.68,6.87
DRS Diourbel,Touba,Juin 2024,31.75,40.32,24.31,17.39,46.09,3.91,6.45
DRS Diourbel,Touba,Juillet 2024,29.91,35.43,25.28,134.69,65.8,3.17,5.6
DRS Diourbel,Touba,Août 2024,28.9,33.53,25.02,121.4,74.48,2.51,5.45
DRS Diourbel,Touba,Septembre 2024,28.12,32.5,24.6,194.91,77.41,2.07,4.92
DRS Diourbel,Touba,Octobre 2024,28.18,33.61,23.69,58.5,70.34,1.59,5.6
DRS Diourbel,Touba,Novembre 2024,27.51,36.39,20.51,0.0,45.59,2.24,5.65
DRS Diourbel,Touba,Décembre 2024,25.02,33.15,18.67,4.56,30.59,3.27,4.52
DRS Diourbel,Touba,Janvier 2025,24.59,34.3,16.75,0.0,21.49,3.74,5.59
DRS Diourbel,Touba,Février 2025,25.82,36.23,17.41,0.0,21.89,3.74,6.09
DRS Diourbel,Touba,Mars 2025,28.24,38.31,20.07,1.41,35.65,3.96,6.51
DRS Diourbel,Touba,Avril 2025,31.07,40.97,22.53,0.01,37.33,4.19,6.81
DRS Diourbel,Touba,Mai 2025,32.25,41.6,24.13,3.07,38.28,3.91,6.44
DRS Diourbel,Touba,Juin 2025,28.85,35.3,23.22,906.65,68.23,2.81,6.55
DRS Diourbel,Touba,Juillet 2025,26.91,30.75,23.56,726.09,84.67,2.18,6.14
DRS Diourbel,Touba,Août 2025,27.12,30.54,24.11,267.74,87.35,1.85,5.44
DRS Diourbel,Touba,Septembre 2025,27.2,30.44,24.25,119.98,86.65,1.43,5.39
DRS Diourbel,Touba,Octobre 2025,27.34,32.07,23.18,24.27,78.89,1.33,5.97
DRS Diourbel,Touba,Novembre 2025,24.36,30.25,19.86,0.54,65.64,2.07,4.76
DRS Diourbel,Touba,Décembre 2025,21.55,29.05,15.78,1.41,47.3,3.23,4.87
DRS Diourbel,Touba,Janvier 2026,23.48,32.31,16.61,1.74,34.82,3.69,5.13
DRS Diourbel,Touba,Février 2026,26.5,37.13,18.01,0.0,22.53,3.34,6.06
DRS Diourbel,Touba,Mars 2026,27.55,36.93,19.67,0.0,36.98,3.77,6.55
DRS Diourbel,Touba,Avril 2026,30.39,40.55,21.5,0.17,25.63,3.96,7.21
DRS Diourbel,Touba,Mai 2026,32.84,42.4,24.13,0.16,32.82,3.57,6.83
DRS Diourbel,Touba,Juin 2026,33.16,40.92,25.7,2.56,41.78,3.22,6.01
DRS Diourbel,Touba,Juillet 2026,31.6,37.76,26.48,125.49,56.97,2.58,5.73
DRS Diourbel,Touba,Août 2026,30.58,37.14,25.59,6.25,64.33,2.78,6.3
DRS Fatick,Diakhao,Janvier 2021,24.26,33.75,17.11,0.0,31.98,3.59,5.45
DRS Fatick,Diakhao,Février 2021,26.08,36.14,18.25,0.0,26.06,3.37,5.52
DRS Fatick,Diakhao,Mars 2021,27.03,37.96,18.58,6.48,37.19,3.78,6.91
DRS Fatick,Diakhao,Avril 2021,29.18,40.98,20.15,0.0,40.41,3.76,7.27
DRS Fatick,Diakhao,Mai 2021,29.22,40.09,20.78,0.32,45.3,3.97,6.85
DRS Fatick,Diakhao,Juin 2021,30.32,38.04,24.09,49.78,55.32,3.36,6.24
DRS Fatick,Diakhao,Juillet 2021,29.65,35.84,24.81,39.09,62.25,3.08,6.31
DRS Fatick,Diakhao,Août 2021,27.51,31.49,24.44,320.9,82.49,1.95,5.61
DRS Fatick,Diakhao,Septembre 2021,27.55,31.47,24.37,193.98,83.86,1.51,5.91
DRS Fatick,Diakhao,Octobre 2021,27.95,33.55,23.71,41.13,74.17,1.54,5.47
DRS Fatick,Diakhao,Novembre 2021,27.67,34.98,21.85,2.96,56.83,1.84,5.43
DRS Fatick,Diakhao,Décembre 2021,26.03,34.1,19.64,0.06,39.11,2.59,4.73
DRS Fatick,Diakhao,Janvier 2022,25.59,34.64,18.45,0.0,31.91,3.17,5.17
DRS Fatick,Diakhao,Février 2022,26.06,36.21,18.12,0.0,27.18,3.75,6.15
DRS Fatick,Diakhao,Mars 2022,27.15,38.16,18.39,0.0,32.6,3.94,6.56
DRS Fatick,Diakhao,Avril 2022,29.37,40.56,20.45,0.0,37.59,4.17,7.06
DRS Fatick,Diakhao,Mai 2022,30.54,40.56,22.37,18.19,44.7,3.43,6.83
DRS Fatick,Diakhao,Juin 2022,29.93,36.94,24.49,65.5,60.2,3.48,6.21
DRS Fatick,Diakhao,Juillet 2022,29.1,34.26,25.0,155.53,69.19,3.01,5.83
DRS Fatick,Diakhao,Août 2022,27.43,31.27,24.48,260.68,82.88,2.21,4.88
DRS Fatick,Diakhao,Septembre 2022,27.15,30.83,24.26,257.51,85.96,1.67,5.53
DRS Fatick,Diakhao,Octobre 2022,27.25,31.96,23.56,84.65,79.98,1.35,5.66
DRS Fatick,Diakhao,Novembre 2022,25.32,33.31,19.02,0.0,54.49,1.8,5.28
DRS Fatick,Diakhao,Décembre 2022,24.3,33.26,17.38,5.09,48.3,2.44,5.44
DRS Fatick,Diakhao,Janvier 2023,24.09,33.23,17.12,0.02,36.02,3.15,5.16
DRS Fatick,Diakhao,Février 2023,26.31,36.26,18.68,0.0,33.31,3.68,5.66
DRS Fatick,Diakhao,Mars 2023,29.19,39.9,20.52,0.0,32.7,3.1,6.84
DRS Fatick,Diakhao,Avril 2023,30.27,40.44,22.18,0.0,38.88,3.85,7.05
DRS Fatick,Diakhao,Mai 2023,31.73,40.79,24.26,0.16,42.62,3.63,6.63
DRS Fatick,Diakhao,Juin 2023,31.45,39.48,25.15,15.45,52.96,3.86,6.62
DRS Fatick,Diakhao,Juillet 2023,29.38,34.21,25.65,146.3,71.98,2.43,5.97
DRS Fatick,Diakhao,Août 2023,28.25,32.37,25.08,310.63,81.38,2.36,5.46
DRS Fatick,Diakhao,Septembre 2023,27.52,31.02,24.74,183.96,85.86,1.52,5.59
DRS Fatick,Diakhao,Octobre 2023,27.92,32.43,24.37,31.09,79.23,1.3,5.59
DRS Fatick,Diakhao,Novembre 2023,26.45,35.54,19.27,0.15,51.56,1.9,5.68
DRS Fatick,Diakhao,Décembre 2023,24.63,34.2,17.13,0.0,34.14,2.59,5.24
DRS Fatick,Diakhao,Janvier 2024,25.14,35.26,17.39,0.0,33.48,2.71,5.32
DRS Fatick,Diakhao,Février 2024,27.58,38.42,18.98,0.0,24.94,3.21,5.99
DRS Fatick,Diakhao,Mars 2024,27.96,39.45,19.22,0.0,39.16,3.69,6.6
DRS Fatick,Diakhao,Avril 2024,30.74,41.87,21.86,0.12,37.7,3.77,6.9
DRS Fatick,Diakhao,Mai 2024,31.87,42.26,23.43,0.35,41.7,3.72,6.74
DRS Fatick,Diakhao,Juin 2024,29.25,37.1,23.18,100.19,60.99,3.52,6.48
DRS Fatick,Diakhao,Juillet 2024,28.75,33.66,24.94,118.37,74.29,2.98,5.53
DRS Fatick,Diakhao,Août 2024,28.29,32.56,25.06,146.35,79.53,2.49,5.24
DRS Fatick,Diakhao,Septembre 2024,27.86,31.92,24.69,235.44,81.24,2.0,4.77
DRS Fatick,Diakhao,Octobre 2024,28.03,33.29,23.93,82.48,75.2,1.56,5.55
DRS Fatick,Diakhao,Novembre 2024,27.79,36.31,20.97,0.0,51.9,1.86,5.64
DRS Fatick,Diakhao,Décembre 2024,24.94,33.26,18.62,0.65,35.67,2.89,4.49
DRS Fatick,Diakhao,Janvier 2025,24.84,34.85,16.97,0.0,25.22,3.52,5.65
DRS Fatick,Diakhao,Février 2025,25.72,36.49,17.34,0.01,25.68,3.82,6.18
DRS Fatick,Diakhao,Mars 2025,26.91,37.81,18.96,27.34,44.26,4.19,6.51
DRS Fatick,Diakhao,Avril 2025,29.33,39.76,21.22,0.03,45.59,4.14,6.81
DRS Fatick,Diakhao,Mai 2025,30.41,40.17,22.8,4.34,46.96,3.91,6.47
DRS Fatick,Diakhao,Juin 2025,30.69,38.46,24.3,77.97,56.63,3.2,6.52
DRS Fatick,Diakhao,Juillet 2025,29.04,34.05,24.99,85.76,69.49,2.81,6.12
DRS Fatick,Diakhao,Août 2025,27.9,31.92,24.74,280.84,81.76,2.11,5.45
DRS Fatick,Diakhao,Septembre 2025,27.67,31.34,24.7,179.81,84.33,1.49,5.19
DRS Fatick,Diakhao,Octobre 2025,28.84,34.6,24.24,33.04,72.74,1.34,6.01
DRS Fatick,Diakhao,Novembre 2025,26.78,33.85,21.63,2.39,55.64,2.28,4.69
DRS Fatick,Diakhao,Décembre 2025,23.07,31.18,16.9,0.15,41.78,3.43,4.89
DRS Fatick,Diakhao,Janvier 2026,24.26,33.35,17.23,0.76,34.32,3.82,5.19
DRS Fatick,Diakhao,Février 2026,26.71,37.54,18.11,0.0,25.84,3.24,6.11
DRS Fatick,Diakhao,Mars 2026,27.06,37.07,19.3,0.0,42.22,3.96,6.62
DRS Fatick,Diakhao,Avril 2026,29.45,40.59,20.61,0.67,33.94,4.1,7.21
DRS Fatick,Diakhao,Mai 2026,31.11,41.35,22.85,3.9,41.87,3.72,6.82
DRS Fatick,Diakhao,Juin 2026,31.64,39.82,24.85,5.84,50.36,3.39,6.18
DRS Fatick,Diakhao,Juillet 2026,30.22,36.05,25.95,137.54,64.9,2.47,5.85
DRS Fatick,Diakhao,Août 2026,29.45,35.3,25.51,14.25,69.75,2.61,6.12
DRS Fatick,Dioffior,Janvier 2021,23.04,28.39,18.86,0.01,53.63,3.86,5.45
DRS Fatick,Dioffior,Février 2021,23.15,30.13,18.97,3.36,52.84,3.65,5.52
DRS Fatick,Dioffior,Mars 2021,22.66,29.4,18.63,4.88,63.59,3.87,6.91
DRS Fatick,Dioffior,Avril 2021,23.44,30.37,19.6,0.74,70.06,3.51,7.27
DRS Fatick,Dioffior,Mai 2021,23.48,28.3,20.56,1.67,74.73,3.67,6.85
DRS Fatick,Dioffior,Juin 2021,26.34,29.02,24.43,45.86,78.65,3.29,6.24
DRS Fatick,Dioffior,Juillet 2021,27.5,29.28,26.14,91.25,78.29,3.59,6.31
DRS Fatick,Dioffior,Août 2021,27.66,29.06,26.61,265.27,82.89,3.36,5.61
DRS Fatick,Dioffior,Septembre 2021,28.13,29.61,26.92,246.55,81.8,2.54,5.91
DRS Fatick,Dioffior,Octobre 2021,28.46,30.51,26.82,70.46,76.91,2.54,5.47
DRS Fatick,Dioffior,Novembre 2021,27.45,30.73,24.91,5.2,71.29,2.76,5.43
DRS Fatick,Dioffior,Décembre 2021,25.28,29.52,21.63,3.82,59.83,2.95,4.73
DRS Fatick,Dioffior,Janvier 2022,24.56,29.19,20.77,1.0,57.38,3.54,5.17
DRS Fatick,Dioffior,Février 2022,23.63,29.37,19.54,0.69,53.31,3.88,6.15
DRS Fatick,Dioffior,Mars 2022,22.27,29.03,18.09,3.7,60.45,3.99,6.56
DRS Fatick,Dioffior,Avril 2022,23.34,29.92,19.46,0.2,66.19,3.72,7.06
DRS Fatick,Dioffior,Mai 2022,24.75,29.27,21.92,26.07,75.21,3.3,6.83
DRS Fatick,Dioffior,Juin 2022,26.78,29.02,25.13,102.32,80.48,3.45,6.21
DRS Fatick,Dioffior,Juillet 2022,27.72,29.31,26.54,122.47,80.13,4.0,5.83
DRS Fatick,Dioffior,Août 2022,27.82,29.08,26.86,263.48,83.14,3.8,4.88
DRS Fatick,Dioffior,Septembre 2022,27.81,29.12,26.78,246.87,82.9,3.1,5.53
DRS Fatick,Dioffior,Octobre 2022,28.21,30.02,26.66,114.97,78.44,2.23,5.66
DRS Fatick,Dioffior,Novembre 2022,26.65,30.22,23.34,2.66,64.47,2.53,5.28
DRS Fatick,Dioffior,Décembre 2022,24.51,28.8,20.77,2.73,64.63,3.08,5.44
DRS Fatick,Dioffior,Janvier 2023,23.08,27.41,19.41,1.41,58.04,3.56,5.16
DRS Fatick,Dioffior,Février 2023,22.62,29.47,18.49,0.31,59.58,3.73,5.66
DRS Fatick,Dioffior,Mars 2023,24.19,31.15,20.36,1.62,64.95,3.02,6.84
DRS Fatick,Dioffior,Avril 2023,24.83,30.77,21.36,0.3,67.86,3.58,7.05
DRS Fatick,Dioffior,Mai 2023,26.42,30.77,23.61,1.18,72.11,3.37,6.63
DRS Fatick,Dioffior,Juin 2023,27.61,30.19,25.74,22.88,76.88,4.0,6.62
DRS Fatick,Dioffior,Juillet 2023,28.44,29.87,27.3,177.32,80.48,3.28,5.97
DRS Fatick,Dioffior,Août 2023,28.27,29.52,27.32,294.45,83.7,3.61,5.46
DRS Fatick,Dioffior,Septembre 2023,28.55,29.8,27.51,184.89,81.59,2.57,5.59
DRS Fatick,Dioffior,Octobre 2023,28.85,30.39,27.57,53.87,78.18,2.32,5.59
DRS Fatick,Dioffior,Novembre 2023,27.23,31.19,23.85,2.08,67.05,2.77,5.68
DRS Fatick,Dioffior,Décembre 2023,24.51,29.09,20.5,2.23,57.49,3.22,5.24
DRS Fatick,Dioffior,Janvier 2024,24.44,29.3,20.42,4.25,58.13,3.18,5.32
DRS Fatick,Dioffior,Février 2024,25.54,31.86,21.03,0.44,52.51,3.35,5.99
DRS Fatick,Dioffior,Mars 2024,23.07,29.73,19.26,0.04,67.45,3.83,6.6
DRS Fatick,Dioffior,Avril 2024,24.7,30.9,21.05,0.61,67.1,3.44,6.9
DRS Fatick,Dioffior,Mai 2024,26.12,30.81,23.25,1.07,72.74,3.61,6.74
DRS Fatick,Dioffior,Juin 2024,26.35,28.86,24.45,32.81,78.95,3.58,6.48
DRS Fatick,Dioffior,Juillet 2024,27.74,29.16,26.62,142.56,82.52,3.84,5.53
DRS Fatick,Dioffior,Août 2024,28.17,29.46,27.21,203.19,82.52,3.91,5.24
DRS Fatick,Dioffior,Septembre 2024,28.12,29.6,27.0,250.65,82.53,3.25,4.77
DRS Fatick,Dioffior,Octobre 2024,28.29,30.26,26.65,95.26,79.65,2.45,5.55
DRS Fatick,Dioffior,Novembre 2024,27.96,31.65,24.73,0.25,69.27,2.21,5.64
DRS Fatick,Dioffior,Décembre 2024,24.58,28.56,21.09,2.72,57.76,3.39,4.49
DRS Fatick,Dioffior,Janvier 2025,23.45,29.26,18.89,0.03,50.7,3.76,5.65
DRS Fatick,Dioffior,Février 2025,22.5,28.99,18.06,0.07,52.48,4.01,6.18
DRS Fatick,Dioffior,Mars 2025,22.14,28.06,18.65,0.24,67.96,4.14,6.51
DRS Fatick,Dioffior,Avril 2025,23.93,29.76,20.41,0.86,69.21,3.76,6.81
DRS Fatick,Dioffior,Mai 2025,24.93,29.5,22.12,6.42,74.02,3.49,6.47
DRS Fatick,Dioffior,Juin 2025,27.19,29.72,25.23,24.73,78.1,3.64,6.52
DRS Fatick,Dioffior,Juillet 2025,28.03,29.75,26.64,64.63,78.45,3.74,6.12
DRS Fatick,Dioffior,Août 2025,27.81,29.2,26.75,357.2,83.74,3.54,5.45
DRS Fatick,Dioffior,Septembre 2025,28.2,29.5,27.19,192.78,82.9,2.69,5.19
DRS Fatick,Dioffior,Octobre 2025,28.96,30.82,27.46,63.88,77.98,2.36,6.01
DRS Fatick,Dioffior,Novembre 2025,27.4,30.43,25.04,7.32,67.97,3.2,4.69
DRS Fatick,Dioffior,Décembre 2025,22.8,27.29,19.17,9.14,60.41,3.99,4.89
DRS Fatick,Dioffior,Janvier 2026,22.87,28.31,18.72,1.34,55.19,4.01,5.19
DRS Fatick,Dioffior,Février 2026,23.92,30.99,19.2,2.85,52.29,3.27,6.11
DRS Fatick,Dioffior,Mars 2026,22.28,27.74,18.91,0.28,67.61,3.82,6.62
DRS Fatick,Dioffior,Avril 2026,24.22,31.53,20.0,0.82,62.1,3.87,7.21
DRS Fatick,Dioffior,Mai 2026,24.51,29.22,21.59,5.25,73.27,3.31,6.82
DRS Fatick,Dioffior,Juin 2026,27.04,30.01,24.98,9.01,77.08,3.61,6.18
DRS Fatick,Dioffior,Juillet 2026,28.4,30.5,26.96,102.12,77.69,3.2,5.85
DRS Fatick,Dioffior,Août 2026,28.63,30.49,27.4,14.77,77.22,3.98,6.12
DRS Fatick,Fatick,Janvier 2021,24.26,33.75,17.11,0.0,31.98,3.59,5.45
DRS Fatick,Fatick,Février 2021,26.08,36.14,18.25,0.0,26.06,3.37,5.52
DRS Fatick,Fatick,Mars 2021,27.03,37.96,18.58,6.48,37.19,3.78,6.91
DRS Fatick,Fatick,Avril 2021,29.18,40.98,20.15,0.0,40.41,3.76,7.27
DRS Fatick,Fatick,Mai 2021,29.22,40.09,20.78,0.32,45.3,3.97,6.85
DRS Fatick,Fatick,Juin 2021,30.32,38.04,24.09,49.78,55.32,3.36,6.24
DRS Fatick,Fatick,Juillet 2021,29.65,35.84,24.81,39.09,62.25,3.08,6.31
DRS Fatick,Fatick,Août 2021,27.51,31.49,24.44,320.9,82.49,1.95,5.61
DRS Fatick,Fatick,Septembre 2021,27.55,31.47,24.37,193.98,83.86,1.51,5.91
DRS Fatick,Fatick,Octobre 2021,27.95,33.55,23.71,41.13,74.17,1.54,5.47
DRS Fatick,Fatick,Novembre 2021,27.67,34.98,21.85,2.96,56.83,1.84,5.43
DRS Fatick,Fatick,Décembre 2021,26.03,34.1,19.64,0.06,39.11,2.59,4.73
DRS Fatick,Fatick,Janvier 2022,25.59,34.64,18.45,0.0,31.91,3.17,5.17
DRS Fatick,Fatick,Février 2022,26.06,36.21,18.12,0.0,27.18,3.75,6.15
DRS Fatick,Fatick,Mars 2022,27.15,38.16,18.39,0.0,32.6,3.94,6.56
DRS Fatick,Fatick,Avril 2022,29.37,40.56,20.45,0.0,37.59,4.17,7.06
DRS Fatick,Fatick,Mai 2022,30.54,40.56,22.37,18.19,44.7,3.43,6.83
DRS Fatick,Fatick,Juin 2022,29.93,36.94,24.49,65.5,60.2,3.48,6.21
DRS Fatick,Fatick,Juillet 2022,29.1,34.26,25.0,155.53,69.19,3.01,5.83
DRS Fatick,Fatick,Août 2022,27.43,31.27,24.48,260.68,82.88,2.21,4.88
DRS Fatick,Fatick,Septembre 2022,27.15,30.83,24.26,257.51,85.96,1.67,5.53
DRS Fatick,Fatick,Octobre 2022,27.25,31.96,23.56,84.65,79.98,1.35,5.66
DRS Fatick,Fatick,Novembre 2022,25.32,33.31,19.02,0.0,54.49,1.8,5.28
DRS Fatick,Fatick,Décembre 2022,24.3,33.26,17.38,5.09,48.3,2.44,5.44
DRS Fatick,Fatick,Janvier 2023,24.09,33.23,17.12,0.02,36.02,3.15,5.16
DRS Fatick,Fatick,Février 2023,26.31,36.26,18.68,0.0,33.31,3.68,5.66
DRS Fatick,Fatick,Mars 2023,29.19,39.9,20.52,0.0,32.7,3.1,6.84
DRS Fatick,Fatick,Avril 2023,30.27,40.44,22.18,0.0,38.88,3.85,7.05
DRS Fatick,Fatick,Mai 2023,31.73,40.79,24.26,0.16,42.62,3.63,6.63
DRS Fatick,Fatick,Juin 2023,31.45,39.48,25.15,15.45,52.96,3.86,6.62
DRS Fatick,Fatick,Juillet 2023,29.38,34.21,25.65,146.3,71.98,2.43,5.97
DRS Fatick,Fatick,Août 2023,28.25,32.37,25.08,310.63,81.38,2.36,5.46
DRS Fatick,Fatick,Septembre 2023,27.52,31.02,24.74,183.96,85.86,1.52,5.59
DRS Fatick,Fatick,Octobre 2023,27.92,32.43,24.37,31.09,79.23,1.3,5.59
DRS Fatick,Fatick,Novembre 2023,26.45,35.54,19.27,0.15,51.56,1.9,5.68
DRS Fatick,Fatick,Décembre 2023,24.63,34.2,17.13,0.0,34.14,2.59,5.24
DRS Fatick,Fatick,Janvier 2024,25.14,35.26,17.39,0.0,33.48,2.71,5.32
DRS Fatick,Fatick,Février 2024,27.58,38.42,18.98,0.0,24.94,3.21,5.99
DRS Fatick,Fatick,Mars 2024,27.96,39.45,19.22,0.0,39.16,3.69,6.6
DRS Fatick,Fatick,Avril 2024,30.74,41.87,21.86,0.12,37.7,3.77,6.9
DRS Fatick,Fatick,Mai 2024,31.87,42.26,23.43,0.35,41.7,3.72,6.74
DRS Fatick,Fatick,Juin 2024,29.25,37.1,23.18,100.19,60.99,3.52,6.48
DRS Fatick,Fatick,Juillet 2024,28.75,33.66,24.94,118.37,74.29,2.98,5.53
DRS Fatick,Fatick,Août 2024,28.29,32.56,25.06,146.35,79.53,2.49,5.24
DRS Fatick,Fatick,Septembre 2024,27.86,31.92,24.69,235.44,81.24,2.0,4.77
DRS Fatick,Fatick,Octobre 2024,28.03,33.29,23.93,82.48,75.2,1.56,5.55
DRS Fatick,Fatick,Novembre 2024,27.79,36.31,20.97,0.0,51.9,1.86,5.64
DRS Fatick,Fatick,Décembre 2024,24.94,33.26,18.62,0.65,35.67,2.89,4.49
DRS Fatick,Fatick,Janvier 2025,24.84,34.85,16.97,0.0,25.22,3.52,5.65
DRS Fatick,Fatick,Février 2025,25.72,36.49,17.34,0.01,25.68,3.82,6.18
DRS Fatick,Fatick,Mars 2025,26.91,37.81,18.96,27.34,44.26,4.19,6.51
DRS Fatick,Fatick,Avril 2025,29.33,39.76,21.22,0.03,45.59,4.14,6.81
DRS Fatick,Fatick,Mai 2025,30.41,40.17,22.8,4.34,46.96,3.91,6.47
DRS Fatick,Fatick,Juin 2025,30.69,38.46,24.3,77.97,56.63,3.2,6.52
DRS Fatick,Fatick,Juillet 2025,29.04,34.05,24.99,85.76,69.49,2.81,6.12
DRS Fatick,Fatick,Août 2025,27.9,31.92,24.74,280.84,81.76,2.11,5.45
DRS Fatick,Fatick,Septembre 2025,27.67,31.34,24.7,179.81,84.33,1.49,5.19
DRS Fatick,Fatick,Octobre 2025,28.84,34.6,24.24,33.04,72.74,1.34,6.01
DRS Fatick,Fatick,Novembre 2025,26.78,33.85,21.63,2.39,55.64,2.28,4.69
DRS Fatick,Fatick,Décembre 2025,23.07,31.18,16.9,0.15,41.78,3.43,4.89
DRS Fatick,Fatick,Janvier 2026,24.26,33.35,17.23,0.76,34.32,3.82,5.19
DRS Fatick,Fatick,Février 2026,26.71,37.54,18.11,0.0,25.84,3.24,6.11
DRS Fatick,Fatick,Mars 2026,27.06,37.07,19.3,0.0,42.22,3.96,6.62
DRS Fatick,Fatick,Avril 2026,29.45,40.59,20.61,0.67,33.94,4.1,7.21
DRS Fatick,Fatick,Mai 2026,31.11,41.35,22.85,3.9,41.87,3.72,6.82
DRS Fatick,Fatick,Juin 2026,31.64,39.82,24.85,5.84,50.36,3.39,6.18
DRS Fatick,Fatick,Juillet 2026,30.22,36.05,25.95,137.54,64.9,2.47,5.85
DRS Fatick,Fatick,Août 2026,29.45,35.3,25.51,14.25,69.75,2.61,6.12
DRS Fatick,Foundiougne,Janvier 2021,23.92,33.02,16.68,0.0,39.02,3.06,5.45
DRS Fatick,Foundiougne,Février 2021,25.97,35.53,18.18,0.0,31.46,2.85,5.52
DRS Fatick,Foundiougne,Mars 2021,27.13,37.42,18.95,2.76,39.4,3.29,6.91
DRS Fatick,Foundiougne,Avril 2021,29.15,40.06,20.64,0.0,43.69,3.09,7.27
DRS Fatick,Foundiougne,Mai 2021,28.97,38.89,21.4,0.56,48.23,3.51,6.85
DRS Fatick,Foundiougne,Juin 2021,29.45,36.09,24.42,74.38,62.07,3.08,6.24
DRS Fatick,Foundiougne,Juillet 2021,28.38,33.05,24.91,85.68,72.79,2.62,6.31
DRS Fatick,Foundiougne,Août 2021,27.1,30.36,24.65,345.45,85.74,1.97,5.61
DRS Fatick,Foundiougne,Septembre 2021,27.32,30.65,24.62,245.94,85.84,1.45,5.91
DRS Fatick,Foundiougne,Octobre 2021,27.31,31.59,23.93,69.27,80.57,1.44,5.47
DRS Fatick,Foundiougne,Novembre 2021,26.62,32.4,21.73,3.02,68.58,1.58,5.43
DRS Fatick,Foundiougne,Décembre 2021,25.1,32.2,19.03,0.01,50.94,2.21,4.73
DRS Fatick,Foundiougne,Janvier 2022,24.62,33.13,17.75,0.0,42.16,2.69,5.17
DRS Fatick,Foundiougne,Février 2022,25.53,35.23,17.65,0.0,34.06,3.21,6.15
DRS Fatick,Foundiougne,Mars 2022,27.11,37.41,18.79,0.0,35.02,3.36,6.56
DRS Fatick,Foundiougne,Avril 2022,29.33,39.66,20.99,0.0,39.55,3.47,7.06
DRS Fatick,Foundiougne,Mai 2022,29.7,38.87,22.54,41.49,51.12,3.09,6.83
DRS Fatick,Foundiougne,Juin 2022,28.76,34.52,24.48,77.02,69.0,3.03,6.21
DRS Fatick,Foundiougne,Juillet 2022,28.05,32.08,25.01,183.71,77.26,2.66,5.83
DRS Fatick,Foundiougne,Août 2022,26.98,30.13,24.67,324.63,86.71,2.18,4.88
DRS Fatick,Foundiougne,Septembre 2022,26.96,30.12,24.48,284.48,87.18,1.72,5.53
DRS Fatick,Foundiougne,Octobre 2022,27.17,31.13,23.92,122.86,82.14,1.34,5.66
DRS Fatick,Foundiougne,Novembre 2022,24.8,31.56,19.23,0.0,63.62,1.67,5.28
DRS Fatick,Foundiougne,Décembre 2022,23.57,31.37,17.1,2.54,58.97,2.12,5.44
DRS Fatick,Foundiougne,Janvier 2023,22.96,31.3,16.29,0.0,47.59,2.68,5.16
DRS Fatick,Foundiougne,Février 2023,25.59,34.93,18.29,0.0,40.77,2.94,5.66
DRS Fatick,Foundiougne,Mars 2023,28.14,38.54,20.04,0.0,42.18,2.64,6.84
DRS Fatick,Foundiougne,Avril 2023,29.97,39.45,22.48,0.0,42.74,3.3,7.05
DRS Fatick,Foundiougne,Mai 2023,31.03,39.22,24.5,0.41,48.27,3.15,6.63
DRS Fatick,Foundiougne,Juin 2023,30.31,37.07,25.28,33.53,60.7,3.47,6.62
DRS Fatick,Foundiougne,Juillet 2023,28.6,32.52,25.71,201.25,78.47,2.19,5.97
DRS Fatick,Foundiougne,Août 2023,27.7,30.98,25.27,355.73,85.81,2.21,5.46
DRS Fatick,Foundiougne,Septembre 2023,27.53,30.51,25.14,191.46,86.41,1.51,5.59
DRS Fatick,Foundiougne,Octobre 2023,27.76,31.44,24.83,50.31,82.51,1.31,5.59
DRS Fatick,Foundiougne,Novembre 2023,25.92,33.2,19.57,0.4,61.32,1.67,5.68
DRS Fatick,Foundiougne,Décembre 2023,23.64,31.8,16.65,0.0,45.16,2.19,5.24
DRS Fatick,Foundiougne,Janvier 2024,24.36,33.58,16.8,0.0,43.74,2.35,5.32
DRS Fatick,Foundiougne,Février 2024,26.89,37.24,18.37,0.0,33.71,2.71,5.99
DRS Fatick,Foundiougne,Mars 2024,27.92,38.65,19.54,0.0,41.4,3.2,6.6
DRS Fatick,Foundiougne,Avril 2024,30.44,40.7,22.3,0.27,41.32,3.21,6.9
DRS Fatick,Foundiougne,Mai 2024,31.18,40.65,23.91,1.16,47.42,3.38,6.74
DRS Fatick,Foundiougne,Juin 2024,28.84,35.61,23.75,78.68,65.16,3.24,6.48
DRS Fatick,Foundiougne,Juillet 2024,27.97,31.74,25.16,171.29,81.07,2.73,5.53
DRS Fatick,Foundiougne,Août 2024,27.63,31.03,25.21,247.13,84.97,2.34,5.24
DRS Fatick,Foundiougne,Septembre 2024,27.49,30.82,24.96,259.72,85.26,1.91,4.77
DRS Fatick,Foundiougne,Octobre 2024,27.48,31.56,24.24,110.3,81.19,1.47,5.55
DRS Fatick,Foundiougne,Novembre 2024,26.88,33.92,21.05,0.0,64.02,1.61,5.64
DRS Fatick,Foundiougne,Décembre 2024,23.76,31.48,17.71,2.16,48.09,2.43,4.49
DRS Fatick,Foundiougne,Janvier 2025,24.1,33.85,16.26,0.0,34.78,2.98,5.65
DRS Fatick,Foundiougne,Février 2025,25.53,35.82,17.47,0.0,30.46,3.34,6.18
DRS Fatick,Foundiougne,Mars 2025,27.4,37.36,19.85,0.57,43.45,3.54,6.51
DRS Fatick,Foundiougne,Avril 2025,29.93,39.46,22.32,0.01,44.85,3.61,6.81
DRS Fatick,Foundiougne,Mai 2025,30.35,39.03,23.63,7.58,49.28,3.43,6.47
DRS Fatick,Foundiougne,Juin 2025,30.18,37.08,24.8,35.77,61.49,3.11,6.52
DRS Fatick,Foundiougne,Juillet 2025,28.43,32.64,25.25,83.73,75.15,2.64,6.12
DRS Fatick,Foundiougne,Août 2025,27.36,30.7,24.84,382.93,85.56,2.12,5.45
DRS Fatick,Foundiougne,Septembre 2025,27.55,30.76,24.99,198.13,85.79,1.54,5.19
DRS Fatick,Foundiougne,Octobre 2025,28.26,32.61,24.73,53.21,79.43,1.32,6.01
DRS Fatick,Foundiougne,Novembre 2025,26.22,32.38,21.58,3.88,62.82,1.93,4.69
DRS Fatick,Foundiougne,Décembre 2025,23.25,31.33,17.06,0.04,46.31,2.78,4.89
DRS Fatick,Foundiougne,Janvier 2026,24.58,33.55,17.45,0.34,37.15,3.28,5.19
DRS Fatick,Foundiougne,Février 2026,26.51,36.95,17.89,0.0,30.59,2.8,6.11
DRS Fatick,Foundiougne,Mars 2026,27.43,36.74,20.0,0.0,41.99,3.56,6.62
DRS Fatick,Foundiougne,Avril 2026,29.73,40.11,21.05,0.76,35.27,3.52,7.21
DRS Fatick,Foundiougne,Mai 2026,30.7,39.96,23.48,5.57,45.69,3.35,6.82
DRS Fatick,Foundiougne,Juin 2026,30.81,38.17,25.21,7.36,56.38,3.26,6.18
DRS Fatick,Foundiougne,Juillet 2026,29.54,34.67,25.89,146.92,70.41,2.06,5.85
DRS Fatick,Foundiougne,Août 2026,28.95,34.25,25.64,19.02,73.45,2.17,6.12
DRS Fatick,Gossas,Janvier 2021,24.26,33.75,17.11,0.0,31.98,3.59,5.45
DRS Fatick,Gossas,Février 2021,26.08,36.14,18.25,0.0,26.06,3.37,5.52
DRS Fatick,Gossas,Mars 2021,27.03,37.96,18.58,6.48,37.19,3.78,6.91
DRS Fatick,Gossas,Avril 2021,29.18,40.98,20.15,0.0,40.41,3.76,7.27
DRS Fatick,Gossas,Mai 2021,29.22,40.09,20.78,0.32,45.3,3.97,6.85
DRS Fatick,Gossas,Juin 2021,30.32,38.04,24.09,49.78,55.32,3.36,6.24
DRS Fatick,Gossas,Juillet 2021,29.65,35.84,24.81,39.09,62.25,3.08,6.31
DRS Fatick,Gossas,Août 2021,27.51,31.49,24.44,320.9,82.49,1.95,5.61
DRS Fatick,Gossas,Septembre 2021,27.55,31.47,24.37,193.98,83.86,1.51,5.91
DRS Fatick,Gossas,Octobre 2021,27.95,33.55,23.71,41.13,74.17,1.54,5.47
DRS Fatick,Gossas,Novembre 2021,27.67,34.98,21.85,2.96,56.83,1.84,5.43
DRS Fatick,Gossas,Décembre 2021,26.03,34.1,19.64,0.06,39.11,2.59,4.73
DRS Fatick,Gossas,Janvier 2022,25.59,34.64,18.45,0.0,31.91,3.17,5.17
DRS Fatick,Gossas,Février 2022,26.06,36.21,18.12,0.0,27.18,3.75,6.15
DRS Fatick,Gossas,Mars 2022,27.15,38.16,18.39,0.0,32.6,3.94,6.56
DRS Fatick,Gossas,Avril 2022,29.37,40.56,20.45,0.0,37.59,4.17,7.06
DRS Fatick,Gossas,Mai 2022,30.54,40.56,22.37,18.19,44.7,3.43,6.83
DRS Fatick,Gossas,Juin 2022,29.93,36.94,24.49,65.5,60.2,3.48,6.21
DRS Fatick,Gossas,Juillet 2022,29.1,34.26,25.0,155.53,69.19,3.01,5.83
DRS Fatick,Gossas,Août 2022,27.43,31.27,24.48,260.68,82.88,2.21,4.88
DRS Fatick,Gossas,Septembre 2022,27.15,30.83,24.26,257.51,85.96,1.67,5.53
DRS Fatick,Gossas,Octobre 2022,27.25,31.96,23.56,84.65,79.98,1.35,5.66
DRS Fatick,Gossas,Novembre 2022,25.32,33.31,19.02,0.0,54.49,1.8,5.28
DRS Fatick,Gossas,Décembre 2022,24.3,33.26,17.38,5.09,48.3,2.44,5.44
DRS Fatick,Gossas,Janvier 2023,24.09,33.23,17.12,0.02,36.02,3.15,5.16
DRS Fatick,Gossas,Février 2023,26.31,36.26,18.68,0.0,33.31,3.68,5.66
DRS Fatick,Gossas,Mars 2023,29.19,39.9,20.52,0.0,32.7,3.1,6.84
DRS Fatick,Gossas,Avril 2023,30.27,40.44,22.18,0.0,38.88,3.85,7.05
DRS Fatick,Gossas,Mai 2023,31.73,40.79,24.26,0.16,42.62,3.63,6.63
DRS Fatick,Gossas,Juin 2023,31.45,39.48,25.15,15.45,52.96,3.86,6.62
DRS Fatick,Gossas,Juillet 2023,29.38,34.21,25.65,146.3,71.98,2.43,5.97
DRS Fatick,Gossas,Août 2023,28.25,32.37,25.08,310.63,81.38,2.36,5.46
DRS Fatick,Gossas,Septembre 2023,27.52,31.02,24.74,183.96,85.86,1.52,5.59
DRS Fatick,Gossas,Octobre 2023,27.92,32.43,24.37,31.09,79.23,1.3,5.59
DRS Fatick,Gossas,Novembre 2023,26.45,35.54,19.27,0.15,51.56,1.9,5.68
DRS Fatick,Gossas,Décembre 2023,24.63,34.2,17.13,0.0,34.14,2.59,5.24
DRS Fatick,Gossas,Janvier 2024,25.14,35.26,17.39,0.0,33.48,2.71,5.32
DRS Fatick,Gossas,Février 2024,27.58,38.42,18.98,0.0,24.94,3.21,5.99
DRS Fatick,Gossas,Mars 2024,27.96,39.45,19.22,0.0,39.16,3.69,6.6
DRS Fatick,Gossas,Avril 2024,30.74,41.87,21.86,0.12,37.7,3.77,6.9
DRS Fatick,Gossas,Mai 2024,31.87,42.26,23.43,0.35,41.7,3.72,6.74
DRS Fatick,Gossas,Juin 2024,29.25,37.1,23.18,100.19,60.99,3.52,6.48
DRS Fatick,Gossas,Juillet 2024,28.75,33.66,24.94,118.37,74.29,2.98,5.53
DRS Fatick,Gossas,Août 2024,28.29,32.56,25.06,146.35,79.53,2.49,5.24
DRS Fatick,Gossas,Septembre 2024,27.86,31.92,24.69,235.44,81.24,2.0,4.77
DRS Fatick,Gossas,Octobre 2024,28.03,33.29,23.93,82.48,75.2,1.56,5.55
DRS Fatick,Gossas,Novembre 2024,27.79,36.31,20.97,0.0,51.9,1.86,5.64
DRS Fatick,Gossas,Décembre 2024,24.94,33.26,18.62,0.65,35.67,2.89,4.49
DRS Fatick,Gossas,Janvier 2025,24.84,34.85,16.97,0.0,25.22,3.52,5.65
DRS Fatick,Gossas,Février 2025,25.72,36.49,17.34,0.01,25.68,3.82,6.18
DRS Fatick,Gossas,Mars 2025,26.91,37.81,18.96,27.34,44.26,4.19,6.51
DRS Fatick,Gossas,Avril 2025,29.33,39.76,21.22,0.03,45.59,4.14,6.81
DRS Fatick,Gossas,Mai 2025,30.41,40.17,22.8,4.34,46.96,3.91,6.47
DRS Fatick,Gossas,Juin 2025,30.69,38.46,24.3,77.97,56.63,3.2,6.52
DRS Fatick,Gossas,Juillet 2025,29.04,34.05,24.99,85.76,69.49,2.81,6.12
DRS Fatick,Gossas,Août 2025,27.9,31.92,24.74,280.84,81.76,2.11,5.45
DRS Fatick,Gossas,Septembre 2025,27.67,31.34,24.7,179.81,84.33,1.49,5.19
DRS Fatick,Gossas,Octobre 2025,28.84,34.6,24.24,33.04,72.74,1.34,6.01
DRS Fatick,Gossas,Novembre 2025,26.78,33.85,21.63,2.39,55.64,2.28,4.69
DRS Fatick,Gossas,Décembre 2025,23.07,31.18,16.9,0.15,41.78,3.43,4.89
DRS Fatick,Gossas,Janvier 2026,24.26,33.35,17.23,0.76,34.32,3.82,5.19
DRS Fatick,Gossas,Février 2026,26.71,37.54,18.11,0.0,25.84,3.24,6.11
DRS Fatick,Gossas,Mars 2026,27.06,37.07,19.3,0.0,42.22,3.96,6.62
DRS Fatick,Gossas,Avril 2026,29.45,40.59,20.61,0.67,33.94,4.1,7.21
DRS Fatick,Gossas,Mai 2026,31.11,41.35,22.85,3.9,41.87,3.72,6.82
DRS Fatick,Gossas,Juin 2026,31.64,39.82,24.85,5.84,50.36,3.39,6.18
DRS Fatick,Gossas,Juillet 2026,30.22,36.05,25.95,137.54,64.9,2.47,5.85
DRS Fatick,Gossas,Août 2026,29.45,35.3,25.51,14.25,69.75,2.61,6.12
DRS Fatick,Niakhar,Janvier 2021,24.26,33.75,17.11,0.0,31.98,3.59,5.45
DRS Fatick,Niakhar,Février 2021,26.08,36.14,18.25,0.0,26.06,3.37,5.52
DRS Fatick,Niakhar,Mars 2021,27.03,37.96,18.58,6.48,37.19,3.78,6.91
DRS Fatick,Niakhar,Avril 2021,29.18,40.98,20.15,0.0,40.41,3.76,7.27
DRS Fatick,Niakhar,Mai 2021,29.22,40.09,20.78,0.32,45.3,3.97,6.85
DRS Fatick,Niakhar,Juin 2021,30.32,38.04,24.09,49.78,55.32,3.36,6.24
DRS Fatick,Niakhar,Juillet 2021,29.65,35.84,24.81,39.09,62.25,3.08,6.31
DRS Fatick,Niakhar,Août 2021,27.51,31.49,24.44,320.9,82.49,1.95,5.61
DRS Fatick,Niakhar,Septembre 2021,27.55,31.47,24.37,193.98,83.86,1.51,5.91
DRS Fatick,Niakhar,Octobre 2021,27.95,33.55,23.71,41.13,74.17,1.54,5.47
DRS Fatick,Niakhar,Novembre 2021,27.67,34.98,21.85,2.96,56.83,1.84,5.43
DRS Fatick,Niakhar,Décembre 2021,26.03,34.1,19.64,0.06,39.11,2.59,4.73
DRS Fatick,Niakhar,Janvier 2022,25.59,34.64,18.45,0.0,31.91,3.17,5.17
DRS Fatick,Niakhar,Février 2022,26.06,36.21,18.12,0.0,27.18,3.75,6.15
DRS Fatick,Niakhar,Mars 2022,27.15,38.16,18.39,0.0,32.6,3.94,6.56
DRS Fatick,Niakhar,Avril 2022,29.37,40.56,20.45,0.0,37.59,4.17,7.06
DRS Fatick,Niakhar,Mai 2022,30.54,40.56,22.37,18.19,44.7,3.43,6.83
DRS Fatick,Niakhar,Juin 2022,29.93,36.94,24.49,65.5,60.2,3.48,6.21
DRS Fatick,Niakhar,Juillet 2022,29.1,34.26,25.0,155.53,69.19,3.01,5.83
DRS Fatick,Niakhar,Août 2022,27.43,31.27,24.48,260.68,82.88,2.21,4.88
DRS Fatick,Niakhar,Septembre 2022,27.15,30.83,24.26,257.51,85.96,1.67,5.53
DRS Fatick,Niakhar,Octobre 2022,27.25,31.96,23.56,84.65,79.98,1.35,5.66
DRS Fatick,Niakhar,Novembre 2022,25.32,33.31,19.02,0.0,54.49,1.8,5.28
DRS Fatick,Niakhar,Décembre 2022,24.3,33.26,17.38,5.09,48.3,2.44,5.44
DRS Fatick,Niakhar,Janvier 2023,24.09,33.23,17.12,0.02,36.02,3.15,5.16
DRS Fatick,Niakhar,Février 2023,26.31,36.26,18.68,0.0,33.31,3.68,5.66
DRS Fatick,Niakhar,Mars 2023,29.19,39.9,20.52,0.0,32.7,3.1,6.84
DRS Fatick,Niakhar,Avril 2023,30.27,40.44,22.18,0.0,38.88,3.85,7.05
DRS Fatick,Niakhar,Mai 2023,31.73,40.79,24.26,0.16,42.62,3.63,6.63
DRS Fatick,Niakhar,Juin 2023,31.45,39.48,25.15,15.45,52.96,3.86,6.62
DRS Fatick,Niakhar,Juillet 2023,29.38,34.21,25.65,146.3,71.98,2.43,5.97
DRS Fatick,Niakhar,Août 2023,28.25,32.37,25.08,310.63,81.38,2.36,5.46
DRS Fatick,Niakhar,Septembre 2023,27.52,31.02,24.74,183.96,85.86,1.52,5.59
DRS Fatick,Niakhar,Octobre 2023,27.92,32.43,24.37,31.09,79.23,1.3,5.59
DRS Fatick,Niakhar,Novembre 2023,26.45,35.54,19.27,0.15,51.56,1.9,5.68
DRS Fatick,Niakhar,Décembre 2023,24.63,34.2,17.13,0.0,34.14,2.59,5.24
DRS Fatick,Niakhar,Janvier 2024,25.14,35.26,17.39,0.0,33.48,2.71,5.32
DRS Fatick,Niakhar,Février 2024,27.58,38.42,18.98,0.0,24.94,3.21,5.99
DRS Fatick,Niakhar,Mars 2024,27.96,39.45,19.22,0.0,39.16,3.69,6.6
DRS Fatick,Niakhar,Avril 2024,30.74,41.87,21.86,0.12,37.7,3.77,6.9
DRS Fatick,Niakhar,Mai 2024,31.87,42.26,23.43,0.35,41.7,3.72,6.74
DRS Fatick,Niakhar,Juin 2024,29.25,37.1,23.18,100.19,60.99,3.52,6.48
DRS Fatick,Niakhar,Juillet 2024,28.75,33.66,24.94,118.37,74.29,2.98,5.53
DRS Fatick,Niakhar,Août 2024,28.29,32.56,25.06,146.35,79.53,2.49,5.24
DRS Fatick,Niakhar,Septembre 2024,27.86,31.92,24.69,235.44,81.24,2.0,4.77
DRS Fatick,Niakhar,Octobre 2024,28.03,33.29,23.93,82.48,75.2,1.56,5.55
DRS Fatick,Niakhar,Novembre 2024,27.79,36.31,20.97,0.0,51.9,1.86,5.64
DRS Fatick,Niakhar,Décembre 2024,24.94,33.26,18.62,0.65,35.67,2.89,4.49
DRS Fatick,Niakhar,Janvier 2025,24.84,34.85,16.97,0.0,25.22,3.52,5.65
DRS Fatick,Niakhar,Février 2025,25.72,36.49,17.34,0.01,25.68,3.82,6.18
DRS Fatick,Niakhar,Mars 2025,26.91,37.81,18.96,27.34,44.26,4.19,6.51
DRS Fatick,Niakhar,Avril 2025,29.33,39.76,21.22,0.03,45.59,4.14,6.81
DRS Fatick,Niakhar,Mai 2025,30.41,40.17,22.8,4.34,46.96,3.91,6.47
DRS Fatick,Niakhar,Juin 2025,30.69,38.46,24.3,77.97,56.63,3.2,6.52
DRS Fatick,Niakhar,Juillet 2025,29.04,34.05,24.99,85.76,69.49,2.81,6.12
DRS Fatick,Niakhar,Août 2025,27.9,31.92,24.74,280.84,81.76,2.11,5.45
DRS Fatick,Niakhar,Septembre 2025,27.67,31.34,24.7,179.81,84.33,1.49,5.19
DRS Fatick,Niakhar,Octobre 2025,28.84,34.6,24.24,33.04,72.74,1.34,6.01
DRS Fatick,Niakhar,Novembre 2025,26.78,33.85,21.63,2.39,55.64,2.28,4.69
DRS Fatick,Niakhar,Décembre 2025,23.07,31.18,16.9,0.15,41.78,3.43,4.89
DRS Fatick,Niakhar,Janvier 2026,24.26,33.35,17.23,0.76,34.32,3.82,5.19
DRS Fatick,Niakhar,Février 2026,26.71,37.54,18.11,0.0,25.84,3.24,6.11
DRS Fatick,Niakhar,Mars 2026,27.06,37.07,19.3,0.0,42.22,3.96,6.62
DRS Fatick,Niakhar,Avril 2026,29.45,40.59,20.61,0.67,33.94,4.1,7.21
DRS Fatick,Niakhar,Mai 2026,31.11,41.35,22.85,3.9,41.87,3.72,6.82
DRS Fatick,Niakhar,Juin 2026,31.64,39.82,24.85,5.84,50.36,3.39,6.18
DRS Fatick,Niakhar,Juillet 2026,30.22,36.05,25.95,137.54,64.9,2.47,5.85
DRS Fatick,Niakhar,Août 2026,29.45,35.3,25.51,14.25,69.75,2.61,6.12
DRS Fatick,Passy,Janvier 2021,23.92,33.02,16.68,0.0,39.02,3.06,5.54
DRS Fatick,Passy,Février 2021,25.97,35.53,18.18,0.0,31.46,2.85,5.49
DRS Fatick,Passy,Mars 2021,27.13,37.42,18.95,2.76,39.4,3.29,6.91
DRS Fatick,Passy,Avril 2021,29.15,40.06,20.64,0.0,43.69,3.09,7.23
DRS Fatick,Passy,Mai 2021,28.97,38.89,21.4,0.56,48.23,3.51,6.62
DRS Fatick,Passy,Juin 2021,29.45,36.09,24.42,74.38,62.07,3.08,5.66
DRS Fatick,Passy,Juillet 2021,28.38,33.05,24.91,85.68,72.79,2.62,5.66
DRS Fatick,Passy,Août 2021,27.1,30.36,24.65,345.45,85.74,1.97,5.04
DRS Fatick,Passy,Septembre 2021,27.32,30.65,24.62,245.94,85.84,1.45,5.54
DRS Fatick,Passy,Octobre 2021,27.31,31.59,23.93,69.27,80.57,1.44,5.11
DRS Fatick,Passy,Novembre 2021,26.62,32.4,21.73,3.02,68.58,1.58,5.48
DRS Fatick,Passy,Décembre 2021,25.1,32.2,19.03,0.01,50.94,2.21,4.94
DRS Fatick,Passy,Janvier 2022,24.62,33.13,17.75,0.0,42.16,2.69,5.29
DRS Fatick,Passy,Février 2022,25.53,35.23,17.65,0.0,34.06,3.21,6.3
DRS Fatick,Passy,Mars 2022,27.11,37.41,18.79,0.0,35.02,3.36,6.54
DRS Fatick,Passy,Avril 2022,29.33,39.66,20.99,0.0,39.55,3.47,6.8
DRS Fatick,Passy,Mai 2022,29.7,38.87,22.54,41.49,51.12,3.09,6.5
DRS Fatick,Passy,Juin 2022,28.76,34.52,24.48,77.02,69.0,3.03,5.62
DRS Fatick,Passy,Juillet 2022,28.05,32.08,25.01,183.71,77.26,2.66,5.1
DRS Fatick,Passy,Août 2022,26.98,30.13,24.67,324.63,86.71,2.18,4.61
DRS Fatick,Passy,Septembre 2022,26.96,30.12,24.48,284.48,87.18,1.72,5.19
DRS Fatick,Passy,Octobre 2022,27.17,31.13,23.92,122.86,82.14,1.34,5.39
DRS Fatick,Passy,Novembre 2022,24.8,31.56,19.23,0.0,63.62,1.67,5.34
DRS Fatick,Passy,Décembre 2022,23.57,31.37,17.1,2.54,58.97,2.12,5.37
DRS Fatick,Passy,Janvier 2023,22.96,31.3,16.29,0.0,47.59,2.68,5.47
DRS Fatick,Passy,Février 2023,25.59,34.93,18.29,0.0,40.77,2.94,5.69
DRS Fatick,Passy,Mars 2023,28.14,38.54,20.04,0.0,42.18,2.64,6.9
DRS Fatick,Passy,Avril 2023,29.97,39.45,22.48,0.0,42.74,3.3,6.79
DRS Fatick,Passy,Mai 2023,31.03,39.22,24.5,0.41,48.27,3.15,6.05
DRS Fatick,Passy,Juin 2023,30.31,37.07,25.28,33.53,60.7,3.47,6.01
DRS Fatick,Passy,Juillet 2023,28.6,32.52,25.71,201.25,78.47,2.19,5.36
DRS Fatick,Passy,Août 2023,27.7,30.98,25.27,355.73,85.81,2.21,4.89
DRS Fatick,Passy,Septembre 2023,27.53,30.51,25.14,191.46,86.41,1.51,5.34
DRS Fatick,Passy,Octobre 2023,27.76,31.44,24.83,50.31,82.51,1.31,5.37
DRS Fatick,Passy,Novembre 2023,25.92,33.2,19.57,0.4,61.32,1.67,5.71
DRS Fatick,Passy,Décembre 2023,23.64,31.8,16.65,0.0,45.16,2.19,5.29
DRS Fatick,Passy,Janvier 2024,24.36,33.58,16.8,0.0,43.74,2.35,5.32
DRS Fatick,Passy,Février 2024,26.89,37.24,18.37,0.0,33.71,2.71,6.11
DRS Fatick,Passy,Mars 2024,27.92,38.65,19.54,0.0,41.4,3.2,6.78
DRS Fatick,Passy,Avril 2024,30.44,40.7,22.3,0.27,41.32,3.21,6.68
DRS Fatick,Passy,Mai 2024,31.18,40.65,23.91,1.16,47.42,3.38,6.64
DRS Fatick,Passy,Juin 2024,28.84,35.61,23.75,78.68,65.16,3.24,5.98
DRS Fatick,Passy,Juillet 2024,27.97,31.74,25.16,171.29,81.07,2.73,4.71
DRS Fatick,Passy,Août 2024,27.63,31.03,25.21,247.13,84.97,2.34,4.77
DRS Fatick,Passy,Septembre 2024,27.49,30.82,24.96,259.72,85.26,1.91,4.66
DRS Fatick,Passy,Octobre 2024,27.48,31.56,24.24,110.3,81.19,1.47,5.22
DRS Fatick,Passy,Novembre 2024,26.88,33.92,21.05,0.0,64.02,1.61,5.64
DRS Fatick,Passy,Décembre 2024,23.76,31.48,17.71,2.16,48.09,2.43,4.63
DRS Fatick,Passy,Janvier 2025,24.1,33.85,16.26,0.0,34.78,2.98,5.67
DRS Fatick,Passy,Février 2025,25.53,35.82,17.47,0.0,30.46,3.34,6.13
DRS Fatick,Passy,Mars 2025,27.4,37.36,19.85,0.57,43.45,3.54,6.63
DRS Fatick,Passy,Avril 2025,29.93,39.46,22.32,0.01,44.85,3.61,6.65
DRS Fatick,Passy,Mai 2025,30.35,39.03,23.63,7.58,49.28,3.43,6.04
DRS Fatick,Passy,Juin 2025,30.18,37.08,24.8,35.77,61.49,3.11,6.02
DRS Fatick,Passy,Juillet 2025,28.43,32.64,25.25,83.73,75.15,2.64,5.27
DRS Fatick,Passy,Août 2025,27.36,30.7,24.84,382.93,85.56,2.12,4.94
DRS Fatick,Passy,Septembre 2025,27.55,30.76,24.99,198.13,85.79,1.54,5.06
DRS Fatick,Passy,Octobre 2025,28.26,32.61,24.73,53.21,79.43,1.32,5.72
DRS Fatick,Passy,Novembre 2025,26.22,32.38,21.58,3.88,62.82,1.93,4.73
DRS Fatick,Passy,Décembre 2025,23.25,31.33,17.06,0.04,46.31,2.78,4.98
DRS Fatick,Passy,Janvier 2026,24.58,33.55,17.45,0.34,37.15,3.28,5.34
DRS Fatick,Passy,Février 2026,26.51,36.95,17.89,0.0,30.59,2.8,6.05
DRS Fatick,Passy,Mars 2026,27.43,36.74,20.0,0.0,41.99,3.56,6.61
DRS Fatick,Passy,Avril 2026,29.73,40.11,21.05,0.76,35.27,3.52,7.05
DRS Fatick,Passy,Mai 2026,30.7,39.96,23.48,5.57,45.69,3.35,6.39
DRS Fatick,Passy,Juin 2026,30.81,38.17,25.21,7.36,56.38,3.26,5.76
DRS Fatick,Passy,Juillet 2026,29.54,34.67,25.89,146.92,70.41,2.06,5.37
DRS Fatick,Passy,Août 2026,28.95,34.25,25.64,19.02,73.45,2.17,5.58
DRS Fatick,Sokone,Janvier 2021,23.92,33.02,16.68,0.0,39.02,3.06,5.54
DRS Fatick,Sokone,Février 2021,25.97,35.53,18.18,0.0,31.46,2.85,5.49
DRS Fatick,Sokone,Mars 2021,27.13,37.42,18.95,2.76,39.4,3.29,6.91
DRS Fatick,Sokone,Avril 2021,29.15,40.06,20.64,0.0,43.69,3.09,7.23
DRS Fatick,Sokone,Mai 2021,28.97,38.89,21.4,0.56,48.23,3.51,6.62
DRS Fatick,Sokone,Juin 2021,29.45,36.09,24.42,74.38,62.07,3.08,5.66
DRS Fatick,Sokone,Juillet 2021,28.38,33.05,24.91,85.68,72.79,2.62,5.66
DRS Fatick,Sokone,Août 2021,27.1,30.36,24.65,345.45,85.74,1.97,5.04
DRS Fatick,Sokone,Septembre 2021,27.32,30.65,24.62,245.94,85.84,1.45,5.54
DRS Fatick,Sokone,Octobre 2021,27.31,31.59,23.93,69.27,80.57,1.44,5.11
DRS Fatick,Sokone,Novembre 2021,26.62,32.4,21.73,3.02,68.58,1.58,5.48
DRS Fatick,Sokone,Décembre 2021,25.1,32.2,19.03,0.01,50.94,2.21,4.94
DRS Fatick,Sokone,Janvier 2022,24.62,33.13,17.75,0.0,42.16,2.69,5.29
DRS Fatick,Sokone,Février 2022,25.53,35.23,17.65,0.0,34.06,3.21,6.3
DRS Fatick,Sokone,Mars 2022,27.11,37.41,18.79,0.0,35.02,3.36,6.54
DRS Fatick,Sokone,Avril 2022,29.33,39.66,20.99,0.0,39.55,3.47,6.8
DRS Fatick,Sokone,Mai 2022,29.7,38.87,22.54,41.49,51.12,3.09,6.5
DRS Fatick,Sokone,Juin 2022,28.76,34.52,24.48,77.02,69.0,3.03,5.62
DRS Fatick,Sokone,Juillet 2022,28.05,32.08,25.01,183.71,77.26,2.66,5.1
DRS Fatick,Sokone,Août 2022,26.98,30.13,24.67,324.63,86.71,2.18,4.61
DRS Fatick,Sokone,Septembre 2022,26.96,30.12,24.48,284.48,87.18,1.72,5.19
DRS Fatick,Sokone,Octobre 2022,27.17,31.13,23.92,122.86,82.14,1.34,5.39
DRS Fatick,Sokone,Novembre 2022,24.8,31.56,19.23,0.0,63.62,1.67,5.34
DRS Fatick,Sokone,Décembre 2022,23.57,31.37,17.1,2.54,58.97,2.12,5.37
DRS Fatick,Sokone,Janvier 2023,22.96,31.3,16.29,0.0,47.59,2.68,5.47
DRS Fatick,Sokone,Février 2023,25.59,34.93,18.29,0.0,40.77,2.94,5.69
DRS Fatick,Sokone,Mars 2023,28.14,38.54,20.04,0.0,42.18,2.64,6.9
DRS Fatick,Sokone,Avril 2023,29.97,39.45,22.48,0.0,42.74,3.3,6.79
DRS Fatick,Sokone,Mai 2023,31.03,39.22,24.5,0.41,48.27,3.15,6.05
DRS Fatick,Sokone,Juin 2023,30.31,37.07,25.28,33.53,60.7,3.47,6.01
DRS Fatick,Sokone,Juillet 2023,28.6,32.52,25.71,201.25,78.47,2.19,5.36
DRS Fatick,Sokone,Août 2023,27.7,30.98,25.27,355.73,85.81,2.21,4.89
DRS Fatick,Sokone,Septembre 2023,27.53,30.51,25.14,191.46,86.41,1.51,5.34
DRS Fatick,Sokone,Octobre 2023,27.76,31.44,24.83,50.31,82.51,1.31,5.37
DRS Fatick,Sokone,Novembre 2023,25.92,33.2,19.57,0.4,61.32,1.67,5.71
DRS Fatick,Sokone,Décembre 2023,23.64,31.8,16.65,0.0,45.16,2.19,5.29
DRS Fatick,Sokone,Janvier 2024,24.36,33.58,16.8,0.0,43.74,2.35,5.32
DRS Fatick,Sokone,Février 2024,26.89,37.24,18.37,0.0,33.71,2.71,6.11
DRS Fatick,Sokone,Mars 2024,27.92,38.65,19.54,0.0,41.4,3.2,6.78
DRS Fatick,Sokone,Avril 2024,30.44,40.7,22.3,0.27,41.32,3.21,6.68
DRS Fatick,Sokone,Mai 2024,31.18,40.65,23.91,1.16,47.42,3.38,6.64
DRS Fatick,Sokone,Juin 2024,28.84,35.61,23.75,78.68,65.16,3.24,5.98
DRS Fatick,Sokone,Juillet 2024,27.97,31.74,25.16,171.29,81.07,2.73,4.71
DRS Fatick,Sokone,Août 2024,27.63,31.03,25.21,247.13,84.97,2.34,4.77
DRS Fatick,Sokone,Septembre 2024,27.49,30.82,24.96,259.72,85.26,1.91,4.66
DRS Fatick,Sokone,Octobre 2024,27.48,31.56,24.24,110.3,81.19,1.47,5.22
DRS Fatick,Sokone,Novembre 2024,26.88,33.92,21.05,0.0,64.02,1.61,5.64
DRS Fatick,Sokone,Décembre 2024,23.76,31.48,17.71,2.16,48.09,2.43,4.63
DRS Fatick,Sokone,Janvier 2025,24.1,33.85,16.26,0.0,34.78,2.98,5.67
DRS Fatick,Sokone,Février 2025,25.53,35.82,17.47,0.0,30.46,3.34,6.13
DRS Fatick,Sokone,Mars 2025,27.4,37.36,19.85,0.57,43.45,3.54,6.63
DRS Fatick,Sokone,Avril 2025,29.93,39.46,22.32,0.01,44.85,3.61,6.65
DRS Fatick,Sokone,Mai 2025,30.35,39.03,23.63,7.58,49.28,3.43,6.04
DRS Fatick,Sokone,Juin 2025,30.18,37.08,24.8,35.77,61.49,3.11,6.02
DRS Fatick,Sokone,Juillet 2025,28.43,32.64,25.25,83.73,75.15,2.64,5.27
DRS Fatick,Sokone,Août 2025,27.36,30.7,24.84,382.93,85.56,2.12,4.94
DRS Fatick,Sokone,Septembre 2025,27.55,30.76,24.99,198.13,85.79,1.54,5.06
DRS Fatick,Sokone,Octobre 2025,28.26,32.61,24.73,53.21,79.43,1.32,5.72
DRS Fatick,Sokone,Novembre 2025,26.22,32.38,21.58,3.88,62.82,1.93,4.73
DRS Fatick,Sokone,Décembre 2025,23.25,31.33,17.06,0.04,46.31,2.78,4.98
DRS Fatick,Sokone,Janvier 2026,24.58,33.55,17.45,0.34,37.15,3.28,5.34
DRS Fatick,Sokone,Février 2026,26.51,36.95,17.89,0.0,30.59,2.8,6.05
DRS Fatick,Sokone,Mars 2026,27.43,36.74,20.0,0.0,41.99,3.56,6.61
DRS Fatick,Sokone,Avril 2026,29.73,40.11,21.05,0.76,35.27,3.52,7.05
DRS Fatick,Sokone,Mai 2026,30.7,39.96,23.48,5.57,45.69,3.35,6.39
DRS Fatick,Sokone,Juin 2026,30.81,38.17,25.21,7.36,56.38,3.26,5.76
DRS Fatick,Sokone,Juillet 2026,29.54,34.67,25.89,146.92,70.41,2.06,5.37
DRS Fatick,Sokone,Août 2026,28.95,34.25,25.64,19.02,73.45,2.17,5.58
DRS Kaffrine,Birkelane,Janvier 2021,24.3,34.03,16.72,0.0,35.76,3.19,5.47
DRS Kaffrine,Birkelane,Février 2021,26.48,36.29,18.27,0.0,27.04,2.86,5.55
DRS Kaffrine,Birkelane,Mars 2021,28.42,38.59,19.77,0.06,29.99,3.15,6.73
DRS Kaffrine,Birkelane,Avril 2021,30.9,41.37,21.72,0.0,33.36,2.83,7.19
DRS Kaffrine,Birkelane,Mai 2021,30.91,40.69,22.43,0.0,37.44,3.33,6.78
DRS Kaffrine,Birkelane,Juin 2021,30.54,37.45,24.77,93.01,56.91,3.05,6.19
DRS Kaffrine,Birkelane,Juillet 2021,28.34,33.3,24.46,101.26,73.56,2.53,6.31
DRS Kaffrine,Birkelane,Août 2021,26.96,30.51,24.16,440.65,86.2,1.86,5.78
DRS Kaffrine,Birkelane,Septembre 2021,27.07,30.62,24.04,248.97,86.4,1.44,5.87
DRS Kaffrine,Birkelane,Octobre 2021,26.91,31.38,23.2,59.3,81.85,1.33,5.37
DRS Kaffrine,Birkelane,Novembre 2021,26.16,31.86,21.06,0.94,69.7,1.44,5.4
DRS Kaffrine,Birkelane,Décembre 2021,24.56,31.85,18.43,0.0,52.53,2.19,4.82
DRS Kaffrine,Birkelane,Janvier 2022,24.33,33.37,17.08,0.0,39.46,2.71,5.25
DRS Kaffrine,Birkelane,Février 2022,25.7,35.81,17.35,0.0,29.95,3.09,6.16
DRS Kaffrine,Birkelane,Mars 2022,28.1,38.35,19.43,0.0,27.07,3.16,6.5
DRS Kaffrine,Birkelane,Avril 2022,30.75,40.86,21.94,0.0,30.68,3.28,7.09
DRS Kaffrine,Birkelane,Mai 2022,31.32,40.35,23.27,33.3,41.33,2.99,6.95
DRS Kaffrine,Birkelane,Juin 2022,29.45,35.62,24.52,57.06,64.72,3.08,6.26
DRS Kaffrine,Birkelane,Juillet 2022,28.18,32.72,24.69,218.67,76.48,2.63,5.83
DRS Kaffrine,Birkelane,Août 2022,26.85,30.37,24.19,340.57,86.73,2.12,5.34
DRS Kaffrine,Birkelane,Septembre 2022,26.72,30.1,23.94,279.37,87.81,1.6,5.6
DRS Kaffrine,Birkelane,Octobre 2022,26.82,31.14,23.31,108.92,82.93,1.32,5.61
DRS Kaffrine,Birkelane,Novembre 2022,24.36,31.27,18.62,0.0,64.25,1.59,5.27
DRS Kaffrine,Birkelane,Décembre 2022,23.47,31.67,16.83,2.11,57.11,2.1,5.35
DRS Kaffrine,Birkelane,Janvier 2023,23.07,32.08,16.0,0.0,43.52,2.74,5.27
DRS Kaffrine,Birkelane,Février 2023,26.33,36.04,18.61,0.0,33.88,2.93,5.67
DRS Kaffrine,Birkelane,Mars 2023,29.12,39.51,20.3,0.0,32.72,2.54,6.81
DRS Kaffrine,Birkelane,Avril 2023,31.36,40.73,23.17,0.0,33.88,3.07,7.0
DRS Kaffrine,Birkelane,Mai 2023,32.42,40.39,25.34,1.12,40.55,2.88,6.48
DRS Kaffrine,Birkelane,Juin 2023,31.24,38.34,25.48,46.1,55.61,3.36,6.61
DRS Kaffrine,Birkelane,Juillet 2023,28.66,33.02,25.31,204.96,77.54,2.16,6.09
DRS Kaffrine,Birkelane,Août 2023,27.62,31.25,24.75,440.1,85.62,2.15,5.61
DRS Kaffrine,Birkelane,Septembre 2023,27.3,30.61,24.55,169.48,86.8,1.48,5.81
DRS Kaffrine,Birkelane,Octobre 2023,27.32,31.22,24.03,44.28,83.61,1.23,5.5
DRS Kaffrine,Birkelane,Novembre 2023,25.57,32.99,18.88,0.32,60.41,1.55,5.69
DRS Kaffrine,Birkelane,Décembre 2023,23.62,32.3,16.21,0.0,42.43,2.17,5.19
DRS Kaffrine,Birkelane,Janvier 2024,24.59,34.46,16.56,0.0,38.5,2.37,5.27
DRS Kaffrine,Birkelane,Février 2024,27.36,38.12,18.37,0.0,26.1,2.75,6.07
DRS Kaffrine,Birkelane,Mars 2024,29.24,39.8,20.24,0.0,30.65,2.92,6.53
DRS Kaffrine,Birkelane,Avril 2024,32.06,41.99,23.4,0.04,32.24,3.07,6.85
DRS Kaffrine,Birkelane,Mai 2024,32.95,42.28,24.68,0.9,37.79,3.2,6.87
DRS Kaffrine,Birkelane,Juin 2024,30.48,38.13,24.25,40.18,56.2,3.41,6.45
DRS Kaffrine,Birkelane,Juillet 2024,28.21,32.5,24.89,188.95,79.54,2.8,5.6
DRS Kaffrine,Birkelane,Août 2024,27.62,31.54,24.68,196.86,84.43,2.29,5.45
DRS Kaffrine,Birkelane,Septembre 2024,27.27,31.03,24.33,257.31,85.5,1.89,4.92
DRS Kaffrine,Birkelane,Octobre 2024,27.2,31.61,23.6,121.7,81.06,1.42,5.6
DRS Kaffrine,Birkelane,Novembre 2024,26.42,34.23,20.41,0.0,62.68,1.62,5.65
DRS Kaffrine,Birkelane,Décembre 2024,23.95,32.4,17.57,3.28,44.85,2.57,4.52
DRS Kaffrine,Birkelane,Janvier 2025,24.65,34.8,16.58,0.0,29.23,3.17,5.59
DRS Kaffrine,Birkelane,Février 2025,26.51,36.89,18.2,0.0,23.78,3.38,6.09
DRS Kaffrine,Birkelane,Mars 2025,29.02,38.83,20.93,0.0,33.86,3.19,6.51
DRS Kaffrine,Birkelane,Avril 2025,31.81,41.12,23.66,0.01,35.47,3.34,6.81
DRS Kaffrine,Birkelane,Mai 2025,32.37,40.76,24.95,8.32,39.76,3.2,6.44
DRS Kaffrine,Birkelane,Juin 2025,31.23,38.46,25.0,51.02,56.26,2.85,6.55
DRS Kaffrine,Birkelane,Juillet 2025,28.23,32.86,24.66,123.95,76.66,2.52,6.14
DRS Kaffrine,Birkelane,Août 2025,27.29,30.97,24.32,329.51,85.53,2.09,5.44
DRS Kaffrine,Birkelane,Septembre 2025,27.34,30.96,24.29,164.8,85.78,1.52,5.39
DRS Kaffrine,Birkelane,Octobre 2025,28.05,32.96,23.93,40.91,78.74,1.29,5.97
DRS Kaffrine,Birkelane,Novembre 2025,26.44,33.3,21.13,3.05,57.97,1.96,4.76
DRS Kaffrine,Birkelane,Décembre 2025,23.93,32.66,17.23,0.05,41.04,2.86,4.87
DRS Kaffrine,Birkelane,Janvier 2026,25.32,34.67,17.91,0.66,30.77,3.47,5.13
DRS Kaffrine,Birkelane,Février 2026,27.21,37.89,18.33,0.0,22.49,2.89,6.06
DRS Kaffrine,Birkelane,Mars 2026,28.89,38.15,20.89,0.0,32.9,3.43,6.55
DRS Kaffrine,Birkelane,Avril 2026,31.2,41.27,22.11,0.0,23.89,3.36,7.21
DRS Kaffrine,Birkelane,Mai 2026,33.07,41.94,25.06,0.95,34.97,3.15,6.83
DRS Kaffrine,Birkelane,Juin 2026,32.43,39.87,25.93,10.55,48.18,3.16,6.01
DRS Kaffrine,Birkelane,Juillet 2026,30.05,35.32,26.06,151.83,67.69,2.18,5.73
DRS Kaffrine,Birkelane,Août 2026,29.2,34.89,25.28,15.84,72.76,2.13,6.3
DRS Kaffrine,Kaffrine,Janvier 2021,24.3,34.03,16.72,0.0,35.76,3.19,5.47
DRS Kaffrine,Kaffrine,Février 2021,26.48,36.29,18.27,0.0,27.04,2.86,5.55
DRS Kaffrine,Kaffrine,Mars 2021,28.42,38.59,19.77,0.06,29.99,3.15,6.73
DRS Kaffrine,Kaffrine,Avril 2021,30.9,41.37,21.72,0.0,33.36,2.83,7.19
DRS Kaffrine,Kaffrine,Mai 2021,30.91,40.69,22.43,0.0,37.44,3.33,6.78
DRS Kaffrine,Kaffrine,Juin 2021,30.54,37.45,24.77,93.01,56.91,3.05,6.19
DRS Kaffrine,Kaffrine,Juillet 2021,28.34,33.3,24.46,101.26,73.56,2.53,6.31
DRS Kaffrine,Kaffrine,Août 2021,26.96,30.51,24.16,440.65,86.2,1.86,5.78
DRS Kaffrine,Kaffrine,Septembre 2021,27.07,30.62,24.04,248.97,86.4,1.44,5.87
DRS Kaffrine,Kaffrine,Octobre 2021,26.91,31.38,23.2,59.3,81.85,1.33,5.37
DRS Kaffrine,Kaffrine,Novembre 2021,26.16,31.86,21.06,0.94,69.7,1.44,5.4
DRS Kaffrine,Kaffrine,Décembre 2021,24.56,31.85,18.43,0.0,52.53,2.19,4.82
DRS Kaffrine,Kaffrine,Janvier 2022,24.33,33.37,17.08,0.0,39.46,2.71,5.25
DRS Kaffrine,Kaffrine,Février 2022,25.7,35.81,17.35,0.0,29.95,3.09,6.16
DRS Kaffrine,Kaffrine,Mars 2022,28.1,38.35,19.43,0.0,27.07,3.16,6.5
DRS Kaffrine,Kaffrine,Avril 2022,30.75,40.86,21.94,0.0,30.68,3.28,7.09
DRS Kaffrine,Kaffrine,Mai 2022,31.32,40.35,23.27,33.3,41.33,2.99,6.95
DRS Kaffrine,Kaffrine,Juin 2022,29.45,35.62,24.52,57.06,64.72,3.08,6.26
DRS Kaffrine,Kaffrine,Juillet 2022,28.18,32.72,24.69,218.67,76.48,2.63,5.83
DRS Kaffrine,Kaffrine,Août 2022,26.85,30.37,24.19,340.57,86.73,2.12,5.34
DRS Kaffrine,Kaffrine,Septembre 2022,26.72,30.1,23.94,279.37,87.81,1.6,5.6
DRS Kaffrine,Kaffrine,Octobre 2022,26.82,31.14,23.31,108.92,82.93,1.32,5.61
DRS Kaffrine,Kaffrine,Novembre 2022,24.36,31.27,18.62,0.0,64.25,1.59,5.27
DRS Kaffrine,Kaffrine,Décembre 2022,23.47,31.67,16.83,2.11,57.11,2.1,5.35
DRS Kaffrine,Kaffrine,Janvier 2023,23.07,32.08,16.0,0.0,43.52,2.74,5.27
DRS Kaffrine,Kaffrine,Février 2023,26.33,36.04,18.61,0.0,33.88,2.93,5.67
DRS Kaffrine,Kaffrine,Mars 2023,29.12,39.51,20.3,0.0,32.72,2.54,6.81
DRS Kaffrine,Kaffrine,Avril 2023,31.36,40.73,23.17,0.0,33.88,3.07,7.0
DRS Kaffrine,Kaffrine,Mai 2023,32.42,40.39,25.34,1.12,40.55,2.88,6.48
DRS Kaffrine,Kaffrine,Juin 2023,31.24,38.34,25.48,46.1,55.61,3.36,6.61
DRS Kaffrine,Kaffrine,Juillet 2023,28.66,33.02,25.31,204.96,77.54,2.16,6.09
DRS Kaffrine,Kaffrine,Août 2023,27.62,31.25,24.75,440.1,85.62,2.15,5.61
DRS Kaffrine,Kaffrine,Septembre 2023,27.3,30.61,24.55,169.48,86.8,1.48,5.81
DRS Kaffrine,Kaffrine,Octobre 2023,27.32,31.22,24.03,44.28,83.61,1.23,5.5
DRS Kaffrine,Kaffrine,Novembre 2023,25.57,32.99,18.88,0.32,60.41,1.55,5.69
DRS Kaffrine,Kaffrine,Décembre 2023,23.62,32.3,16.21,0.0,42.43,2.17,5.19
DRS Kaffrine,Kaffrine,Janvier 2024,24.59,34.46,16.56,0.0,38.5,2.37,5.27
DRS Kaffrine,Kaffrine,Février 2024,27.36,38.12,18.37,0.0,26.1,2.75,6.07
DRS Kaffrine,Kaffrine,Mars 2024,29.24,39.8,20.24,0.0,30.65,2.92,6.53
DRS Kaffrine,Kaffrine,Avril 2024,32.06,41.99,23.4,0.04,32.24,3.07,6.85
DRS Kaffrine,Kaffrine,Mai 2024,32.95,42.28,24.68,0.9,37.79,3.2,6.87
DRS Kaffrine,Kaffrine,Juin 2024,30.48,38.13,24.25,40.18,56.2,3.41,6.45
DRS Kaffrine,Kaffrine,Juillet 2024,28.21,32.5,24.89,188.95,79.54,2.8,5.6
DRS Kaffrine,Kaffrine,Août 2024,27.62,31.54,24.68,196.86,84.43,2.29,5.45
DRS Kaffrine,Kaffrine,Septembre 2024,27.27,31.03,24.33,257.31,85.5,1.89,4.92
DRS Kaffrine,Kaffrine,Octobre 2024,27.2,31.61,23.6,121.7,81.06,1.42,5.6
DRS Kaffrine,Kaffrine,Novembre 2024,26.42,34.23,20.41,0.0,62.68,1.62,5.65
DRS Kaffrine,Kaffrine,Décembre 2024,23.95,32.4,17.57,3.28,44.85,2.57,4.52
DRS Kaffrine,Kaffrine,Janvier 2025,24.65,34.8,16.58,0.0,29.23,3.17,5.59
DRS Kaffrine,Kaffrine,Février 2025,26.51,36.89,18.2,0.0,23.78,3.38,6.09
DRS Kaffrine,Kaffrine,Mars 2025,29.02,38.83,20.93,0.0,33.86,3.19,6.51
DRS Kaffrine,Kaffrine,Avril 2025,31.81,41.12,23.66,0.01,35.47,3.34,6.81
DRS Kaffrine,Kaffrine,Mai 2025,32.37,40.76,24.95,8.32,39.76,3.2,6.44
DRS Kaffrine,Kaffrine,Juin 2025,31.23,38.46,25.0,51.02,56.26,2.85,6.55
DRS Kaffrine,Kaffrine,Juillet 2025,28.23,32.86,24.66,123.95,76.66,2.52,6.14
DRS Kaffrine,Kaffrine,Août 2025,27.29,30.97,24.32,329.51,85.53,2.09,5.44
DRS Kaffrine,Kaffrine,Septembre 2025,27.34,30.96,24.29,164.8,85.78,1.52,5.39
DRS Kaffrine,Kaffrine,Octobre 2025,28.05,32.96,23.93,40.91,78.74,1.29,5.97
DRS Kaffrine,Kaffrine,Novembre 2025,26.44,33.3,21.13,3.05,57.97,1.96,4.76
DRS Kaffrine,Kaffrine,Décembre 2025,23.93,32.66,17.23,0.05,41.04,2.86,4.87
DRS Kaffrine,Kaffrine,Janvier 2026,25.32,34.67,17.91,0.66,30.77,3.47,5.13
DRS Kaffrine,Kaffrine,Février 2026,27.21,37.89,18.33,0.0,22.49,2.89,6.06
DRS Kaffrine,Kaffrine,Mars 2026,28.89,38.15,20.89,0.0,32.9,3.43,6.55
DRS Kaffrine,Kaffrine,Avril 2026,31.2,41.27,22.11,0.0,23.89,3.36,7.21
DRS Kaffrine,Kaffrine,Mai 2026,33.07,41.94,25.06,0.95,34.97,3.15,6.83
DRS Kaffrine,Kaffrine,Juin 2026,32.43,39.87,25.93,10.55,48.18,3.16,6.01
DRS Kaffrine,Kaffrine,Juillet 2026,30.05,35.32,26.06,151.83,67.69,2.18,5.73
DRS Kaffrine,Kaffrine,Août 2026,29.2,34.89,25.28,15.84,72.76,2.13,6.3
DRS Kaffrine,Koungheul,Janvier 2021,25.41,35.16,17.68,0.0,30.22,3.46,5.71
DRS Kaffrine,Koungheul,Février 2021,27.56,36.91,19.48,0.0,21.68,3.08,5.47
DRS Kaffrine,Koungheul,Mars 2021,29.79,39.32,21.24,0.01,23.36,3.17,6.85
DRS Kaffrine,Koungheul,Avril 2021,32.4,42.09,23.29,0.0,27.09,2.72,7.12
DRS Kaffrine,Koungheul,Mai 2021,32.53,41.49,24.04,0.0,30.44,3.2,6.54
DRS Kaffrine,Koungheul,Juin 2021,31.44,37.96,25.67,101.22,53.19,3.14,5.91
DRS Kaffrine,Koungheul,Juillet 2021,28.49,33.29,24.65,122.25,73.51,2.63,5.75
DRS Kaffrine,Koungheul,Août 2021,26.99,30.46,24.16,487.34,86.28,1.88,5.42
DRS Kaffrine,Koungheul,Septembre 2021,26.98,30.35,24.02,276.57,87.08,1.5,5.75
DRS Kaffrine,Koungheul,Octobre 2021,26.86,31.16,23.19,62.74,82.22,1.32,5.1
DRS Kaffrine,Koungheul,Novembre 2021,26.21,31.9,21.1,1.6,70.17,1.46,5.34
DRS Kaffrine,Koungheul,Décembre 2021,24.64,32.01,18.54,0.0,52.33,2.27,5.02
DRS Kaffrine,Koungheul,Janvier 2022,24.83,33.96,17.36,0.0,34.39,2.85,5.44
DRS Kaffrine,Koungheul,Février 2022,26.45,36.47,18.06,0.0,25.18,3.15,6.2
DRS Kaffrine,Koungheul,Mars 2022,29.43,39.19,20.81,0.0,21.03,3.21,6.48
DRS Kaffrine,Koungheul,Avril 2022,32.21,41.58,23.48,0.0,24.42,3.23,7.04
DRS Kaffrine,Koungheul,Mai 2022,32.64,41.0,24.63,21.33,34.42,2.93,6.61
DRS Kaffrine,Koungheul,Juin 2022,30.26,36.06,25.17,56.89,60.37,3.16,5.94
DRS Kaffrine,Koungheul,Juillet 2022,28.4,32.88,24.87,180.69,75.51,2.67,5.28
DRS Kaffrine,Koungheul,Août 2022,26.92,30.46,24.19,346.02,86.08,2.19,4.97
DRS Kaffrine,Koungheul,Septembre 2022,26.66,29.87,23.9,257.91,87.97,1.6,5.28
DRS Kaffrine,Koungheul,Octobre 2022,26.7,30.85,23.21,97.9,83.45,1.36,5.47
DRS Kaffrine,Koungheul,Novembre 2022,24.27,30.96,18.63,0.01,64.12,1.67,5.31
DRS Kaffrine,Koungheul,Décembre 2022,23.93,32.31,17.22,1.56,53.64,2.24,5.14
DRS Kaffrine,Koungheul,Janvier 2023,24.05,33.33,16.76,0.0,35.99,3.01,5.39
DRS Kaffrine,Koungheul,Février 2023,27.97,37.54,20.11,0.0,26.0,3.12,5.77
DRS Kaffrine,Koungheul,Mars 2023,30.38,40.29,21.35,0.0,25.1,2.61,6.95
DRS Kaffrine,Koungheul,Avril 2023,32.76,41.5,24.46,0.0,26.9,3.03,7.01
DRS Kaffrine,Koungheul,Mai 2023,33.53,40.89,26.49,2.11,35.9,2.89,6.26
DRS Kaffrine,Koungheul,Juin 2023,31.88,38.51,26.18,57.12,53.06,3.36,6.17
DRS Kaffrine,Koungheul,Juillet 2023,28.97,33.29,25.47,185.07,75.67,2.26,5.8
DRS Kaffrine,Koungheul,Août 2023,27.79,31.48,24.77,406.63,84.39,2.15,5.39
DRS Kaffrine,Koungheul,Septembre 2023,27.37,30.64,24.53,151.44,86.36,1.54,5.39
DRS Kaffrine,Koungheul,Octobre 2023,27.41,31.32,24.06,57.03,82.79,1.29,5.51
DRS Kaffrine,Koungheul,Novembre 2023,26.22,34.02,19.23,0.51,56.29,1.62,5.69
DRS Kaffrine,Koungheul,Décembre 2023,24.68,33.9,17.01,0.0,34.91,2.4,5.27
DRS Kaffrine,Koungheul,Janvier 2024,26.04,36.01,17.88,0.0,28.36,2.64,5.4
DRS Kaffrine,Koungheul,Février 2024,28.7,39.09,19.76,0.0,17.45,3.0,6.15
DRS Kaffrine,Koungheul,Mars 2024,30.84,40.75,21.9,0.0,22.77,2.91,6.6
DRS Kaffrine,Koungheul,Avril 2024,33.51,42.67,24.96,0.02,26.05,3.12,6.85
DRS Kaffrine,Koungheul,Mai 2024,34.37,42.92,26.01,1.0,31.76,3.14,6.85
DRS Kaffrine,Koungheul,Juin 2024,32.01,39.45,25.44,31.85,48.79,3.44,6.2
DRS Kaffrine,Koungheul,Juillet 2024,28.63,33.02,25.16,173.31,77.33,2.92,4.95
DRS Kaffrine,Koungheul,Août 2024,27.87,31.91,24.73,163.58,82.91,2.43,5.06
DRS Kaffrine,Koungheul,Septembre 2024,27.3,31.04,24.38,251.55,85.11,1.89,4.92
DRS Kaffrine,Koungheul,Octobre 2024,27.28,31.63,23.62,98.19,80.39,1.43,5.4
DRS Kaffrine,Koungheul,Novembre 2024,26.47,34.5,20.39,0.0,60.41,1.8,5.69
DRS Kaffrine,Koungheul,Décembre 2024,24.71,33.26,18.15,3.98,39.6,2.88,4.75
DRS Kaffrine,Koungheul,Janvier 2025,25.74,35.53,17.81,0.0,23.71,3.47,5.5
DRS Kaffrine,Koungheul,Février 2025,27.69,37.54,19.5,0.0,19.04,3.52,6.08
DRS Kaffrine,Koungheul,Mars 2025,30.6,39.74,22.51,0.0,26.8,3.04,6.65
DRS Kaffrine,Koungheul,Avril 2025,33.14,41.67,25.14,0.06,30.17,3.22,6.83
DRS Kaffrine,Koungheul,Mai 2025,33.83,41.37,26.5,13.37,34.28,3.07,6.13
DRS Kaffrine,Koungheul,Juin 2025,31.75,38.43,25.56,68.51,54.16,2.69,6.29
DRS Kaffrine,Koungheul,Juillet 2025,28.27,32.67,24.68,150.84,76.82,2.54,5.51
DRS Kaffrine,Koungheul,Août 2025,27.39,31.07,24.33,311.35,85.12,2.06,5.1
DRS Kaffrine,Koungheul,Septembre 2025,27.37,31.0,24.22,134.03,85.12,1.59,5.31
DRS Kaffrine,Koungheul,Octobre 2025,28.16,33.19,23.87,44.36,77.29,1.36,5.66
DRS Kaffrine,Koungheul,Novembre 2025,26.94,34.01,21.28,3.02,53.64,2.07,4.8
DRS Kaffrine,Koungheul,Décembre 2025,24.73,33.39,17.91,0.03,35.82,3.02,4.92
DRS Kaffrine,Koungheul,Janvier 2026,26.27,35.31,18.9,0.81,25.76,3.71,5.19
DRS Kaffrine,Koungheul,Février 2026,28.01,38.21,19.21,0.0,17.23,3.04,5.98
DRS Kaffrine,Koungheul,Mars 2026,30.14,38.83,22.13,0.0,27.49,3.38,6.58
DRS Kaffrine,Koungheul,Avril 2026,32.35,41.73,23.39,0.0,18.35,3.33,7.21
DRS Kaffrine,Koungheul,Mai 2026,34.63,42.5,26.77,1.4,30.36,3.03,6.65
DRS Kaffrine,Koungheul,Juin 2026,33.11,39.83,26.84,24.82,45.49,3.0,5.87
DRS Kaffrine,Koungheul,Juillet 2026,30.42,35.6,26.26,164.52,65.98,2.16,5.43
DRS Kaffrine,Koungheul,Août 2026,29.33,34.81,25.0,14.87,72.62,2.01,6.14
DRS Kaffrine,Malem Hodar,Janvier 2021,25.41,35.16,17.68,0.0,30.22,3.46,5.47
DRS Kaffrine,Malem Hodar,Février 2021,27.56,36.91,19.48,0.0,21.68,3.08,5.55
DRS Kaffrine,Malem Hodar,Mars 2021,29.79,39.32,21.24,0.01,23.36,3.17,6.73
DRS Kaffrine,Malem Hodar,Avril 2021,32.4,42.09,23.29,0.0,27.09,2.72,7.19
DRS Kaffrine,Malem Hodar,Mai 2021,32.53,41.49,24.04,0.0,30.44,3.2,6.78
DRS Kaffrine,Malem Hodar,Juin 2021,31.44,37.96,25.67,101.22,53.19,3.14,6.19
DRS Kaffrine,Malem Hodar,Juillet 2021,28.49,33.29,24.65,122.25,73.51,2.63,6.31
DRS Kaffrine,Malem Hodar,Août 2021,26.99,30.46,24.16,487.34,86.28,1.88,5.78
DRS Kaffrine,Malem Hodar,Septembre 2021,26.98,30.35,24.02,276.57,87.08,1.5,5.87
DRS Kaffrine,Malem Hodar,Octobre 2021,26.86,31.16,23.19,62.74,82.22,1.32,5.37
DRS Kaffrine,Malem Hodar,Novembre 2021,26.21,31.9,21.1,1.6,70.17,1.46,5.4
DRS Kaffrine,Malem Hodar,Décembre 2021,24.64,32.01,18.54,0.0,52.33,2.27,4.82
DRS Kaffrine,Malem Hodar,Janvier 2022,24.83,33.96,17.36,0.0,34.39,2.85,5.25
DRS Kaffrine,Malem Hodar,Février 2022,26.45,36.47,18.06,0.0,25.18,3.15,6.16
DRS Kaffrine,Malem Hodar,Mars 2022,29.43,39.19,20.81,0.0,21.03,3.21,6.5
DRS Kaffrine,Malem Hodar,Avril 2022,32.21,41.58,23.48,0.0,24.42,3.23,7.09
DRS Kaffrine,Malem Hodar,Mai 2022,32.64,41.0,24.63,21.33,34.42,2.93,6.95
DRS Kaffrine,Malem Hodar,Juin 2022,30.26,36.06,25.17,56.89,60.37,3.16,6.26
DRS Kaffrine,Malem Hodar,Juillet 2022,28.4,32.88,24.87,180.69,75.51,2.67,5.83
DRS Kaffrine,Malem Hodar,Août 2022,26.92,30.46,24.19,346.02,86.08,2.19,5.34
DRS Kaffrine,Malem Hodar,Septembre 2022,26.66,29.87,23.9,257.91,87.97,1.6,5.6
DRS Kaffrine,Malem Hodar,Octobre 2022,26.7,30.85,23.21,97.9,83.45,1.36,5.61
DRS Kaffrine,Malem Hodar,Novembre 2022,24.27,30.96,18.63,0.01,64.12,1.67,5.27
DRS Kaffrine,Malem Hodar,Décembre 2022,23.93,32.31,17.22,1.56,53.64,2.24,5.35
DRS Kaffrine,Malem Hodar,Janvier 2023,24.05,33.33,16.76,0.0,35.99,3.01,5.27
DRS Kaffrine,Malem Hodar,Février 2023,27.97,37.54,20.11,0.0,26.0,3.12,5.67
DRS Kaffrine,Malem Hodar,Mars 2023,30.38,40.29,21.35,0.0,25.1,2.61,6.81
DRS Kaffrine,Malem Hodar,Avril 2023,32.76,41.5,24.46,0.0,26.9,3.03,7.0
DRS Kaffrine,Malem Hodar,Mai 2023,33.53,40.89,26.49,2.11,35.9,2.89,6.48
DRS Kaffrine,Malem Hodar,Juin 2023,31.88,38.51,26.18,57.12,53.06,3.36,6.61
DRS Kaffrine,Malem Hodar,Juillet 2023,28.97,33.29,25.47,185.07,75.67,2.26,6.09
DRS Kaffrine,Malem Hodar,Août 2023,27.79,31.48,24.77,406.63,84.39,2.15,5.61
DRS Kaffrine,Malem Hodar,Septembre 2023,27.37,30.64,24.53,151.44,86.36,1.54,5.81
DRS Kaffrine,Malem Hodar,Octobre 2023,27.41,31.32,24.06,57.03,82.79,1.29,5.5
DRS Kaffrine,Malem Hodar,Novembre 2023,26.22,34.02,19.23,0.51,56.29,1.62,5.69
DRS Kaffrine,Malem Hodar,Décembre 2023,24.68,33.9,17.01,0.0,34.91,2.4,5.19
DRS Kaffrine,Malem Hodar,Janvier 2024,26.04,36.01,17.88,0.0,28.36,2.64,5.27
DRS Kaffrine,Malem Hodar,Février 2024,28.7,39.09,19.76,0.0,17.45,3.0,6.07
DRS Kaffrine,Malem Hodar,Mars 2024,30.84,40.75,21.9,0.0,22.77,2.91,6.53
DRS Kaffrine,Malem Hodar,Avril 2024,33.51,42.67,24.96,0.02,26.05,3.12,6.85
DRS Kaffrine,Malem Hodar,Mai 2024,34.37,42.92,26.01,1.0,31.76,3.14,6.87
DRS Kaffrine,Malem Hodar,Juin 2024,32.01,39.45,25.44,31.85,48.79,3.44,6.45
DRS Kaffrine,Malem Hodar,Juillet 2024,28.63,33.02,25.16,173.31,77.33,2.92,5.6
DRS Kaffrine,Malem Hodar,Août 2024,27.87,31.91,24.73,163.58,82.91,2.43,5.45
DRS Kaffrine,Malem Hodar,Septembre 2024,27.3,31.04,24.38,251.55,85.11,1.89,4.92
DRS Kaffrine,Malem Hodar,Octobre 2024,27.28,31.63,23.62,98.19,80.39,1.43,5.6
DRS Kaffrine,Malem Hodar,Novembre 2024,26.47,34.5,20.39,0.0,60.41,1.8,5.65
DRS Kaffrine,Malem Hodar,Décembre 2024,24.71,33.26,18.15,3.98,39.6,2.88,4.52
DRS Kaffrine,Malem Hodar,Janvier 2025,25.74,35.53,17.81,0.0,23.71,3.47,5.59
DRS Kaffrine,Malem Hodar,Février 2025,27.69,37.54,19.5,0.0,19.04,3.52,6.09
DRS Kaffrine,Malem Hodar,Mars 2025,30.6,39.74,22.51,0.0,26.8,3.04,6.51
DRS Kaffrine,Malem Hodar,Avril 2025,33.14,41.67,25.14,0.06,30.17,3.22,6.81
DRS Kaffrine,Malem Hodar,Mai 2025,33.83,41.37,26.5,13.37,34.28,3.07,6.44
DRS Kaffrine,Malem Hodar,Juin 2025,31.75,38.43,25.56,68.51,54.16,2.69,6.55
DRS Kaffrine,Malem Hodar,Juillet 2025,28.27,32.67,24.68,150.84,76.82,2.54,6.14
DRS Kaffrine,Malem Hodar,Août 2025,27.39,31.07,24.33,311.35,85.12,2.06,5.44
DRS Kaffrine,Malem Hodar,Septembre 2025,27.37,31.0,24.22,134.03,85.12,1.59,5.39
DRS Kaffrine,Malem Hodar,Octobre 2025,28.16,33.19,23.87,44.36,77.29,1.36,5.97
DRS Kaffrine,Malem Hodar,Novembre 2025,26.94,34.01,21.28,3.02,53.64,2.07,4.76
DRS Kaffrine,Malem Hodar,Décembre 2025,24.73,33.39,17.91,0.03,35.82,3.02,4.87
DRS Kaffrine,Malem Hodar,Janvier 2026,26.27,35.31,18.9,0.81,25.76,3.71,5.13
DRS Kaffrine,Malem Hodar,Février 2026,28.01,38.21,19.21,0.0,17.23,3.04,6.06
DRS Kaffrine,Malem Hodar,Mars 2026,30.14,38.83,22.13,0.0,27.49,3.38,6.55
DRS Kaffrine,Malem Hodar,Avril 2026,32.35,41.73,23.39,0.0,18.35,3.33,7.21
DRS Kaffrine,Malem Hodar,Mai 2026,34.63,42.5,26.77,1.4,30.36,3.03,6.83
DRS Kaffrine,Malem Hodar,Juin 2026,33.11,39.83,26.84,24.82,45.49,3.0,6.01
DRS Kaffrine,Malem Hodar,Juillet 2026,30.42,35.6,26.26,164.52,65.98,2.16,5.73
DRS Kaffrine,Malem Hodar,Août 2026,29.33,34.81,25.0,14.87,72.62,2.01,6.3
DRS Kaolack,Guinguineo,Janvier 2021,24.26,33.75,17.11,0.0,31.98,3.59,5.47
DRS Kaolack,Guinguineo,Février 2021,26.08,36.14,18.25,0.0,26.06,3.37,5.55
DRS Kaolack,Guinguineo,Mars 2021,27.03,37.96,18.58,6.48,37.19,3.78,6.73
DRS Kaolack,Guinguineo,Avril 2021,29.18,40.98,20.15,0.0,40.41,3.76,7.19
DRS Kaolack,Guinguineo,Mai 2021,29.22,40.09,20.78,0.32,45.3,3.97,6.78
DRS Kaolack,Guinguineo,Juin 2021,30.32,38.04,24.09,49.78,55.32,3.36,6.19
DRS Kaolack,Guinguineo,Juillet 2021,29.65,35.84,24.81,39.09,62.25,3.08,6.31
DRS Kaolack,Guinguineo,Août 2021,27.51,31.49,24.44,320.9,82.49,1.95,5.78
DRS Kaolack,Guinguineo,Septembre 2021,27.55,31.47,24.37,193.98,83.86,1.51,5.87
DRS Kaolack,Guinguineo,Octobre 2021,27.95,33.55,23.71,41.13,74.17,1.54,5.37
DRS Kaolack,Guinguineo,Novembre 2021,27.67,34.98,21.85,2.96,56.83,1.84,5.4
DRS Kaolack,Guinguineo,Décembre 2021,26.03,34.1,19.64,0.06,39.11,2.59,4.82
DRS Kaolack,Guinguineo,Janvier 2022,25.59,34.64,18.45,0.0,31.91,3.17,5.25
DRS Kaolack,Guinguineo,Février 2022,26.06,36.21,18.12,0.0,27.18,3.75,6.16
DRS Kaolack,Guinguineo,Mars 2022,27.15,38.16,18.39,0.0,32.6,3.94,6.5
DRS Kaolack,Guinguineo,Avril 2022,29.37,40.56,20.45,0.0,37.59,4.17,7.09
DRS Kaolack,Guinguineo,Mai 2022,30.54,40.56,22.37,18.19,44.7,3.43,6.95
DRS Kaolack,Guinguineo,Juin 2022,29.93,36.94,24.49,65.5,60.2,3.48,6.26
DRS Kaolack,Guinguineo,Juillet 2022,29.1,34.26,25.0,155.53,69.19,3.01,5.83
DRS Kaolack,Guinguineo,Août 2022,27.43,31.27,24.48,260.68,82.88,2.21,5.34
DRS Kaolack,Guinguineo,Septembre 2022,27.15,30.83,24.26,257.51,85.96,1.67,5.6
DRS Kaolack,Guinguineo,Octobre 2022,27.25,31.96,23.56,84.65,79.98,1.35,5.61
DRS Kaolack,Guinguineo,Novembre 2022,25.32,33.31,19.02,0.0,54.49,1.8,5.27
DRS Kaolack,Guinguineo,Décembre 2022,24.3,33.26,17.38,5.09,48.3,2.44,5.35
DRS Kaolack,Guinguineo,Janvier 2023,24.09,33.23,17.12,0.02,36.02,3.15,5.27
DRS Kaolack,Guinguineo,Février 2023,26.31,36.26,18.68,0.0,33.31,3.68,5.67
DRS Kaolack,Guinguineo,Mars 2023,29.19,39.9,20.52,0.0,32.7,3.1,6.81
DRS Kaolack,Guinguineo,Avril 2023,30.27,40.44,22.18,0.0,38.88,3.85,7.0
DRS Kaolack,Guinguineo,Mai 2023,31.73,40.79,24.26,0.16,42.62,3.63,6.48
DRS Kaolack,Guinguineo,Juin 2023,31.45,39.48,25.15,15.45,52.96,3.86,6.61
DRS Kaolack,Guinguineo,Juillet 2023,29.38,34.21,25.65,146.3,71.98,2.43,6.09
DRS Kaolack,Guinguineo,Août 2023,28.25,32.37,25.08,310.63,81.38,2.36,5.61
DRS Kaolack,Guinguineo,Septembre 2023,27.52,31.02,24.74,183.96,85.86,1.52,5.81
DRS Kaolack,Guinguineo,Octobre 2023,27.92,32.43,24.37,31.09,79.23,1.3,5.5
DRS Kaolack,Guinguineo,Novembre 2023,26.45,35.54,19.27,0.15,51.56,1.9,5.69
DRS Kaolack,Guinguineo,Décembre 2023,24.63,34.2,17.13,0.0,34.14,2.59,5.19
DRS Kaolack,Guinguineo,Janvier 2024,25.14,35.26,17.39,0.0,33.48,2.71,5.27
DRS Kaolack,Guinguineo,Février 2024,27.58,38.42,18.98,0.0,24.94,3.21,6.07
DRS Kaolack,Guinguineo,Mars 2024,27.96,39.45,19.22,0.0,39.16,3.69,6.53
DRS Kaolack,Guinguineo,Avril 2024,30.74,41.87,21.86,0.12,37.7,3.77,6.85
DRS Kaolack,Guinguineo,Mai 2024,31.87,42.26,23.43,0.35,41.7,3.72,6.87
DRS Kaolack,Guinguineo,Juin 2024,29.25,37.1,23.18,100.19,60.99,3.52,6.45
DRS Kaolack,Guinguineo,Juillet 2024,28.75,33.66,24.94,118.37,74.29,2.98,5.6
DRS Kaolack,Guinguineo,Août 2024,28.29,32.56,25.06,146.35,79.53,2.49,5.45
DRS Kaolack,Guinguineo,Septembre 2024,27.86,31.92,24.69,235.44,81.24,2.0,4.92
DRS Kaolack,Guinguineo,Octobre 2024,28.03,33.29,23.93,82.48,75.2,1.56,5.6
DRS Kaolack,Guinguineo,Novembre 2024,27.79,36.31,20.97,0.0,51.9,1.86,5.65
DRS Kaolack,Guinguineo,Décembre 2024,24.94,33.26,18.62,0.65,35.67,2.89,4.52
DRS Kaolack,Guinguineo,Janvier 2025,24.84,34.85,16.97,0.0,25.22,3.52,5.59
DRS Kaolack,Guinguineo,Février 2025,25.72,36.49,17.34,0.01,25.68,3.82,6.09
DRS Kaolack,Guinguineo,Mars 2025,26.91,37.81,18.96,27.34,44.26,4.19,6.51
DRS Kaolack,Guinguineo,Avril 2025,29.33,39.76,21.22,0.03,45.59,4.14,6.81
DRS Kaolack,Guinguineo,Mai 2025,30.41,40.17,22.8,4.34,46.96,3.91,6.44
DRS Kaolack,Guinguineo,Juin 2025,30.69,38.46,24.3,77.97,56.63,3.2,6.55
DRS Kaolack,Guinguineo,Juillet 2025,29.04,34.05,24.99,85.76,69.49,2.81,6.14
DRS Kaolack,Guinguineo,Août 2025,27.9,31.92,24.74,280.84,81.76,2.11,5.44
DRS Kaolack,Guinguineo,Septembre 2025,27.67,31.34,24.7,179.81,84.33,1.49,5.39
DRS Kaolack,Guinguineo,Octobre 2025,28.84,34.6,24.24,33.04,72.74,1.34,5.97
DRS Kaolack,Guinguineo,Novembre 2025,26.78,33.85,21.63,2.39,55.64,2.28,4.76
DRS Kaolack,Guinguineo,Décembre 2025,23.07,31.18,16.9,0.15,41.78,3.43,4.87
DRS Kaolack,Guinguineo,Janvier 2026,24.26,33.35,17.23,0.76,34.32,3.82,5.13
DRS Kaolack,Guinguineo,Février 2026,26.71,37.54,18.11,0.0,25.84,3.24,6.06
DRS Kaolack,Guinguineo,Mars 2026,27.06,37.07,19.3,0.0,42.22,3.96,6.55
DRS Kaolack,Guinguineo,Avril 2026,29.45,40.59,20.61,0.67,33.94,4.1,7.21
DRS Kaolack,Guinguineo,Mai 2026,31.11,41.35,22.85,3.9,41.87,3.72,6.83
DRS Kaolack,Guinguineo,Juin 2026,31.64,39.82,24.85,5.84,50.36,3.39,6.01
DRS Kaolack,Guinguineo,Juillet 2026,30.22,36.05,25.95,137.54,64.9,2.47,5.73
DRS Kaolack,Guinguineo,Août 2026,29.45,35.3,25.51,14.25,69.75,2.61,6.3
DRS Kaolack,Kaolack,Janvier 2021,23.92,33.02,16.68,0.0,39.02,3.06,5.45
DRS Kaolack,Kaolack,Février 2021,25.97,35.53,18.18,0.0,31.46,2.85,5.52
DRS Kaolack,Kaolack,Mars 2021,27.13,37.42,18.95,2.76,39.4,3.29,6.91
DRS Kaolack,Kaolack,Avril 2021,29.15,40.06,20.64,0.0,43.69,3.09,7.27
DRS Kaolack,Kaolack,Mai 2021,28.97,38.89,21.4,0.56,48.23,3.51,6.85
DRS Kaolack,Kaolack,Juin 2021,29.45,36.09,24.42,74.38,62.07,3.08,6.24
DRS Kaolack,Kaolack,Juillet 2021,28.38,33.05,24.91,85.68,72.79,2.62,6.31
DRS Kaolack,Kaolack,Août 2021,27.1,30.36,24.65,345.45,85.74,1.97,5.61
DRS Kaolack,Kaolack,Septembre 2021,27.32,30.65,24.62,245.94,85.84,1.45,5.91
DRS Kaolack,Kaolack,Octobre 2021,27.31,31.59,23.93,69.27,80.57,1.44,5.47
DRS Kaolack,Kaolack,Novembre 2021,26.62,32.4,21.73,3.02,68.58,1.58,5.43
DRS Kaolack,Kaolack,Décembre 2021,25.1,32.2,19.03,0.01,50.94,2.21,4.73
DRS Kaolack,Kaolack,Janvier 2022,24.62,33.13,17.75,0.0,42.16,2.69,5.17
DRS Kaolack,Kaolack,Février 2022,25.53,35.23,17.65,0.0,34.06,3.21,6.15
DRS Kaolack,Kaolack,Mars 2022,27.11,37.41,18.79,0.0,35.02,3.36,6.56
DRS Kaolack,Kaolack,Avril 2022,29.33,39.66,20.99,0.0,39.55,3.47,7.06
DRS Kaolack,Kaolack,Mai 2022,29.7,38.87,22.54,41.49,51.12,3.09,6.83
DRS Kaolack,Kaolack,Juin 2022,28.76,34.52,24.48,77.02,69.0,3.03,6.21
DRS Kaolack,Kaolack,Juillet 2022,28.05,32.08,25.01,183.71,77.26,2.66,5.83
DRS Kaolack,Kaolack,Août 2022,26.98,30.13,24.67,324.63,86.71,2.18,4.88
DRS Kaolack,Kaolack,Septembre 2022,26.96,30.12,24.48,284.48,87.18,1.72,5.53
DRS Kaolack,Kaolack,Octobre 2022,27.17,31.13,23.92,122.86,82.14,1.34,5.66
DRS Kaolack,Kaolack,Novembre 2022,24.8,31.56,19.23,0.0,63.62,1.67,5.28
DRS Kaolack,Kaolack,Décembre 2022,23.57,31.37,17.1,2.54,58.97,2.12,5.44
DRS Kaolack,Kaolack,Janvier 2023,22.96,31.3,16.29,0.0,47.59,2.68,5.16
DRS Kaolack,Kaolack,Février 2023,25.59,34.93,18.29,0.0,40.77,2.94,5.66
DRS Kaolack,Kaolack,Mars 2023,28.14,38.54,20.04,0.0,42.18,2.64,6.84
DRS Kaolack,Kaolack,Avril 2023,29.97,39.45,22.48,0.0,42.74,3.3,7.05
DRS Kaolack,Kaolack,Mai 2023,31.03,39.22,24.5,0.41,48.27,3.15,6.63
DRS Kaolack,Kaolack,Juin 2023,30.31,37.07,25.28,33.53,60.7,3.47,6.62
DRS Kaolack,Kaolack,Juillet 2023,28.6,32.52,25.71,201.25,78.47,2.19,5.97
DRS Kaolack,Kaolack,Août 2023,27.7,30.98,25.27,355.73,85.81,2.21,5.46
DRS Kaolack,Kaolack,Septembre 2023,27.53,30.51,25.14,191.46,86.41,1.51,5.59
DRS Kaolack,Kaolack,Octobre 2023,27.76,31.44,24.83,50.31,82.51,1.31,5.59
DRS Kaolack,Kaolack,Novembre 2023,25.92,33.2,19.57,0.4,61.32,1.67,5.68
DRS Kaolack,Kaolack,Décembre 2023,23.64,31.8,16.65,0.0,45.16,2.19,5.24
DRS Kaolack,Kaolack,Janvier 2024,24.36,33.58,16.8,0.0,43.74,2.35,5.32
DRS Kaolack,Kaolack,Février 2024,26.89,37.24,18.37,0.0,33.71,2.71,5.99
DRS Kaolack,Kaolack,Mars 2024,27.92,38.65,19.54,0.0,41.4,3.2,6.6
DRS Kaolack,Kaolack,Avril 2024,30.44,40.7,22.3,0.27,41.32,3.21,6.9
DRS Kaolack,Kaolack,Mai 2024,31.18,40.65,23.91,1.16,47.42,3.38,6.74
DRS Kaolack,Kaolack,Juin 2024,28.84,35.61,23.75,78.68,65.16,3.24,6.48
DRS Kaolack,Kaolack,Juillet 2024,27.97,31.74,25.16,171.29,81.07,2.73,5.53
DRS Kaolack,Kaolack,Août 2024,27.63,31.03,25.21,247.13,84.97,2.34,5.24
DRS Kaolack,Kaolack,Septembre 2024,27.49,30.82,24.96,259.72,85.26,1.91,4.77
DRS Kaolack,Kaolack,Octobre 2024,27.48,31.56,24.24,110.3,81.19,1.47,5.55
DRS Kaolack,Kaolack,Novembre 2024,26.88,33.92,21.05,0.0,64.02,1.61,5.64
DRS Kaolack,Kaolack,Décembre 2024,23.76,31.48,17.71,2.16,48.09,2.43,4.49
DRS Kaolack,Kaolack,Janvier 2025,24.1,33.85,16.26,0.0,34.78,2.98,5.65
DRS Kaolack,Kaolack,Février 2025,25.53,35.82,17.47,0.0,30.46,3.34,6.18
DRS Kaolack,Kaolack,Mars 2025,27.4,37.36,19.85,0.57,43.45,3.54,6.51
DRS Kaolack,Kaolack,Avril 2025,29.93,39.46,22.32,0.01,44.85,3.61,6.81
DRS Kaolack,Kaolack,Mai 2025,30.35,39.03,23.63,7.58,49.28,3.43,6.47
DRS Kaolack,Kaolack,Juin 2025,30.18,37.08,24.8,35.77,61.49,3.11,6.52
DRS Kaolack,Kaolack,Juillet 2025,28.43,32.64,25.25,83.73,75.15,2.64,6.12
DRS Kaolack,Kaolack,Août 2025,27.36,30.7,24.84,382.93,85.56,2.12,5.45
DRS Kaolack,Kaolack,Septembre 2025,27.55,30.76,24.99,198.13,85.79,1.54,5.19
DRS Kaolack,Kaolack,Octobre 2025,28.26,32.61,24.73,53.21,79.43,1.32,6.01
DRS Kaolack,Kaolack,Novembre 2025,26.22,32.38,21.58,3.88,62.82,1.93,4.69
DRS Kaolack,Kaolack,Décembre 2025,23.25,31.33,17.06,0.04,46.31,2.78,4.89
DRS Kaolack,Kaolack,Janvier 2026,24.58,33.55,17.45,0.34,37.15,3.28,5.19
DRS Kaolack,Kaolack,Février 2026,26.51,36.95,17.89,0.0,30.59,2.8,6.11
DRS Kaolack,Kaolack,Mars 2026,27.43,36.74,20.0,0.0,41.99,3.56,6.62
DRS Kaolack,Kaolack,Avril 2026,29.73,40.11,21.05,0.76,35.27,3.52,7.21
DRS Kaolack,Kaolack,Mai 2026,30.7,39.96,23.48,5.57,45.69,3.35,6.82
DRS Kaolack,Kaolack,Juin 2026,30.81,38.17,25.21,7.36,56.38,3.26,6.18
DRS Kaolack,Kaolack,Juillet 2026,29.54,34.67,25.89,146.92,70.41,2.06,5.85
DRS Kaolack,Kaolack,Août 2026,28.95,34.25,25.64,19.02,73.45,2.17,6.12
DRS Kaolack,Ndoffane,Janvier 2021,24.3,34.03,16.72,0.0,35.76,3.19,5.58
DRS Kaolack,Ndoffane,Février 2021,26.48,36.29,18.27,0.0,27.04,2.86,5.39
DRS Kaolack,Ndoffane,Mars 2021,28.42,38.59,19.77,0.06,29.99,3.15,6.73
DRS Kaolack,Ndoffane,Avril 2021,30.9,41.37,21.72,0.0,33.36,2.83,7.05
DRS Kaolack,Ndoffane,Mai 2021,30.91,40.69,22.43,0.0,37.44,3.33,6.58
DRS Kaolack,Ndoffane,Juin 2021,30.54,37.45,24.77,93.01,56.91,3.05,5.87
DRS Kaolack,Ndoffane,Juillet 2021,28.34,33.3,24.46,101.26,73.56,2.53,5.91
DRS Kaolack,Ndoffane,Août 2021,26.96,30.51,24.16,440.65,86.2,1.86,5.37
DRS Kaolack,Ndoffane,Septembre 2021,27.07,30.62,24.04,248.97,86.4,1.44,5.68
DRS Kaolack,Ndoffane,Octobre 2021,26.91,31.38,23.2,59.3,81.85,1.33,5.09
DRS Kaolack,Ndoffane,Novembre 2021,26.16,31.86,21.06,0.94,69.7,1.44,5.36
DRS Kaolack,Ndoffane,Décembre 2021,24.56,31.85,18.43,0.0,52.53,2.19,5.01
DRS Kaolack,Ndoffane,Janvier 2022,24.33,33.37,17.08,0.0,39.46,2.71,5.41
DRS Kaolack,Ndoffane,Février 2022,25.7,35.81,17.35,0.0,29.95,3.09,6.17
DRS Kaolack,Ndoffane,Mars 2022,28.1,38.35,19.43,0.0,27.07,3.16,6.45
DRS Kaolack,Ndoffane,Avril 2022,30.75,40.86,21.94,0.0,30.68,3.28,6.93
DRS Kaolack,Ndoffane,Mai 2022,31.32,40.35,23.27,33.3,41.33,2.99,6.67
DRS Kaolack,Ndoffane,Juin 2022,29.45,35.62,24.52,57.06,64.72,3.08,5.91
DRS Kaolack,Ndoffane,Juillet 2022,28.18,32.72,24.69,218.67,76.48,2.63,5.29
DRS Kaolack,Ndoffane,Août 2022,26.85,30.37,24.19,340.57,86.73,2.12,4.68
DRS Kaolack,Ndoffane,Septembre 2022,26.72,30.1,23.94,279.37,87.81,1.6,5.33
DRS Kaolack,Ndoffane,Octobre 2022,26.82,31.14,23.31,108.92,82.93,1.32,5.48
DRS Kaolack,Ndoffane,Novembre 2022,24.36,31.27,18.62,0.0,64.25,1.59,5.29
DRS Kaolack,Ndoffane,Décembre 2022,23.47,31.67,16.83,2.11,57.11,2.1,5.27
DRS Kaolack,Ndoffane,Janvier 2023,23.07,32.08,16.0,0.0,43.52,2.74,5.41
DRS Kaolack,Ndoffane,Février 2023,26.33,36.04,18.61,0.0,33.88,2.93,5.76
DRS Kaolack,Ndoffane,Mars 2023,29.12,39.51,20.3,0.0,32.72,2.54,6.9
DRS Kaolack,Ndoffane,Avril 2023,31.36,40.73,23.17,0.0,33.88,3.07,6.95
DRS Kaolack,Ndoffane,Mai 2023,32.42,40.39,25.34,1.12,40.55,2.88,6.26
DRS Kaolack,Ndoffane,Juin 2023,31.24,38.34,25.48,46.1,55.61,3.36,6.2
DRS Kaolack,Ndoffane,Juillet 2023,28.66,33.02,25.31,204.96,77.54,2.16,5.79
DRS Kaolack,Ndoffane,Août 2023,27.62,31.25,24.75,440.1,85.62,2.15,5.27
DRS Kaolack,Ndoffane,Septembre 2023,27.3,30.61,24.55,169.48,86.8,1.48,5.42
DRS Kaolack,Ndoffane,Octobre 2023,27.32,31.22,24.03,44.28,83.61,1.23,5.54
DRS Kaolack,Ndoffane,Novembre 2023,25.57,32.99,18.88,0.32,60.41,1.55,5.71
DRS Kaolack,Ndoffane,Décembre 2023,23.62,32.3,16.21,0.0,42.43,2.17,5.22
DRS Kaolack,Ndoffane,Janvier 2024,24.59,34.46,16.56,0.0,38.5,2.37,5.33
DRS Kaolack,Ndoffane,Février 2024,27.36,38.12,18.37,0.0,26.1,2.75,6.16
DRS Kaolack,Ndoffane,Mars 2024,29.24,39.8,20.24,0.0,30.65,2.92,6.56
DRS Kaolack,Ndoffane,Avril 2024,32.06,41.99,23.4,0.04,32.24,3.07,6.82
DRS Kaolack,Ndoffane,Mai 2024,32.95,42.28,24.68,0.9,37.79,3.2,6.8
DRS Kaolack,Ndoffane,Juin 2024,30.48,38.13,24.25,40.18,56.2,3.41,6.24
DRS Kaolack,Ndoffane,Juillet 2024,28.21,32.5,24.89,188.95,79.54,2.8,4.85
DRS Kaolack,Ndoffane,Août 2024,27.62,31.54,24.68,196.86,84.43,2.29,5.03
DRS Kaolack,Ndoffane,Septembre 2024,27.27,31.03,24.33,257.31,85.5,1.89,4.86
DRS Kaolack,Ndoffane,Octobre 2024,27.2,31.61,23.6,121.7,81.06,1.42,5.38
DRS Kaolack,Ndoffane,Novembre 2024,26.42,34.23,20.41,0.0,62.68,1.62,5.64
DRS Kaolack,Ndoffane,Décembre 2024,23.95,32.4,17.57,3.28,44.85,2.57,4.69
DRS Kaolack,Ndoffane,Janvier 2025,24.65,34.8,16.58,0.0,29.23,3.17,5.54
DRS Kaolack,Ndoffane,Février 2025,26.51,36.89,18.2,0.0,23.78,3.38,6.09
DRS Kaolack,Ndoffane,Mars 2025,29.02,38.83,20.93,0.0,33.86,3.19,6.59
DRS Kaolack,Ndoffane,Avril 2025,31.81,41.12,23.66,0.01,35.47,3.34,6.73
DRS Kaolack,Ndoffane,Mai 2025,32.37,40.76,24.95,8.32,39.76,3.2,6.19
DRS Kaolack,Ndoffane,Juin 2025,31.23,38.46,25.0,51.02,56.26,2.85,6.3
DRS Kaolack,Ndoffane,Juillet 2025,28.23,32.86,24.66,123.95,76.66,2.52,5.52
DRS Kaolack,Ndoffane,Août 2025,27.29,30.97,24.32,329.51,85.53,2.09,4.96
DRS Kaolack,Ndoffane,Septembre 2025,27.34,30.96,24.29,164.8,85.78,1.52,5.11
DRS Kaolack,Ndoffane,Octobre 2025,28.05,32.96,23.93,40.91,78.74,1.29,5.82
DRS Kaolack,Ndoffane,Novembre 2025,26.44,33.3,21.13,3.05,57.97,1.96,4.74
DRS Kaolack,Ndoffane,Décembre 2025,23.93,32.66,17.23,0.05,41.04,2.86,4.92
DRS Kaolack,Ndoffane,Janvier 2026,25.32,34.67,17.91,0.66,30.77,3.47,5.25
DRS Kaolack,Ndoffane,Février 2026,27.21,37.89,18.33,0.0,22.49,2.89,6.0
DRS Kaolack,Ndoffane,Mars 2026,28.89,38.15,20.89,0.0,32.9,3.43,6.54
DRS Kaolack,Ndoffane,Avril 2026,31.2,41.27,22.11,0.0,23.89,3.36,7.11
DRS Kaolack,Ndoffane,Mai 2026,33.07,41.94,25.06,0.95,34.97,3.15,6.61
DRS Kaolack,Ndoffane,Juin 2026,32.43,39.87,25.93,10.55,48.18,3.16,5.66
DRS Kaolack,Ndoffane,Juillet 2026,30.05,35.32,26.06,151.83,67.69,2.18,5.18
DRS Kaolack,Ndoffane,Août 2026,29.2,34.89,25.28,15.84,72.76,2.13,6.7
DRS Kaolack,Nioro,Janvier 2021,23.27,32.2,15.73,0.0,46.68,2.72,5.58
DRS Kaolack,Nioro,Février 2021,25.12,34.36,17.35,0.0,39.12,2.46,5.39
DRS Kaolack,Nioro,Mars 2021,27.45,37.6,18.99,0.16,38.92,2.78,6.73
DRS Kaolack,Nioro,Avril 2021,30.51,40.85,21.58,0.0,38.82,2.78,7.05
DRS Kaolack,Nioro,Mai 2021,30.73,40.26,22.57,0.06,40.77,3.21,6.58
DRS Kaolack,Nioro,Juin 2021,29.64,35.88,24.48,125.09,64.13,2.68,5.87
DRS Kaolack,Nioro,Juillet 2021,27.42,31.5,24.2,187.63,81.75,2.12,5.91
DRS Kaolack,Nioro,Août 2021,26.68,30.02,24.08,458.09,87.86,1.86,5.37
DRS Kaolack,Nioro,Septembre 2021,26.94,30.36,24.04,311.12,87.31,1.4,5.68
DRS Kaolack,Nioro,Octobre 2021,26.84,30.84,23.46,85.29,83.68,1.29,5.09
DRS Kaolack,Nioro,Novembre 2021,26.34,31.62,21.5,3.22,73.41,1.38,5.36
DRS Kaolack,Nioro,Décembre 2021,24.24,30.94,18.28,0.0,59.44,2.07,5.01
DRS Kaolack,Nioro,Janvier 2022,23.44,31.69,16.21,0.0,49.9,2.41,5.41
DRS Kaolack,Nioro,Février 2022,24.41,33.94,16.4,0.0,41.24,2.72,6.17
DRS Kaolack,Nioro,Mars 2022,27.39,37.51,18.78,0.0,34.5,2.79,6.45
DRS Kaolack,Nioro,Avril 2022,30.4,40.46,21.62,0.0,35.67,3.11,6.93
DRS Kaolack,Nioro,Mai 2022,30.85,39.6,23.18,61.26,46.36,2.92,6.67
DRS Kaolack,Nioro,Juin 2022,28.54,33.98,24.21,84.19,72.12,2.55,5.91
DRS Kaolack,Nioro,Juillet 2022,27.34,31.18,24.44,280.9,83.24,2.38,5.29
DRS Kaolack,Nioro,Août 2022,26.61,29.89,24.18,364.81,88.64,2.16,4.68
DRS Kaolack,Nioro,Septembre 2022,26.63,29.96,23.97,302.52,88.33,1.62,5.33
DRS Kaolack,Nioro,Octobre 2022,26.75,30.72,23.35,138.69,84.04,1.28,5.48
DRS Kaolack,Nioro,Novembre 2022,24.46,30.7,19.18,0.0,67.37,1.52,5.29
DRS Kaolack,Nioro,Décembre 2022,23.32,30.8,16.95,2.48,63.6,1.97,5.27
DRS Kaolack,Nioro,Janvier 2023,22.3,30.54,15.35,0.0,53.11,2.49,5.41
DRS Kaolack,Nioro,Février 2023,25.01,34.3,17.51,0.0,45.69,2.44,5.76
DRS Kaolack,Nioro,Mars 2023,27.82,38.0,19.31,0.01,45.04,2.26,6.9
DRS Kaolack,Nioro,Avril 2023,31.08,40.41,22.85,0.0,39.03,2.85,6.95
DRS Kaolack,Nioro,Mai 2023,31.98,39.68,25.3,1.79,45.2,2.75,6.26
DRS Kaolack,Nioro,Juin 2023,30.14,36.41,25.11,99.91,64.25,2.98,6.2
DRS Kaolack,Nioro,Juillet 2023,28.01,31.8,25.07,242.09,82.95,2.0,5.79
DRS Kaolack,Nioro,Août 2023,27.39,30.72,24.81,417.52,87.84,2.03,5.27
DRS Kaolack,Nioro,Septembre 2023,27.3,30.53,24.63,206.08,87.48,1.49,5.42
DRS Kaolack,Nioro,Octobre 2023,27.3,30.89,24.32,72.29,85.4,1.23,5.54
DRS Kaolack,Nioro,Novembre 2023,25.76,32.32,19.54,1.05,65.34,1.47,5.71
DRS Kaolack,Nioro,Décembre 2023,23.26,30.92,16.39,0.0,51.02,1.97,5.22
DRS Kaolack,Nioro,Janvier 2024,24.13,33.29,16.38,0.0,47.39,2.13,5.33
DRS Kaolack,Nioro,Février 2024,26.49,36.73,17.87,0.0,37.44,2.43,6.16
DRS Kaolack,Nioro,Mars 2024,29.04,39.56,20.2,0.0,35.43,2.7,6.56
DRS Kaolack,Nioro,Avril 2024,31.81,41.67,23.27,0.04,36.23,2.97,6.82
DRS Kaolack,Nioro,Mai 2024,32.55,41.65,24.67,7.73,42.75,3.15,6.8
DRS Kaolack,Nioro,Juin 2024,29.51,36.3,24.1,71.79,64.17,2.98,6.24
DRS Kaolack,Nioro,Juillet 2024,27.63,31.41,24.78,320.47,84.45,2.6,4.85
DRS Kaolack,Nioro,Août 2024,27.28,30.96,24.54,264.5,86.93,2.19,5.03
DRS Kaolack,Nioro,Septembre 2024,27.02,30.49,24.36,297.77,87.66,1.83,4.86
DRS Kaolack,Nioro,Octobre 2024,27.05,30.97,23.69,164.89,83.41,1.34,5.38
DRS Kaolack,Nioro,Novembre 2024,26.15,32.88,20.55,0.0,69.16,1.49,5.64
DRS Kaolack,Nioro,Décembre 2024,22.96,30.66,16.77,2.24,56.49,2.35,4.69
DRS Kaolack,Nioro,Janvier 2025,23.5,33.12,15.73,0.0,40.94,2.78,5.54
DRS Kaolack,Nioro,Février 2025,25.36,35.52,17.27,0.0,34.27,2.99,6.09
DRS Kaolack,Nioro,Mars 2025,28.46,38.21,20.51,0.0,39.84,2.8,6.59
DRS Kaolack,Nioro,Avril 2025,31.63,40.84,23.6,0.02,38.22,3.11,6.73
DRS Kaolack,Nioro,Mai 2025,32.08,40.24,24.94,11.23,42.82,3.1,6.19
DRS Kaolack,Nioro,Juin 2025,30.82,37.75,24.94,75.97,61.1,2.61,6.3
DRS Kaolack,Nioro,Juillet 2025,27.57,31.61,24.44,185.23,82.2,2.34,5.52
DRS Kaolack,Nioro,Août 2025,26.93,30.34,24.23,488.66,87.79,2.12,4.96
DRS Kaolack,Nioro,Septembre 2025,27.2,30.7,24.23,213.54,86.64,1.53,5.11
DRS Kaolack,Nioro,Octobre 2025,27.75,32.03,24.09,67.19,82.5,1.26,5.82
DRS Kaolack,Nioro,Novembre 2025,25.62,31.5,20.86,4.74,67.22,1.67,4.74
DRS Kaolack,Nioro,Décembre 2025,22.98,30.82,16.55,0.07,51.69,2.38,4.92
DRS Kaolack,Nioro,Janvier 2026,24.35,33.41,17.12,1.62,40.73,2.95,5.25
DRS Kaolack,Nioro,Février 2026,26.2,36.6,17.47,0.0,32.85,2.53,6.0
DRS Kaolack,Nioro,Mars 2026,28.85,38.15,20.89,0.0,35.76,3.23,6.54
DRS Kaolack,Nioro,Avril 2026,31.1,41.14,21.87,0.0,27.56,2.99,7.11
DRS Kaolack,Nioro,Mai 2026,32.71,41.42,24.96,3.92,39.11,3.04,6.61
DRS Kaolack,Nioro,Juin 2026,32.13,39.25,25.93,16.1,51.63,2.91,5.66
DRS Kaolack,Nioro,Juillet 2026,29.01,33.99,25.39,171.34,76.06,1.86,5.18
DRS Kaolack,Nioro,Août 2026,28.27,33.32,24.84,16.79,79.83,1.96,6.7
DRS Kedougou,Kedougou,Janvier 2021,27.15,37.5,18.18,0.0,23.46,2.48,5.81
DRS Kedougou,Kedougou,Février 2021,29.46,38.55,21.28,0.0,19.73,2.21,5.92
DRS Kedougou,Kedougou,Mars 2021,31.99,40.47,23.6,0.0,19.65,2.27,6.79
DRS Kedougou,Kedougou,Avril 2021,34.25,42.07,26.5,0.44,24.32,2.62,7.06
DRS Kedougou,Kedougou,Mai 2021,33.24,40.15,26.78,67.25,40.72,2.39,6.22
DRS Kedougou,Kedougou,Juin 2021,28.51,32.84,24.54,490.39,73.93,1.82,5.69
DRS Kedougou,Kedougou,Juillet 2021,25.75,28.75,23.12,589.28,88.86,1.78,5.18
DRS Kedougou,Kedougou,Août 2021,25.39,28.41,22.8,883.7,90.05,1.62,4.93
DRS Kedougou,Kedougou,Septembre 2021,25.96,29.37,22.71,323.82,87.24,1.25,5.54
DRS Kedougou,Kedougou,Octobre 2021,26.46,30.22,23.04,184.29,84.41,1.09,4.92
DRS Kedougou,Kedougou,Novembre 2021,25.42,30.32,20.95,5.63,72.8,1.22,5.52
DRS Kedougou,Kedougou,Décembre 2021,24.53,32.61,18.4,0.01,53.27,1.82,5.17
DRS Kedougou,Kedougou,Janvier 2022,25.58,35.27,17.66,0.0,32.26,2.36,5.74
DRS Kedougou,Kedougou,Février 2022,28.52,38.58,19.77,0.0,18.35,2.34,6.24
DRS Kedougou,Kedougou,Mars 2022,31.99,40.34,24.02,0.02,18.53,2.2,6.52
DRS Kedougou,Kedougou,Avril 2022,34.1,41.99,26.14,0.98,22.66,2.54,6.89
DRS Kedougou,Kedougou,Mai 2022,33.23,40.04,26.85,75.46,39.33,2.45,6.21
DRS Kedougou,Kedougou,Juin 2022,28.25,32.95,24.14,293.25,73.5,1.85,5.63
DRS Kedougou,Kedougou,Juillet 2022,25.87,29.24,23.01,259.34,86.94,1.84,5.05
DRS Kedougou,Kedougou,Août 2022,25.21,28.44,22.37,699.67,89.66,1.75,4.79
DRS Kedougou,Kedougou,Septembre 2022,25.58,28.83,22.56,485.53,88.08,1.31,4.99
DRS Kedougou,Kedougou,Octobre 2022,25.83,29.76,22.27,155.75,83.49,1.24,5.39
DRS Kedougou,Kedougou,Novembre 2022,24.59,30.23,19.51,2.23,65.77,1.18,5.43
DRS Kedougou,Kedougou,Décembre 2022,24.96,32.89,18.67,1.72,50.8,1.66,5.08
DRS Kedougou,Kedougou,Janvier 2023,26.19,36.2,17.68,0.0,28.57,2.19,5.73
DRS Kedougou,Kedougou,Février 2023,30.43,39.65,22.11,0.0,20.37,2.15,5.73
DRS Kedougou,Kedougou,Mars 2023,32.28,40.83,23.72,2.37,20.92,2.35,6.87
DRS Kedougou,Kedougou,Avril 2023,32.96,41.16,25.01,17.1,28.1,2.5,6.96
DRS Kedougou,Kedougou,Mai 2023,31.01,37.31,25.73,121.18,55.45,2.35,5.76
DRS Kedougou,Kedougou,Juin 2023,28.29,33.02,24.34,226.41,74.73,2.32,5.73
DRS Kedougou,Kedougou,Juillet 2023,26.82,30.29,23.62,258.41,85.11,1.42,5.43
DRS Kedougou,Kedougou,Août 2023,26.27,29.74,23.21,203.84,87.38,1.64,5.26
DRS Kedougou,Kedougou,Septembre 2023,26.6,30.1,23.37,263.29,86.15,1.26,5.36
DRS Kedougou,Kedougou,Octobre 2023,26.46,30.38,23.04,157.66,83.64,1.16,5.12
DRS Kedougou,Kedougou,Novembre 2023,25.9,32.49,20.59,3.04,65.66,1.31,5.6
DRS Kedougou,Kedougou,Décembre 2023,25.4,34.71,18.26,0.0,37.63,1.81,5.34
DRS Kedougou,Kedougou,Janvier 2024,27.64,37.52,19.34,0.0,20.89,2.01,5.43
DRS Kedougou,Kedougou,Février 2024,29.65,39.7,20.74,0.0,13.69,2.25,6.19
DRS Kedougou,Kedougou,Mars 2024,32.88,41.78,24.27,0.0,18.03,2.16,6.5
DRS Kedougou,Kedougou,Avril 2024,34.99,42.75,27.61,6.75,25.67,2.7,6.87
DRS Kedougou,Kedougou,Mai 2024,33.9,40.86,27.21,72.94,44.44,2.5,6.55
DRS Kedougou,Kedougou,Juin 2024,28.11,32.5,24.36,1078.62,77.48,1.94,5.66
DRS Kedougou,Kedougou,Juillet 2024,26.19,29.64,23.34,478.78,88.04,2.05,4.74
DRS Kedougou,Kedougou,Août 2024,25.71,28.71,23.14,638.28,90.55,2.0,4.69
DRS Kedougou,Kedougou,Septembre 2024,25.63,28.83,22.84,589.76,89.29,1.62,4.79
DRS Kedougou,Kedougou,Octobre 2024,26.13,30.03,22.62,211.37,84.27,1.24,4.95
DRS Kedougou,Kedougou,Novembre 2024,24.53,31.53,18.8,2.33,69.6,1.55,5.77
DRS Kedougou,Kedougou,Décembre 2024,23.79,33.33,16.65,0.04,51.39,2.3,5.11
DRS Kedougou,Kedougou,Janvier 2025,26.84,36.71,18.56,0.0,28.11,2.49,5.48
DRS Kedougou,Kedougou,Février 2025,29.24,38.63,20.71,0.07,19.58,2.55,5.8
DRS Kedougou,Kedougou,Mars 2025,33.33,41.2,25.64,5.7,24.3,2.34,6.58
DRS Kedougou,Kedougou,Avril 2025,34.69,41.88,27.69,14.32,30.64,2.74,6.77
DRS Kedougou,Kedougou,Mai 2025,33.12,39.29,27.3,53.27,46.07,2.38,6.07
DRS Kedougou,Kedougou,Juin 2025,30.91,36.97,25.27,174.18,59.5,2.03,6.03
DRS Kedougou,Kedougou,Juillet 2025,27.1,31.53,23.37,147.47,78.93,1.98,5.0
DRS Kedougou,Kedougou,Août 2025,26.42,30.71,22.75,171.46,81.16,1.64,4.8
DRS Kedougou,Kedougou,Septembre 2025,26.92,31.72,22.73,198.66,79.25,1.51,5.29
DRS Kedougou,Kedougou,Octobre 2025,26.97,32.14,22.49,149.3,77.56,1.26,5.59
DRS Kedougou,Kedougou,Novembre 2025,26.71,34.11,20.77,11.04,56.45,1.39,5.03
DRS Kedougou,Kedougou,Décembre 2025,26.49,35.16,19.17,7.89,31.99,1.82,4.94
DRS Kedougou,Kedougou,Janvier 2026,27.78,37.15,19.5,0.21,21.1,2.42,5.32
DRS Kedougou,Kedougou,Février 2026,29.34,39.08,20.36,0.0,15.17,2.4,5.95
DRS Kedougou,Kedougou,Mars 2026,32.81,40.13,25.73,2.94,22.7,2.13,6.29
DRS Kedougou,Kedougou,Avril 2026,34.04,42.31,25.64,0.02,16.0,2.33,7.16
DRS Kedougou,Kedougou,Mai 2026,34.03,40.69,27.69,76.74,41.67,2.19,6.25
DRS Kedougou,Kedougou,Juin 2026,30.86,36.52,25.64,88.77,60.16,1.86,5.87
DRS Kedougou,Kedougou,Juillet 2026,29.43,35.4,24.52,264.32,70.4,1.25,5.3
DRS Kedougou,Kedougou,Août 2026,28.14,33.09,23.55,16.85,75.35,1.44,6.59
DRS Kedougou,Salemata,Janvier 2021,28.55,38.77,19.72,0.0,22.4,2.84,5.81
DRS Kedougou,Salemata,Février 2021,30.26,39.57,22.06,0.0,20.7,2.43,5.92
DRS Kedougou,Salemata,Mars 2021,32.29,41.2,23.71,0.0,22.52,2.43,6.79
DRS Kedougou,Salemata,Avril 2021,33.93,42.15,25.91,0.05,29.67,2.64,7.06
DRS Kedougou,Salemata,Mai 2021,33.35,41.0,26.3,46.75,39.35,2.61,6.22
DRS Kedougou,Salemata,Juin 2021,29.25,33.93,25.1,309.84,71.76,1.93,5.69
DRS Kedougou,Salemata,Juillet 2021,26.18,29.2,23.69,636.78,89.41,1.98,5.18
DRS Kedougou,Salemata,Août 2021,25.73,28.58,23.33,937.56,91.3,1.86,4.93
DRS Kedougou,Salemata,Septembre 2021,26.34,29.62,23.3,351.26,88.89,1.4,5.54
DRS Kedougou,Salemata,Octobre 2021,26.65,30.45,23.41,161.51,86.19,1.08,4.92
DRS Kedougou,Salemata,Novembre 2021,25.89,30.94,21.3,10.33,76.32,1.19,5.52
DRS Kedougou,Salemata,Décembre 2021,25.18,33.47,19.23,0.01,56.71,1.91,5.17
DRS Kedougou,Salemata,Janvier 2022,27.27,37.1,19.24,0.0,30.68,2.48,5.74
DRS Kedougou,Salemata,Février 2022,29.51,39.7,20.77,0.0,20.11,2.67,6.24
DRS Kedougou,Salemata,Mars 2022,32.14,41.03,23.47,0.01,19.67,2.36,6.52
DRS Kedougou,Salemata,Avril 2022,33.98,42.43,25.52,0.56,26.01,2.57,6.89
DRS Kedougou,Salemata,Mai 2022,33.34,40.59,26.55,66.25,40.45,2.58,6.21
DRS Kedougou,Salemata,Juin 2022,27.93,32.3,24.25,309.92,78.34,1.99,5.63
DRS Kedougou,Salemata,Juillet 2022,26.25,29.52,23.56,328.42,88.73,2.16,5.05
DRS Kedougou,Salemata,Août 2022,25.64,28.7,23.12,839.81,91.19,2.19,4.79
DRS Kedougou,Salemata,Septembre 2022,25.86,28.88,23.23,447.86,90.1,1.5,4.99
DRS Kedougou,Salemata,Octobre 2022,26.5,30.48,22.92,164.22,84.29,1.12,5.39
DRS Kedougou,Salemata,Novembre 2022,24.95,31.14,19.92,4.58,70.58,1.23,5.43
DRS Kedougou,Salemata,Décembre 2022,25.16,33.6,18.74,2.15,55.99,1.64,5.08
DRS Kedougou,Salemata,Janvier 2023,26.98,37.35,18.41,0.0,30.46,2.49,5.73
DRS Kedougou,Salemata,Février 2023,30.79,40.28,22.16,0.0,23.06,2.12,5.73
DRS Kedougou,Salemata,Mars 2023,32.35,41.52,23.5,1.09,26.01,2.37,6.87
DRS Kedougou,Salemata,Avril 2023,33.85,42.07,25.99,6.13,29.7,2.48,6.96
DRS Kedougou,Salemata,Mai 2023,31.35,37.65,26.1,85.32,55.66,2.65,5.76
DRS Kedougou,Salemata,Juin 2023,28.44,33.19,24.72,247.06,77.37,2.43,5.73
DRS Kedougou,Salemata,Juillet 2023,27.18,30.57,24.21,276.0,86.86,1.69,5.43
DRS Kedougou,Salemata,Août 2023,26.7,29.97,23.82,301.59,88.82,1.72,5.26
DRS Kedougou,Salemata,Septembre 2023,26.94,30.24,23.95,281.7,87.94,1.39,5.36
DRS Kedougou,Salemata,Octobre 2023,26.77,30.25,23.67,176.07,86.68,1.1,5.12
DRS Kedougou,Salemata,Novembre 2023,25.83,31.82,20.65,8.88,72.15,1.1,5.6
DRS Kedougou,Salemata,Décembre 2023,25.64,34.58,18.33,0.0,47.52,1.54,5.34
DRS Kedougou,Salemata,Janvier 2024,27.93,37.9,19.66,0.0,30.14,2.02,5.43
DRS Kedougou,Salemata,Février 2024,30.88,40.95,21.82,0.0,17.23,2.24,6.19
DRS Kedougou,Salemata,Mars 2024,33.15,42.5,24.13,0.0,21.46,2.16,6.5
DRS Kedougou,Salemata,Avril 2024,35.01,43.34,26.88,0.53,27.01,2.78,6.87
DRS Kedougou,Salemata,Mai 2024,34.36,41.84,27.46,53.72,42.84,2.86,6.55
DRS Kedougou,Salemata,Juin 2024,28.03,32.08,24.56,1156.97,80.44,2.03,5.66
DRS Kedougou,Salemata,Juillet 2024,26.59,29.75,24.07,508.09,89.69,2.28,4.74
DRS Kedougou,Salemata,Août 2024,26.21,29.18,23.82,623.35,91.42,2.29,4.69
DRS Kedougou,Salemata,Septembre 2024,26.15,29.27,23.51,627.09,90.33,1.82,4.79
DRS Kedougou,Salemata,Octobre 2024,26.72,30.65,23.31,228.24,85.2,1.21,4.95
DRS Kedougou,Salemata,Novembre 2024,25.59,32.36,20.02,3.07,70.58,1.37,5.77
DRS Kedougou,Salemata,Décembre 2024,24.85,34.57,17.64,0.06,51.7,2.41,5.11
DRS Kedougou,Salemata,Janvier 2025,28.45,38.41,20.04,0.0,24.47,2.95,5.48
DRS Kedougou,Salemata,Février 2025,29.97,39.61,21.26,0.0,19.47,3.02,5.8
DRS Kedougou,Salemata,Mars 2025,33.3,41.82,25.0,1.66,25.96,2.38,6.58
DRS Kedougou,Salemata,Avril 2025,34.99,42.72,27.5,7.07,30.99,2.85,6.77
DRS Kedougou,Salemata,Mai 2025,32.96,39.42,26.96,56.75,47.42,2.69,6.07
DRS Kedougou,Salemata,Juin 2025,30.3,35.98,25.3,208.9,67.37,1.97,6.03
DRS Kedougou,Salemata,Juillet 2025,26.61,30.24,23.63,197.77,85.98,2.25,5.0
DRS Kedougou,Salemata,Août 2025,26.29,29.83,23.24,318.47,87.57,1.88,4.8
DRS Kedougou,Salemata,Septembre 2025,26.69,30.45,23.38,231.19,86.45,1.51,5.29
DRS Kedougou,Salemata,Octobre 2025,27.1,31.34,23.16,134.59,83.14,1.03,5.59
DRS Kedougou,Salemata,Novembre 2025,25.87,31.87,20.79,10.47,70.32,1.25,5.03
DRS Kedougou,Salemata,Décembre 2025,25.92,34.61,18.7,4.27,41.42,1.94,4.94
DRS Kedougou,Salemata,Janvier 2026,28.74,38.25,20.6,0.19,23.1,2.79,5.32
DRS Kedougou,Salemata,Février 2026,30.36,40.26,21.3,0.0,17.69,2.56,5.95
DRS Kedougou,Salemata,Mars 2026,32.99,40.61,25.38,0.12,24.14,2.39,6.29
DRS Kedougou,Salemata,Avril 2026,34.03,42.95,24.97,0.0,19.08,2.38,7.16
DRS Kedougou,Salemata,Mai 2026,34.13,41.11,27.49,58.42,41.57,2.34,6.25
DRS Kedougou,Salemata,Juin 2026,31.03,36.65,25.99,68.09,62.41,2.01,5.87
DRS Kedougou,Salemata,Juillet 2026,28.8,34.62,24.59,287.07,76.19,1.2,5.3
DRS Kedougou,Salemata,Août 2026,28.21,33.49,24.01,24.9,79.28,1.1,6.59
DRS Kedougou,Saraya,Janvier 2021,26.99,37.51,17.86,0.0,25.15,2.99,6.07
DRS Kedougou,Saraya,Février 2021,29.54,38.87,21.01,0.0,17.74,2.53,5.97
DRS Kedougou,Saraya,Mars 2021,32.35,41.01,23.74,0.0,18.19,2.62,6.78
DRS Kedougou,Saraya,Avril 2021,34.68,42.72,26.58,0.0,21.33,2.6,7.07
DRS Kedougou,Saraya,Mai 2021,34.62,41.62,27.84,21.74,33.41,2.6,6.17
DRS Kedougou,Saraya,Juin 2021,29.74,34.28,25.59,383.69,68.84,2.18,5.84
DRS Kedougou,Saraya,Juillet 2021,26.25,29.28,23.62,547.7,88.62,1.99,5.24
DRS Kedougou,Saraya,Août 2021,25.78,28.73,23.23,638.04,90.51,1.73,5.04
DRS Kedougou,Saraya,Septembre 2021,26.45,29.73,23.32,277.99,87.54,1.26,5.61
DRS Kedougou,Saraya,Octobre 2021,26.67,30.36,23.28,169.26,85.02,1.14,5.17
DRS Kedougou,Saraya,Novembre 2021,25.48,30.49,20.57,5.37,73.3,1.23,5.71
DRS Kedougou,Saraya,Décembre 2021,23.88,32.16,17.29,0.0,55.6,2.07,5.34
DRS Kedougou,Saraya,Janvier 2022,25.2,35.21,16.97,0.0,32.18,2.69,5.86
DRS Kedougou,Saraya,Février 2022,28.56,38.85,19.23,0.0,17.51,2.75,6.21
DRS Kedougou,Saraya,Mars 2022,32.32,40.82,23.9,0.01,16.15,2.44,6.37
DRS Kedougou,Saraya,Avril 2022,34.83,42.81,26.65,0.38,19.88,2.59,6.89
DRS Kedougou,Saraya,Mai 2022,33.79,40.65,27.22,85.67,36.34,2.52,6.3
DRS Kedougou,Saraya,Juin 2022,28.63,33.11,24.62,297.95,73.55,2.08,5.72
DRS Kedougou,Saraya,Juillet 2022,26.4,29.7,23.62,190.82,86.76,2.07,5.0
DRS Kedougou,Saraya,Août 2022,25.74,28.91,22.9,596.79,89.12,1.86,4.8
DRS Kedougou,Saraya,Septembre 2022,26.06,29.16,23.11,530.92,88.41,1.33,5.08
DRS Kedougou,Saraya,Octobre 2022,26.21,30.05,22.59,75.68,82.98,1.17,5.31
DRS Kedougou,Saraya,Novembre 2022,24.42,30.65,18.76,0.31,65.49,1.24,5.52
DRS Kedougou,Saraya,Décembre 2022,25.09,33.66,18.05,0.48,47.92,1.86,5.2
DRS Kedougou,Saraya,Janvier 2023,26.21,36.63,17.33,0.0,25.88,2.57,5.89
DRS Kedougou,Saraya,Février 2023,30.53,39.97,21.74,0.0,18.39,2.38,5.84
DRS Kedougou,Saraya,Mars 2023,32.55,41.46,23.59,0.15,18.65,2.41,6.89
DRS Kedougou,Saraya,Avril 2023,33.8,42.15,25.55,10.91,23.79,2.68,6.98
DRS Kedougou,Saraya,Mai 2023,32.84,39.29,27.14,58.63,46.38,2.87,5.65
DRS Kedougou,Saraya,Juin 2023,29.5,34.56,25.19,188.7,69.85,2.77,5.85
DRS Kedougou,Saraya,Juillet 2023,27.35,30.8,24.16,201.79,84.53,1.53,5.5
DRS Kedougou,Saraya,Août 2023,26.86,30.35,23.74,111.62,86.27,1.79,5.26
DRS Kedougou,Saraya,Septembre 2023,27.22,30.82,23.91,150.07,84.78,1.33,5.51
DRS Kedougou,Saraya,Octobre 2023,27.32,31.78,23.59,98.04,80.29,1.25,5.18
DRS Kedougou,Saraya,Novembre 2023,27.78,36.47,20.72,0.77,51.54,1.42,5.71
DRS Kedougou,Saraya,Décembre 2023,26.96,37.09,18.58,0.0,23.43,2.16,5.43
DRS Kedougou,Saraya,Janvier 2024,28.08,38.01,19.42,0.0,16.95,2.31,5.59
DRS Kedougou,Saraya,Février 2024,29.97,40.23,20.75,0.0,11.33,2.59,6.26
DRS Kedougou,Saraya,Mars 2024,33.14,42.36,24.05,0.0,15.75,2.29,6.47
DRS Kedougou,Saraya,Avril 2024,35.52,43.4,27.67,0.3,21.77,2.92,6.85
DRS Kedougou,Saraya,Mai 2024,35.27,42.29,28.33,49.23,37.45,2.73,6.53
DRS Kedougou,Saraya,Juin 2024,28.88,33.61,24.85,539.82,73.64,2.39,5.82
DRS Kedougou,Saraya,Juillet 2024,26.8,30.25,23.93,391.28,86.95,2.23,4.7
DRS Kedougou,Saraya,Août 2024,26.16,29.05,23.67,589.74,90.5,2.17,4.77
DRS Kedougou,Saraya,Septembre 2024,26.06,29.14,23.4,515.35,89.58,1.68,4.92
DRS Kedougou,Saraya,Octobre 2024,26.35,30.19,22.8,145.52,85.11,1.23,5.02
DRS Kedougou,Saraya,Novembre 2024,24.35,31.64,18.46,0.3,71.88,1.61,5.91
DRS Kedougou,Saraya,Décembre 2024,23.44,33.14,16.04,0.01,52.45,2.61,5.28
DRS Kedougou,Saraya,Janvier 2025,26.25,36.3,17.81,0.0,29.42,2.93,5.57
DRS Kedougou,Saraya,Février 2025,29.33,38.81,20.52,0.0,18.81,3.05,5.84
DRS Kedougou,Saraya,Mars 2025,33.89,41.97,25.95,0.65,20.64,2.48,6.43
DRS Kedougou,Saraya,Avril 2025,35.5,42.81,28.32,2.12,26.5,2.88,6.62
DRS Kedougou,Saraya,Mai 2025,34.38,40.59,28.45,48.62,40.54,2.7,6.04
DRS Kedougou,Saraya,Juin 2025,31.78,37.81,26.15,136.48,56.58,2.23,6.19
DRS Kedougou,Saraya,Juillet 2025,27.96,32.57,24.0,107.15,75.88,2.3,5.29
DRS Kedougou,Saraya,Août 2025,27.72,32.61,23.61,100.74,75.42,1.82,4.9
DRS Kedougou,Saraya,Septembre 2025,28.56,34.28,23.72,116.88,71.64,1.75,5.43
DRS Kedougou,Saraya,Octobre 2025,28.57,35.02,23.27,103.31,69.89,1.42,5.77
DRS Kedougou,Saraya,Novembre 2025,28.2,36.52,21.44,2.89,45.88,1.69,5.22
DRS Kedougou,Saraya,Décembre 2025,27.42,36.04,19.83,1.22,22.18,2.31,5.06
DRS Kedougou,Saraya,Janvier 2026,28.24,37.56,19.94,0.21,19.01,2.89,5.35
DRS Kedougou,Saraya,Février 2026,29.74,39.63,20.49,0.0,12.93,2.74,6.02
DRS Kedougou,Saraya,Mars 2026,33.08,40.6,25.55,0.42,20.93,2.51,6.32
DRS Kedougou,Saraya,Avril 2026,34.3,42.79,25.59,0.0,14.03,2.6,7.2
DRS Kedougou,Saraya,Mai 2026,35.13,41.7,28.65,51.75,36.11,2.29,6.2
DRS Kedougou,Saraya,Juin 2026,31.78,37.32,26.5,86.89,55.89,2.03,5.82
DRS Kedougou,Saraya,Juillet 2026,30.37,36.5,25.17,219.92,67.71,1.53,5.24
DRS Kedougou,Saraya,Août 2026,28.84,34.12,23.97,17.47,73.83,1.77,6.65
DRS Kolda,Kolda,Janvier 2021,23.0,32.08,15.45,0.0,52.01,2.5,5.7
DRS Kolda,Kolda,Février 2021,25.05,34.0,17.64,0.0,43.77,2.19,5.74
DRS Kolda,Kolda,Mars 2021,27.78,37.42,19.33,0.0,40.54,2.34,6.78
DRS Kolda,Kolda,Avril 2021,30.23,39.64,22.01,0.0,42.96,2.39,7.06
DRS Kolda,Kolda,Mai 2021,31.02,39.71,23.29,1.06,41.21,2.57,6.45
DRS Kolda,Kolda,Juin 2021,29.26,34.62,24.65,164.94,67.99,2.31,5.7
DRS Kolda,Kolda,Juillet 2021,26.87,30.41,24.05,339.28,85.78,1.94,5.26
DRS Kolda,Kolda,Août 2021,26.41,29.68,23.81,530.68,88.62,1.85,5.05
DRS Kolda,Kolda,Septembre 2021,26.61,29.89,23.79,486.53,88.64,1.44,5.54
DRS Kolda,Kolda,Octobre 2021,26.54,30.18,23.44,123.06,85.75,1.22,5.01
DRS Kolda,Kolda,Novembre 2021,26.35,31.32,21.68,9.13,76.57,1.32,5.28
DRS Kolda,Kolda,Décembre 2021,23.63,30.09,17.98,0.0,66.46,1.95,5.06
DRS Kolda,Kolda,Janvier 2022,22.86,31.07,15.69,0.0,55.71,2.21,5.53
DRS Kolda,Kolda,Février 2022,23.81,33.3,16.01,0.0,47.3,2.37,6.16
DRS Kolda,Kolda,Mars 2022,27.12,36.76,18.9,0.0,39.71,2.36,6.56
DRS Kolda,Kolda,Avril 2022,30.0,39.38,21.68,0.0,40.46,2.42,6.97
DRS Kolda,Kolda,Mai 2022,30.59,38.58,23.5,72.74,49.28,2.51,6.46
DRS Kolda,Kolda,Juin 2022,28.02,32.61,24.14,133.62,76.25,2.21,5.66
DRS Kolda,Kolda,Juillet 2022,26.84,30.28,24.25,383.38,86.76,2.29,4.85
DRS Kolda,Kolda,Août 2022,26.28,29.37,23.94,495.84,89.91,2.31,4.64
DRS Kolda,Kolda,Septembre 2022,26.37,29.57,23.71,327.09,89.2,1.67,5.02
DRS Kolda,Kolda,Octobre 2022,26.45,30.13,23.14,167.22,85.45,1.25,5.4
DRS Kolda,Kolda,Novembre 2022,24.19,29.67,19.28,0.35,71.78,1.37,5.33
DRS Kolda,Kolda,Décembre 2022,22.94,29.72,16.91,9.98,68.43,1.8,5.08
DRS Kolda,Kolda,Janvier 2023,21.91,30.14,14.94,0.0,58.24,2.37,5.49
DRS Kolda,Kolda,Février 2023,24.95,33.95,17.57,0.0,51.22,2.08,5.75
DRS Kolda,Kolda,Mars 2023,27.47,36.98,19.24,0.32,49.54,1.97,6.92
DRS Kolda,Kolda,Avril 2023,30.56,39.29,22.73,0.0,44.16,2.36,6.99
DRS Kolda,Kolda,Mai 2023,31.3,38.23,25.38,7.39,50.64,2.49,6.0
DRS Kolda,Kolda,Juin 2023,29.2,34.48,24.97,219.98,71.0,2.5,5.64
DRS Kolda,Kolda,Juillet 2023,27.55,30.97,24.74,312.06,85.85,1.88,5.45
DRS Kolda,Kolda,Août 2023,27.21,30.45,24.65,353.39,88.4,1.95,5.02
DRS Kolda,Kolda,Septembre 2023,27.17,30.43,24.41,232.88,88.1,1.53,5.08
DRS Kolda,Kolda,Octobre 2023,27.21,30.82,24.2,123.57,85.72,1.2,5.3
DRS Kolda,Kolda,Novembre 2023,25.71,31.71,20.08,4.23,69.51,1.39,5.52
DRS Kolda,Kolda,Décembre 2023,23.19,30.22,16.77,0.0,56.92,1.76,5.23
DRS Kolda,Kolda,Janvier 2024,24.01,32.78,16.6,0.0,51.08,1.94,5.38
DRS Kolda,Kolda,Février 2024,26.62,36.5,18.33,0.0,39.64,2.12,6.1
DRS Kolda,Kolda,Mars 2024,29.28,39.27,20.77,0.0,36.89,2.29,6.55
DRS Kolda,Kolda,Avril 2024,31.63,40.9,23.53,0.01,40.01,2.49,6.91
DRS Kolda,Kolda,Mai 2024,32.69,40.92,25.37,23.86,44.08,2.75,6.76
DRS Kolda,Kolda,Juin 2024,29.9,35.98,24.72,64.1,63.65,2.62,5.75
DRS Kolda,Kolda,Juillet 2024,27.32,30.77,24.71,450.35,86.67,2.47,4.77
DRS Kolda,Kolda,Août 2024,26.93,30.41,24.27,311.62,88.53,2.24,4.61
DRS Kolda,Kolda,Septembre 2024,26.67,30.0,24.12,318.42,89.03,1.83,4.45
DRS Kolda,Kolda,Octobre 2024,26.73,30.27,23.55,263.92,85.45,1.3,5.23
DRS Kolda,Kolda,Novembre 2024,25.78,32.1,20.24,0.12,73.19,1.39,5.64
DRS Kolda,Kolda,Décembre 2024,22.36,29.75,16.33,0.13,63.47,2.27,4.94
DRS Kolda,Kolda,Janvier 2025,23.0,32.24,15.52,0.0,47.59,2.62,5.46
DRS Kolda,Kolda,Février 2025,25.38,35.09,17.43,0.0,37.52,2.73,5.84
DRS Kolda,Kolda,Mars 2025,28.65,38.0,20.78,0.9,42.49,2.45,6.61
DRS Kolda,Kolda,Avril 2025,31.31,39.94,23.65,0.4,42.69,2.72,6.9
DRS Kolda,Kolda,Mai 2025,31.97,39.45,25.34,12.74,45.96,2.78,6.12
DRS Kolda,Kolda,Juin 2025,30.48,36.54,25.11,126.78,64.48,2.23,5.94
DRS Kolda,Kolda,Juillet 2025,26.98,30.58,24.18,302.2,85.99,2.23,4.92
DRS Kolda,Kolda,Août 2025,26.72,30.17,23.99,510.03,88.35,2.16,4.62
DRS Kolda,Kolda,Septembre 2025,26.94,30.48,23.93,260.36,87.08,1.61,5.01
DRS Kolda,Kolda,Octobre 2025,27.47,31.51,23.91,96.84,83.81,1.23,5.57
DRS Kolda,Kolda,Novembre 2025,25.19,30.42,20.7,5.93,72.18,1.51,4.93
DRS Kolda,Kolda,Décembre 2025,22.74,29.96,16.48,0.03,56.25,2.2,4.9
DRS Kolda,Kolda,Janvier 2026,24.33,33.23,17.1,0.87,43.62,2.69,5.25
DRS Kolda,Kolda,Février 2026,26.12,36.3,17.52,0.0,34.78,2.34,5.74
DRS Kolda,Kolda,Mars 2026,29.02,37.8,21.32,0.0,38.04,2.74,6.49
DRS Kolda,Kolda,Avril 2026,31.2,40.81,22.07,0.0,30.67,2.31,7.18
DRS Kolda,Kolda,Mai 2026,32.71,40.71,25.47,22.17,42.45,2.66,6.62
DRS Kolda,Kolda,Juin 2026,31.59,37.82,26.21,31.82,55.66,2.55,5.59
DRS Kolda,Kolda,Juillet 2026,28.79,33.88,25.03,213.55,78.35,1.76,5.23
DRS Kolda,Kolda,Août 2026,27.95,33.01,24.08,20.55,82.34,1.78,6.68
DRS Kolda,Medina Yoro Foulah,Janvier 2021,24.1,33.46,16.46,0.0,41.6,2.97,5.71
DRS Kolda,Medina Yoro Foulah,Février 2021,26.41,35.53,18.66,0.0,31.46,2.64,5.47
DRS Kolda,Medina Yoro Foulah,Mars 2021,29.11,38.73,20.57,0.0,30.11,2.81,6.85
DRS Kolda,Medina Yoro Foulah,Avril 2021,31.75,41.29,22.96,0.0,33.77,2.69,7.12
DRS Kolda,Medina Yoro Foulah,Mai 2021,32.11,40.85,24.02,0.05,34.54,3.09,6.54
DRS Kolda,Medina Yoro Foulah,Juin 2021,30.45,36.42,25.23,122.73,60.31,2.84,5.91
DRS Kolda,Medina Yoro Foulah,Juillet 2021,27.54,31.54,24.37,220.95,81.2,2.27,5.75
DRS Kolda,Medina Yoro Foulah,Août 2021,26.73,30.0,24.05,553.47,87.69,1.92,5.42
DRS Kolda,Medina Yoro Foulah,Septembre 2021,26.85,30.08,23.99,380.34,87.9,1.48,5.75
DRS Kolda,Medina Yoro Foulah,Octobre 2021,26.79,30.71,23.44,83.97,83.81,1.29,5.1
DRS Kolda,Medina Yoro Foulah,Novembre 2021,26.36,31.68,21.45,4.26,73.52,1.43,5.34
DRS Kolda,Medina Yoro Foulah,Décembre 2021,24.08,30.79,18.23,0.0,60.05,2.15,5.02
DRS Kolda,Medina Yoro Foulah,Janvier 2022,23.7,32.18,16.29,0.0,46.09,2.56,5.44
DRS Kolda,Medina Yoro Foulah,Février 2022,25.14,34.81,17.04,0.0,35.58,2.78,6.2
DRS Kolda,Medina Yoro Foulah,Mars 2022,28.58,38.36,20.02,0.0,28.24,2.82,6.48
DRS Kolda,Medina Yoro Foulah,Avril 2022,31.56,40.93,22.92,0.0,30.53,2.96,7.04
DRS Kolda,Medina Yoro Foulah,Mai 2022,31.92,40.13,24.3,51.56,40.79,2.91,6.61
DRS Kolda,Medina Yoro Foulah,Juin 2022,29.07,34.22,24.65,93.93,69.1,2.73,5.94
DRS Kolda,Medina Yoro Foulah,Juillet 2022,27.5,31.29,24.55,244.9,82.35,2.49,5.28
DRS Kolda,Medina Yoro Foulah,Août 2022,26.6,29.87,24.11,391.38,88.43,2.31,4.97
DRS Kolda,Medina Yoro Foulah,Septembre 2022,26.57,29.72,23.92,293.74,88.43,1.66,5.28
DRS Kolda,Medina Yoro Foulah,Octobre 2022,26.66,30.59,23.26,115.8,84.16,1.34,5.47
DRS Kolda,Medina Yoro Foulah,Novembre 2022,24.21,30.17,18.98,0.01,67.87,1.56,5.31
DRS Kolda,Medina Yoro Foulah,Décembre 2022,23.43,30.95,17.04,5.08,61.84,2.06,5.14
DRS Kolda,Medina Yoro Foulah,Janvier 2023,22.89,31.55,15.73,0.0,47.72,2.71,5.39
DRS Kolda,Medina Yoro Foulah,Février 2023,26.57,35.97,18.83,0.0,37.49,2.54,5.77
DRS Kolda,Medina Yoro Foulah,Mars 2023,29.2,39.12,20.37,0.05,35.84,2.33,6.95
DRS Kolda,Medina Yoro Foulah,Avril 2023,32.27,41.01,24.0,0.0,32.98,2.71,7.01
DRS Kolda,Medina Yoro Foulah,Mai 2023,32.83,39.94,26.31,4.35,41.62,2.83,6.26
DRS Kolda,Medina Yoro Foulah,Juin 2023,30.52,36.49,25.57,124.72,62.87,3.04,6.17
DRS Kolda,Medina Yoro Foulah,Juillet 2023,28.22,32.01,25.13,248.56,81.56,2.07,5.8
DRS Kolda,Medina Yoro Foulah,Août 2023,27.44,30.78,24.78,357.78,87.28,2.08,5.39
DRS Kolda,Medina Yoro Foulah,Septembre 2023,27.35,30.56,24.54,170.54,87.0,1.56,5.39
DRS Kolda,Medina Yoro Foulah,Octobre 2023,27.34,30.98,24.29,85.67,84.72,1.28,5.51
DRS Kolda,Medina Yoro Foulah,Novembre 2023,26.11,33.02,19.82,1.46,62.75,1.54,5.69
DRS Kolda,Medina Yoro Foulah,Décembre 2023,24.09,32.37,17.02,0.0,44.45,2.13,5.27
DRS Kolda,Medina Yoro Foulah,Janvier 2024,25.39,34.96,17.47,0.0,37.42,2.35,5.4
DRS Kolda,Medina Yoro Foulah,Février 2024,28.23,38.52,19.46,0.0,25.18,2.61,6.15
DRS Kolda,Medina Yoro Foulah,Mars 2024,30.74,40.64,21.92,0.0,26.46,2.73,6.6
DRS Kolda,Medina Yoro Foulah,Avril 2024,33.14,42.28,24.68,0.01,30.64,2.92,6.85
DRS Kolda,Medina Yoro Foulah,Mai 2024,33.84,42.23,25.95,6.88,37.22,3.16,6.85
DRS Kolda,Medina Yoro Foulah,Juin 2024,31.23,38.12,25.25,39.33,54.96,3.22,6.2
DRS Kolda,Medina Yoro Foulah,Juillet 2024,27.93,31.75,24.97,322.55,82.88,2.75,4.95
DRS Kolda,Medina Yoro Foulah,Août 2024,27.4,31.06,24.55,216.03,86.17,2.38,5.06
DRS Kolda,Medina Yoro Foulah,Septembre 2024,27.01,30.49,24.33,254.85,87.43,1.88,4.92
DRS Kolda,Medina Yoro Foulah,Octobre 2024,27.06,30.94,23.67,165.11,83.0,1.38,5.4
DRS Kolda,Medina Yoro Foulah,Novembre 2024,26.04,33.22,20.27,0.0,67.75,1.63,5.69
DRS Kolda,Medina Yoro Foulah,Décembre 2024,23.6,31.71,17.22,0.95,51.03,2.61,4.75
DRS Kolda,Medina Yoro Foulah,Janvier 2025,24.89,34.57,17.11,0.0,32.02,3.12,5.5
DRS Kolda,Medina Yoro Foulah,Février 2025,27.31,37.07,19.22,0.0,24.45,3.29,6.08
DRS Kolda,Medina Yoro Foulah,Mars 2025,30.39,39.62,22.3,0.0,30.92,2.86,6.65
DRS Kolda,Medina Yoro Foulah,Avril 2025,32.84,41.27,24.91,0.18,33.62,3.13,6.83
DRS Kolda,Medina Yoro Foulah,Mai 2025,33.32,40.77,26.31,13.23,38.3,3.11,6.13
DRS Kolda,Medina Yoro Foulah,Juin 2025,31.32,37.66,25.49,99.09,58.63,2.55,6.29
DRS Kolda,Medina Yoro Foulah,Juillet 2025,27.56,31.48,24.42,219.0,82.31,2.39,5.51
DRS Kolda,Medina Yoro Foulah,Août 2025,27.05,30.52,24.19,438.52,87.14,2.18,5.1
DRS Kolda,Medina Yoro Foulah,Septembre 2025,27.18,30.65,24.13,175.14,86.33,1.62,5.31
DRS Kolda,Medina Yoro Foulah,Octobre 2025,27.78,32.14,24.01,67.54,81.7,1.33,5.66
DRS Kolda,Medina Yoro Foulah,Novembre 2025,25.92,32.1,20.97,4.39,64.3,1.79,4.8
DRS Kolda,Medina Yoro Foulah,Décembre 2025,23.98,32.1,17.37,0.03,44.68,2.57,4.92
DRS Kolda,Medina Yoro Foulah,Janvier 2026,25.86,34.93,18.5,1.43,31.71,3.28,5.19
DRS Kolda,Medina Yoro Foulah,Février 2026,27.63,37.83,18.84,0.0,23.07,2.73,5.98
DRS Kolda,Medina Yoro Foulah,Mars 2026,30.2,38.79,22.34,0.0,29.81,3.21,6.58
DRS Kolda,Medina Yoro Foulah,Avril 2026,32.25,41.65,23.18,0.0,21.69,2.9,7.21
DRS Kolda,Medina Yoro Foulah,Mai 2026,33.94,41.79,26.39,6.68,35.46,3.01,6.65
DRS Kolda,Medina Yoro Foulah,Juin 2026,32.52,38.94,26.71,29.98,50.06,2.86,5.87
DRS Kolda,Medina Yoro Foulah,Juillet 2026,29.46,34.53,25.46,179.68,73.42,1.91,5.43
DRS Kolda,Medina Yoro Foulah,Août 2026,28.48,33.54,24.46,14.82,78.8,1.87,6.14
DRS Kolda,Velingara,Janvier 2021,24.17,34.28,16.04,0.0,43.64,2.67,5.71
DRS Kolda,Velingara,Février 2021,26.94,36.42,18.92,0.0,31.87,2.43,5.47
DRS Kolda,Velingara,Mars 2021,29.89,39.56,20.97,0.0,29.32,2.5,6.85
DRS Kolda,Velingara,Avril 2021,32.17,41.5,23.46,0.0,35.2,2.62,7.12
DRS Kolda,Velingara,Mai 2021,32.89,41.45,24.83,1.48,33.68,2.74,6.54
DRS Kolda,Velingara,Juin 2021,30.13,35.7,25.21,138.73,63.74,2.45,5.91
DRS Kolda,Velingara,Juillet 2021,26.88,30.4,24.08,464.54,85.66,2.04,5.75
DRS Kolda,Velingara,Août 2021,26.3,29.49,23.72,569.02,89.28,1.86,5.42
DRS Kolda,Velingara,Septembre 2021,26.52,29.69,23.7,506.68,89.51,1.41,5.75
DRS Kolda,Velingara,Octobre 2021,26.51,30.14,23.34,129.43,86.34,1.14,5.1
DRS Kolda,Velingara,Novembre 2021,26.11,31.14,21.37,8.07,77.11,1.27,5.34
DRS Kolda,Velingara,Décembre 2021,23.44,30.45,17.64,0.0,66.42,1.96,5.02
DRS Kolda,Velingara,Janvier 2022,23.55,32.78,15.98,0.0,49.51,2.31,5.44
DRS Kolda,Velingara,Février 2022,25.59,35.84,17.18,0.0,35.39,2.56,6.2
DRS Kolda,Velingara,Mars 2022,29.42,39.22,20.77,0.0,27.41,2.46,6.48
DRS Kolda,Velingara,Avril 2022,32.14,41.5,23.28,0.01,31.19,2.61,7.04
DRS Kolda,Velingara,Mai 2022,32.17,40.14,24.71,62.32,42.19,2.68,6.61
DRS Kolda,Velingara,Juin 2022,28.39,33.12,24.39,182.31,74.31,2.31,5.94
DRS Kolda,Velingara,Juillet 2022,26.85,30.34,24.15,303.38,86.5,2.3,5.28
DRS Kolda,Velingara,Août 2022,26.18,29.32,23.74,574.35,90.12,2.32,4.97
DRS Kolda,Velingara,Septembre 2022,26.26,29.35,23.59,299.72,89.67,1.61,5.28
DRS Kolda,Velingara,Octobre 2022,26.41,30.06,22.99,143.86,85.62,1.2,5.47
DRS Kolda,Velingara,Novembre 2022,24.02,29.67,18.95,0.65,73.21,1.35,5.31
DRS Kolda,Velingara,Décembre 2022,22.94,30.0,16.89,12.55,67.31,1.77,5.14
DRS Kolda,Velingara,Janvier 2023,22.51,31.84,15.05,0.0,52.58,2.47,5.39
DRS Kolda,Velingara,Février 2023,26.91,36.64,18.88,0.0,39.49,2.11,5.77
DRS Kolda,Velingara,Mars 2023,29.5,39.41,20.64,0.49,37.79,2.22,6.95
DRS Kolda,Velingara,Avril 2023,32.73,41.47,24.32,0.01,33.72,2.44,7.01
DRS Kolda,Velingara,Mai 2023,32.61,39.49,26.39,10.56,44.8,2.84,6.26
DRS Kolda,Velingara,Juin 2023,29.71,35.16,25.31,245.4,69.1,2.7,6.17
DRS Kolda,Velingara,Juillet 2023,27.64,31.2,24.63,305.94,85.22,1.91,5.8
DRS Kolda,Velingara,Août 2023,27.21,30.49,24.48,279.27,88.07,1.93,5.39
DRS Kolda,Velingara,Septembre 2023,27.15,30.45,24.3,197.47,88.08,1.5,5.39
DRS Kolda,Velingara,Octobre 2023,27.03,30.58,24.01,150.97,86.45,1.18,5.51
DRS Kolda,Velingara,Novembre 2023,25.51,31.49,19.86,4.53,69.97,1.29,5.69
DRS Kolda,Velingara,Décembre 2023,23.44,31.04,16.66,0.0,53.96,1.75,5.27
DRS Kolda,Velingara,Janvier 2024,24.91,34.44,17.27,0.0,43.44,1.97,5.4
DRS Kolda,Velingara,Février 2024,28.41,38.83,19.57,0.0,27.23,2.21,6.15
DRS Kolda,Velingara,Mars 2024,31.4,41.35,22.38,0.0,26.51,2.34,6.6
DRS Kolda,Velingara,Avril 2024,33.61,42.88,25.02,0.04,31.39,2.73,6.85
DRS Kolda,Velingara,Mai 2024,34.28,42.43,26.66,22.55,38.13,3.0,6.85
DRS Kolda,Velingara,Juin 2024,30.43,36.52,25.24,92.07,61.74,2.66,6.2
DRS Kolda,Velingara,Juillet 2024,27.44,30.99,24.68,373.85,85.73,2.47,4.95
DRS Kolda,Velingara,Août 2024,26.89,30.32,24.2,320.06,88.84,2.3,5.06
DRS Kolda,Velingara,Septembre 2024,26.6,29.89,23.96,290.13,89.18,1.81,4.92
DRS Kolda,Velingara,Octobre 2024,26.66,30.19,23.49,239.29,85.99,1.24,5.4
DRS Kolda,Velingara,Novembre 2024,25.42,31.89,19.8,0.26,74.32,1.41,5.69
DRS Kolda,Velingara,Décembre 2024,22.4,30.44,16.23,0.03,63.23,2.34,4.75
DRS Kolda,Velingara,Janvier 2025,23.99,33.96,16.18,0.0,41.45,2.77,5.5
DRS Kolda,Velingara,Février 2025,27.13,37.13,18.79,0.0,27.93,2.96,6.08
DRS Kolda,Velingara,Mars 2025,30.91,40.23,22.65,1.16,31.77,2.56,6.65
DRS Kolda,Velingara,Avril 2025,33.26,41.8,25.3,0.96,34.32,2.88,6.83
DRS Kolda,Velingara,Mai 2025,33.36,40.83,26.47,17.18,40.88,3.05,6.13
DRS Kolda,Velingara,Juin 2025,30.88,36.87,25.51,155.75,63.01,2.18,6.29
DRS Kolda,Velingara,Juillet 2025,27.01,30.63,24.08,302.86,85.78,2.21,5.51
DRS Kolda,Velingara,Août 2025,26.7,30.15,23.84,429.79,88.06,2.05,5.1
DRS Kolda,Velingara,Septembre 2025,26.84,30.44,23.77,190.25,87.23,1.57,5.31
DRS Kolda,Velingara,Octobre 2025,27.34,31.49,23.64,91.47,83.88,1.18,5.66
DRS Kolda,Velingara,Novembre 2025,25.18,30.74,20.52,6.16,71.78,1.41,4.8
DRS Kolda,Velingara,Décembre 2025,23.42,31.53,16.74,0.0,51.2,2.15,4.92
DRS Kolda,Velingara,Janvier 2026,25.91,35.33,18.11,0.44,33.49,2.83,5.19
DRS Kolda,Velingara,Février 2026,27.98,38.39,18.91,0.0,23.39,2.52,5.98
DRS Kolda,Velingara,Mars 2026,31.11,39.6,23.18,0.0,28.38,2.74,6.58
DRS Kolda,Velingara,Avril 2026,32.88,42.39,23.51,0.0,22.47,2.49,7.21
DRS Kolda,Velingara,Mai 2026,33.89,41.57,26.59,28.03,38.66,2.68,6.65
DRS Kolda,Velingara,Juin 2026,31.83,37.92,26.48,46.78,55.53,2.49,5.87
DRS Kolda,Velingara,Juillet 2026,29.26,34.85,25.04,232.26,75.52,1.88,5.43
DRS Kolda,Velingara,Août 2026,28.46,33.75,24.1,21.38,79.79,1.82,6.14
DRS Louga,Coki,Janvier 2021,23.49,32.53,16.76,0.0,32.62,3.93,5.32
DRS Louga,Coki,Février 2021,25.21,35.05,17.58,0.0,27.91,3.71,5.57
DRS Louga,Coki,Mars 2021,25.67,36.49,18.0,0.22,42.04,4.06,6.82
DRS Louga,Coki,Avril 2021,27.41,39.03,19.36,0.0,47.36,4.54,7.29
DRS Louga,Coki,Mai 2021,27.1,37.66,19.86,0.15,53.27,4.51,6.71
DRS Louga,Coki,Juin 2021,29.26,37.66,23.22,78.39,58.07,3.78,6.4
DRS Louga,Coki,Juillet 2021,28.73,35.27,23.89,23.12,64.16,3.4,6.54
DRS Louga,Coki,Août 2021,27.68,31.61,24.57,336.66,80.65,2.12,6.0
DRS Louga,Coki,Septembre 2021,27.74,31.89,24.54,153.86,82.55,1.67,6.12
DRS Louga,Coki,Octobre 2021,27.77,33.35,23.58,14.82,72.54,1.75,5.45
DRS Louga,Coki,Novembre 2021,27.39,35.07,21.82,1.74,54.1,2.19,5.3
DRS Louga,Coki,Décembre 2021,25.49,33.68,19.24,0.49,36.03,2.84,4.52
DRS Louga,Coki,Janvier 2022,24.82,33.53,18.11,0.03,32.08,3.44,5.05
DRS Louga,Coki,Février 2022,24.92,34.47,17.81,0.0,30.54,4.09,6.0
DRS Louga,Coki,Mars 2022,25.29,36.07,17.38,0.0,39.55,4.3,6.72
DRS Louga,Coki,Avril 2022,27.02,38.14,19.13,0.0,46.79,4.69,7.26
DRS Louga,Coki,Mai 2022,29.14,39.23,21.63,2.49,49.12,3.84,7.02
DRS Louga,Coki,Juin 2022,30.23,38.18,24.28,39.68,56.18,3.62,6.3
DRS Louga,Coki,Juillet 2022,28.8,34.65,24.51,150.03,68.0,3.39,5.92
DRS Louga,Coki,Août 2022,27.73,31.58,24.66,161.55,79.15,2.33,5.75
DRS Louga,Coki,Septembre 2022,27.63,31.41,24.56,159.06,82.17,1.76,5.8
DRS Louga,Coki,Octobre 2022,28.01,33.37,24.0,27.93,72.34,1.55,5.7
DRS Louga,Coki,Novembre 2022,26.21,34.87,19.33,0.0,41.88,2.1,5.35
DRS Louga,Coki,Décembre 2022,24.45,33.65,17.44,13.32,41.98,2.91,5.33
DRS Louga,Coki,Janvier 2023,23.78,32.75,17.0,0.65,33.56,3.53,5.09
DRS Louga,Coki,Février 2023,24.93,34.76,17.93,0.0,37.99,4.16,5.57
DRS Louga,Coki,Mars 2023,28.36,38.93,20.12,0.0,34.8,3.51,6.94
DRS Louga,Coki,Avril 2023,28.61,38.66,21.26,0.01,44.18,4.26,7.08
DRS Louga,Coki,Mai 2023,30.26,39.61,23.32,0.0,46.8,4.25,6.71
DRS Louga,Coki,Juin 2023,30.55,39.08,24.48,3.79,55.45,4.26,6.81
DRS Louga,Coki,Juillet 2023,29.6,34.63,25.67,240.72,69.57,2.79,6.15
DRS Louga,Coki,Août 2023,27.81,31.57,24.89,273.98,82.71,2.36,5.85
DRS Louga,Coki,Septembre 2023,27.59,31.08,24.88,150.09,85.48,1.7,5.97
DRS Louga,Coki,Octobre 2023,27.78,32.38,24.27,30.48,79.09,1.51,5.7
DRS Louga,Coki,Novembre 2023,25.4,34.51,18.51,0.0,51.38,2.11,5.6
DRS Louga,Coki,Décembre 2023,24.21,33.88,17.05,0.0,33.41,2.99,5.13
DRS Louga,Coki,Janvier 2024,24.72,34.77,17.31,0.0,31.55,2.92,5.33
DRS Louga,Coki,Février 2024,26.7,37.45,18.52,0.0,26.39,3.52,5.98
DRS Louga,Coki,Mars 2024,26.05,37.06,18.32,0.0,46.95,3.82,6.76
DRS Louga,Coki,Avril 2024,28.88,39.74,20.9,0.19,43.63,4.42,7.07
DRS Louga,Coki,Mai 2024,29.92,40.73,22.26,0.0,48.8,4.29,7.11
DRS Louga,Coki,Juin 2024,28.99,37.3,22.93,6.81,58.54,3.99,6.53
DRS Louga,Coki,Juillet 2024,29.04,34.5,24.9,139.62,69.72,3.36,5.99
DRS Louga,Coki,Août 2024,29.05,33.67,25.46,90.93,73.6,2.79,5.79
DRS Louga,Coki,Septembre 2024,28.32,32.74,24.99,187.84,76.18,2.34,5.16
DRS Louga,Coki,Octobre 2024,28.47,34.27,23.91,47.02,70.22,1.72,5.59
DRS Louga,Coki,Novembre 2024,27.24,36.17,20.21,0.0,45.09,2.33,5.61
DRS Louga,Coki,Décembre 2024,24.42,32.31,18.3,2.7,33.15,3.29,4.41
DRS Louga,Coki,Janvier 2025,23.49,33.42,15.74,0.0,26.66,3.68,5.64
DRS Louga,Coki,Février 2025,23.94,34.53,16.11,0.54,30.93,3.94,6.22
DRS Louga,Coki,Mars 2025,24.69,34.99,17.89,91.74,53.5,4.61,6.65
DRS Louga,Coki,Avril 2025,27.16,37.51,19.9,0.43,54.59,4.55,6.95
DRS Louga,Coki,Mai 2025,28.59,38.9,21.44,1.26,53.2,4.34,6.53
DRS Louga,Coki,Juin 2025,27.85,34.65,22.67,449.83,70.96,3.07,6.63
DRS Louga,Coki,Juillet 2025,26.99,31.15,23.65,548.13,81.39,2.53,6.41
DRS Louga,Coki,Août 2025,27.28,30.76,24.4,301.01,86.7,1.94,5.76
DRS Louga,Coki,Septembre 2025,27.4,30.69,24.69,121.82,85.97,1.54,5.77
DRS Louga,Coki,Octobre 2025,27.6,32.35,23.57,36.5,78.1,1.47,5.99
DRS Louga,Coki,Novembre 2025,24.53,30.11,20.28,0.23,68.25,2.01,4.63
DRS Louga,Coki,Décembre 2025,20.73,28.04,15.27,1.28,51.34,3.19,4.79
DRS Louga,Coki,Janvier 2026,22.4,30.96,15.94,1.92,41.2,3.6,5.12
DRS Louga,Coki,Février 2026,25.31,35.98,17.1,0.0,31.22,3.31,6.16
DRS Louga,Coki,Mars 2026,24.98,34.45,18.25,0.0,50.95,3.98,6.69
DRS Louga,Coki,Avril 2026,27.62,38.39,19.77,0.24,41.93,4.33,7.35
DRS Louga,Coki,Mai 2026,29.24,40.1,21.35,0.02,47.76,4.02,6.93
DRS Louga,Coki,Juin 2026,30.47,39.14,24.03,1.11,55.47,3.51,6.18
DRS Louga,Coki,Juillet 2026,29.98,36.35,25.55,97.62,64.27,2.89,5.89
DRS Louga,Coki,Août 2026,29.66,35.22,25.76,7.19,68.39,3.23,6.52
DRS Louga,Dahra,Janvier 2021,23.99,33.06,16.97,0.0,29.0,3.94,5.32
DRS Louga,Dahra,Février 2021,25.9,35.57,17.87,0.0,22.87,3.57,5.57
DRS Louga,Dahra,Mars 2021,27.58,37.87,19.15,0.13,30.46,3.65,6.82
DRS Louga,Dahra,Avril 2021,30.44,41.37,21.41,0.0,31.98,4.08,7.29
DRS Louga,Dahra,Mai 2021,30.47,41.14,21.78,0.03,37.92,4.29,6.71
DRS Louga,Dahra,Juin 2021,31.74,40.14,24.61,66.12,46.08,3.7,6.4
DRS Louga,Dahra,Juillet 2021,30.24,37.36,24.34,33.46,57.07,3.29,6.54
DRS Louga,Dahra,Août 2021,27.8,32.0,24.44,458.5,80.43,2.04,6.0
DRS Louga,Dahra,Septembre 2021,27.72,31.94,24.24,134.2,82.16,1.66,6.12
DRS Louga,Dahra,Octobre 2021,27.92,33.81,23.43,20.49,70.35,1.7,5.45
DRS Louga,Dahra,Novembre 2021,27.86,35.45,21.83,0.19,47.41,2.12,5.3
DRS Louga,Dahra,Décembre 2021,25.9,33.81,19.75,0.55,32.61,2.89,4.52
DRS Louga,Dahra,Janvier 2022,25.29,33.98,18.28,0.03,25.06,3.44,5.05
DRS Louga,Dahra,Février 2022,25.86,35.47,18.23,0.0,23.06,3.88,6.0
DRS Louga,Dahra,Mars 2022,27.25,37.57,18.56,0.0,27.01,3.83,6.72
DRS Louga,Dahra,Avril 2022,30.04,40.52,21.25,0.0,31.76,4.33,7.26
DRS Louga,Dahra,Mai 2022,31.76,41.2,23.28,4.63,35.39,3.64,7.02
DRS Louga,Dahra,Juin 2022,32.21,39.91,25.55,36.24,46.41,3.61,6.3
DRS Louga,Dahra,Juillet 2022,30.01,36.09,24.85,159.27,62.29,3.18,5.92
DRS Louga,Dahra,Août 2022,27.98,32.11,24.51,151.96,78.15,2.19,5.75
DRS Louga,Dahra,Septembre 2022,27.73,31.72,24.41,140.12,81.37,1.68,5.8
DRS Louga,Dahra,Octobre 2022,28.17,33.84,23.8,30.74,69.9,1.6,5.7
DRS Louga,Dahra,Novembre 2022,26.36,34.99,19.44,0.0,39.59,2.18,5.35
DRS Louga,Dahra,Décembre 2022,24.78,33.9,17.55,24.6,36.97,2.83,5.33
DRS Louga,Dahra,Janvier 2023,24.04,32.95,17.02,0.25,29.7,3.43,5.09
DRS Louga,Dahra,Février 2023,26.31,35.49,18.99,0.0,26.71,3.78,5.57
DRS Louga,Dahra,Mars 2023,29.63,39.79,20.85,0.0,25.74,3.39,6.94
DRS Louga,Dahra,Avril 2023,30.76,40.23,22.65,0.01,32.12,3.99,7.08
DRS Louga,Dahra,Mai 2023,32.59,41.4,24.86,0.05,35.0,3.89,6.71
DRS Louga,Dahra,Juin 2023,32.98,41.52,25.72,6.52,43.14,4.0,6.81
DRS Louga,Dahra,Juillet 2023,30.73,36.2,26.09,186.74,63.17,2.71,6.15
DRS Louga,Dahra,Août 2023,28.37,32.72,24.85,242.12,79.08,2.36,5.85
DRS Louga,Dahra,Septembre 2023,27.74,31.5,24.71,124.9,83.67,1.69,5.97
DRS Louga,Dahra,Octobre 2023,28.21,33.24,24.04,25.14,72.69,1.48,5.7
DRS Louga,Dahra,Novembre 2023,26.94,36.3,19.25,0.0,36.17,2.16,5.6
DRS Louga,Dahra,Décembre 2023,25.2,34.68,17.75,0.0,23.93,3.12,5.13
DRS Louga,Dahra,Janvier 2024,25.32,35.29,17.69,0.0,23.66,3.05,5.33
DRS Louga,Dahra,Février 2024,27.45,37.91,18.96,0.0,17.62,3.42,5.98
DRS Louga,Dahra,Mars 2024,28.45,39.11,19.83,0.0,31.05,3.43,6.76
DRS Louga,Dahra,Avril 2024,31.52,41.94,22.79,0.03,31.01,4.13,7.07
DRS Louga,Dahra,Mai 2024,32.96,43.22,24.12,0.0,33.85,3.95,7.11
DRS Louga,Dahra,Juin 2024,31.56,40.57,24.03,5.01,46.53,4.01,6.53
DRS Louga,Dahra,Juillet 2024,30.13,35.99,25.21,140.11,64.29,3.3,5.99
DRS Louga,Dahra,Août 2024,29.42,34.46,25.32,98.42,71.47,2.61,5.79
DRS Louga,Dahra,Septembre 2024,28.56,33.28,24.85,173.67,74.27,2.22,5.16
DRS Louga,Dahra,Octobre 2024,28.71,34.75,23.91,40.34,66.02,1.78,5.59
DRS Louga,Dahra,Novembre 2024,27.54,36.58,20.34,0.0,41.5,2.49,5.61
DRS Louga,Dahra,Décembre 2024,24.62,32.47,18.47,5.31,29.59,3.32,4.41
DRS Louga,Dahra,Janvier 2025,23.84,33.62,15.98,0.0,22.01,3.66,5.64
DRS Louga,Dahra,Février 2025,25.03,35.52,16.69,0.0,23.82,3.71,6.22
DRS Louga,Dahra,Mars 2025,27.47,37.53,19.52,23.7,38.6,4.03,6.65
DRS Louga,Dahra,Avril 2025,30.0,40.16,21.64,0.02,42.25,4.34,6.95
DRS Louga,Dahra,Mai 2025,31.84,41.59,23.6,1.68,39.58,4.13,6.53
DRS Louga,Dahra,Juin 2025,28.99,35.58,23.25,580.77,66.17,2.94,6.63
DRS Louga,Dahra,Juillet 2025,26.92,30.87,23.43,617.82,83.71,2.32,6.41
DRS Louga,Dahra,Août 2025,27.21,30.65,24.21,299.63,87.51,1.9,5.76
DRS Louga,Dahra,Septembre 2025,27.21,30.5,24.35,117.38,86.94,1.48,5.77
DRS Louga,Dahra,Octobre 2025,27.41,32.46,22.97,24.57,76.9,1.38,5.99
DRS Louga,Dahra,Novembre 2025,24.33,30.05,19.69,0.2,64.22,1.93,4.63
DRS Louga,Dahra,Décembre 2025,20.91,28.29,15.29,1.93,48.63,3.1,4.79
DRS Louga,Dahra,Janvier 2026,22.73,31.36,16.1,2.27,37.16,3.47,5.12
DRS Louga,Dahra,Février 2026,25.91,36.56,17.42,0.0,24.33,3.27,6.16
DRS Louga,Dahra,Mars 2026,26.89,36.13,19.23,0.0,39.52,3.66,6.69
DRS Louga,Dahra,Avril 2026,29.86,40.12,21.1,0.02,28.05,3.91,7.35
DRS Louga,Dahra,Mai 2026,32.52,42.4,23.76,0.02,33.09,3.72,6.93
DRS Louga,Dahra,Juin 2026,32.93,41.38,25.32,1.67,43.35,3.33,6.18
DRS Louga,Dahra,Juillet 2026,31.61,38.19,26.3,100.82,56.07,2.76,5.89
DRS Louga,Dahra,Août 2026,30.99,37.61,26.02,3.73,61.6,3.1,6.52
DRS Louga,Darou-Mousty,Janvier 2021,23.08,32.02,16.45,0.0,35.89,3.6,5.27
DRS Louga,Darou-Mousty,Février 2021,25.08,34.89,17.63,0.0,29.36,3.41,5.65
DRS Louga,Darou-Mousty,Mars 2021,26.05,36.96,18.05,11.58,41.31,3.87,6.93
DRS Louga,Darou-Mousty,Avril 2021,28.09,40.0,19.6,0.0,44.88,4.21,7.37
DRS Louga,Darou-Mousty,Mai 2021,28.06,39.04,20.21,0.28,49.76,4.28,6.77
DRS Louga,Darou-Mousty,Juin 2021,30.05,38.3,23.56,74.63,55.25,3.47,6.27
DRS Louga,Darou-Mousty,Juillet 2021,29.71,36.44,24.35,27.91,60.13,3.19,6.17
DRS Louga,Darou-Mousty,Août 2021,27.97,32.21,24.57,338.98,78.33,2.06,5.69
DRS Louga,Darou-Mousty,Septembre 2021,27.79,31.87,24.39,171.2,81.48,1.59,5.87
DRS Louga,Darou-Mousty,Octobre 2021,27.7,32.99,23.54,26.07,73.43,1.62,5.47
DRS Louga,Darou-Mousty,Novembre 2021,27.08,34.09,21.73,5.17,56.81,1.99,5.22
DRS Louga,Darou-Mousty,Décembre 2021,25.46,33.27,19.35,0.26,38.22,2.64,4.3
DRS Louga,Darou-Mousty,Janvier 2022,25.13,33.93,18.22,0.01,31.89,3.32,5.01
DRS Louga,Darou-Mousty,Février 2022,25.4,35.23,17.97,0.0,28.67,3.95,6.01
DRS Louga,Darou-Mousty,Mars 2022,26.13,37.19,17.8,0.0,36.75,4.18,6.75
DRS Louga,Darou-Mousty,Avril 2022,28.16,39.57,19.74,0.0,42.65,4.57,7.0
DRS Louga,Darou-Mousty,Mai 2022,30.03,40.26,21.97,4.59,45.51,3.68,6.68
DRS Louga,Darou-Mousty,Juin 2022,30.79,38.39,24.6,50.23,53.8,3.55,5.95
DRS Louga,Darou-Mousty,Juillet 2022,29.52,35.33,24.87,145.97,65.19,3.18,5.58
DRS Louga,Darou-Mousty,Août 2022,27.95,32.04,24.63,216.36,77.91,2.31,5.44
DRS Louga,Darou-Mousty,Septembre 2022,27.51,31.32,24.4,190.82,82.68,1.7,5.6
DRS Louga,Darou-Mousty,Octobre 2022,27.57,32.45,23.66,51.44,75.45,1.43,5.65
DRS Louga,Darou-Mousty,Novembre 2022,25.36,33.23,19.15,0.0,48.57,1.89,5.29
DRS Louga,Darou-Mousty,Décembre 2022,24.3,33.23,17.46,9.07,44.1,2.66,5.42
DRS Louga,Darou-Mousty,Janvier 2023,24.12,33.05,17.3,0.23,33.23,3.39,5.01
DRS Louga,Darou-Mousty,Février 2023,25.76,35.68,18.42,0.0,35.02,4.0,5.45
DRS Louga,Darou-Mousty,Mars 2023,28.95,39.56,20.49,0.0,32.86,3.42,6.83
DRS Louga,Darou-Mousty,Avril 2023,29.5,39.77,21.73,0.0,41.61,4.18,6.91
DRS Louga,Darou-Mousty,Mai 2023,31.18,40.6,23.89,0.08,43.63,3.96,6.5
DRS Louga,Darou-Mousty,Juin 2023,31.45,39.97,24.85,6.19,51.94,4.04,6.61
DRS Louga,Darou-Mousty,Juillet 2023,30.04,35.2,25.79,202.48,66.75,2.63,5.69
DRS Louga,Darou-Mousty,Août 2023,28.3,32.38,25.0,326.91,79.75,2.37,5.74
DRS Louga,Darou-Mousty,Septembre 2023,27.67,31.24,24.78,180.76,83.99,1.62,5.82
DRS Louga,Darou-Mousty,Octobre 2023,27.9,32.38,24.2,25.91,77.42,1.39,5.74
DRS Louga,Darou-Mousty,Novembre 2023,25.35,33.98,18.73,0.04,52.93,1.99,5.63
DRS Louga,Darou-Mousty,Décembre 2023,24.09,33.55,17.1,0.0,34.19,2.79,5.18
DRS Louga,Darou-Mousty,Janvier 2024,24.73,34.58,17.41,0.0,32.41,2.82,5.33
DRS Louga,Darou-Mousty,Février 2024,27.03,37.76,18.89,0.0,25.37,3.43,5.92
DRS Louga,Darou-Mousty,Mars 2024,26.85,38.26,18.73,0.0,44.07,3.83,6.8
DRS Louga,Darou-Mousty,Avril 2024,29.78,41.0,21.34,0.11,40.72,4.21,6.86
DRS Louga,Darou-Mousty,Mai 2024,30.99,41.86,22.83,0.13,44.52,4.09,6.89
DRS Louga,Darou-Mousty,Juin 2024,29.87,38.4,23.25,43.93,55.54,3.87,6.41
DRS Louga,Darou-Mousty,Juillet 2024,29.32,34.7,24.99,135.23,68.71,3.16,5.64
DRS Louga,Darou-Mousty,Août 2024,28.89,33.55,25.18,107.78,74.63,2.64,5.49
DRS Louga,Darou-Mousty,Septembre 2024,28.12,32.43,24.76,236.51,77.45,2.17,5.32
DRS Louga,Darou-Mousty,Octobre 2024,28.19,33.52,23.84,76.06,71.98,1.59,5.56
DRS Louga,Darou-Mousty,Novembre 2024,27.0,35.36,20.35,0.0,50.35,2.06,5.67
DRS Louga,Darou-Mousty,Décembre 2024,24.41,32.3,18.4,1.44,35.08,3.06,4.37
DRS Louga,Darou-Mousty,Janvier 2025,24.04,33.89,16.36,0.0,26.15,3.62,5.59
DRS Louga,Darou-Mousty,Février 2025,24.77,35.51,16.73,0.12,28.58,3.91,6.13
DRS Louga,Darou-Mousty,Mars 2025,25.47,36.12,18.24,228.77,50.9,4.42,6.5
DRS Louga,Darou-Mousty,Avril 2025,27.23,37.08,20.09,0.3,54.7,4.16,6.79
DRS Louga,Darou-Mousty,Mai 2025,28.88,38.79,21.67,1.76,53.17,4.01,6.33
DRS Louga,Darou-Mousty,Juin 2025,28.24,35.07,22.67,520.77,69.63,2.79,6.33
DRS Louga,Darou-Mousty,Juillet 2025,27.24,31.29,23.71,354.46,80.22,2.37,5.99
DRS Louga,Darou-Mousty,Août 2025,27.46,31.03,24.38,260.34,84.58,1.92,5.65
DRS Louga,Darou-Mousty,Septembre 2025,27.4,30.75,24.54,162.06,85.43,1.45,5.67
DRS Louga,Darou-Mousty,Octobre 2025,27.51,32.15,23.51,34.78,79.19,1.38,6.09
DRS Louga,Darou-Mousty,Novembre 2025,24.36,29.85,20.25,1.54,69.71,2.02,4.65
DRS Louga,Darou-Mousty,Décembre 2025,20.38,27.25,15.23,1.02,55.65,3.07,4.73
DRS Louga,Darou-Mousty,Janvier 2026,22.03,30.53,15.78,2.61,44.44,3.46,5.17
DRS Louga,Darou-Mousty,Février 2026,24.97,35.52,16.96,0.0,33.05,3.16,6.14
DRS Louga,Darou-Mousty,Mars 2026,25.42,35.08,18.38,0.0,49.7,3.91,6.57
DRS Louga,Darou-Mousty,Avril 2026,28.19,39.27,19.92,0.67,39.33,4.23,7.1
DRS Louga,Darou-Mousty,Mai 2026,30.16,40.94,21.92,1.14,45.26,3.84,6.61
DRS Louga,Darou-Mousty,Juin 2026,31.43,39.97,24.4,2.19,50.62,3.3,6.28
DRS Louga,Darou-Mousty,Juillet 2026,30.56,36.99,25.79,125.2,61.81,2.67,6.15
DRS Louga,Darou-Mousty,Août 2026,29.84,35.97,25.56,11.04,67.13,2.97,6.45
DRS Louga,Kebemer,Janvier 2021,23.49,32.53,16.76,0.0,32.62,3.93,5.27
DRS Louga,Kebemer,Février 2021,25.21,35.05,17.58,0.0,27.91,3.71,5.65
DRS Louga,Kebemer,Mars 2021,25.67,36.49,18.0,0.22,42.04,4.06,6.93
DRS Louga,Kebemer,Avril 2021,27.41,39.03,19.36,0.0,47.36,4.54,7.37
DRS Louga,Kebemer,Mai 2021,27.1,37.66,19.86,0.15,53.27,4.51,6.77
DRS Louga,Kebemer,Juin 2021,29.26,37.66,23.22,78.39,58.07,3.78,6.27
DRS Louga,Kebemer,Juillet 2021,28.73,35.27,23.89,23.12,64.16,3.4,6.17
DRS Louga,Kebemer,Août 2021,27.68,31.61,24.57,336.66,80.65,2.12,5.69
DRS Louga,Kebemer,Septembre 2021,27.74,31.89,24.54,153.86,82.55,1.67,5.87
DRS Louga,Kebemer,Octobre 2021,27.77,33.35,23.58,14.82,72.54,1.75,5.47
DRS Louga,Kebemer,Novembre 2021,27.39,35.07,21.82,1.74,54.1,2.19,5.22
DRS Louga,Kebemer,Décembre 2021,25.49,33.68,19.24,0.49,36.03,2.84,4.3
DRS Louga,Kebemer,Janvier 2022,24.82,33.53,18.11,0.03,32.08,3.44,5.01
DRS Louga,Kebemer,Février 2022,24.92,34.47,17.81,0.0,30.54,4.09,6.01
DRS Louga,Kebemer,Mars 2022,25.29,36.07,17.38,0.0,39.55,4.3,6.75
DRS Louga,Kebemer,Avril 2022,27.02,38.14,19.13,0.0,46.79,4.69,7.0
DRS Louga,Kebemer,Mai 2022,29.14,39.23,21.63,2.49,49.12,3.84,6.68
DRS Louga,Kebemer,Juin 2022,30.23,38.18,24.28,39.68,56.18,3.62,5.95
DRS Louga,Kebemer,Juillet 2022,28.8,34.65,24.51,150.03,68.0,3.39,5.58
DRS Louga,Kebemer,Août 2022,27.73,31.58,24.66,161.55,79.15,2.33,5.44
DRS Louga,Kebemer,Septembre 2022,27.63,31.41,24.56,159.06,82.17,1.76,5.6
DRS Louga,Kebemer,Octobre 2022,28.01,33.37,24.0,27.93,72.34,1.55,5.65
DRS Louga,Kebemer,Novembre 2022,26.21,34.87,19.33,0.0,41.88,2.1,5.29
DRS Louga,Kebemer,Décembre 2022,24.45,33.65,17.44,13.32,41.98,2.91,5.42
DRS Louga,Kebemer,Janvier 2023,23.78,32.75,17.0,0.65,33.56,3.53,5.01
DRS Louga,Kebemer,Février 2023,24.93,34.76,17.93,0.0,37.99,4.16,5.45
DRS Louga,Kebemer,Mars 2023,28.36,38.93,20.12,0.0,34.8,3.51,6.83
DRS Louga,Kebemer,Avril 2023,28.61,38.66,21.26,0.01,44.18,4.26,6.91
DRS Louga,Kebemer,Mai 2023,30.26,39.61,23.32,0.0,46.8,4.25,6.5
DRS Louga,Kebemer,Juin 2023,30.55,39.08,24.48,3.79,55.45,4.26,6.61
DRS Louga,Kebemer,Juillet 2023,29.6,34.63,25.67,240.72,69.57,2.79,5.69
DRS Louga,Kebemer,Août 2023,27.81,31.57,24.89,273.98,82.71,2.36,5.74
DRS Louga,Kebemer,Septembre 2023,27.59,31.08,24.88,150.09,85.48,1.7,5.82
DRS Louga,Kebemer,Octobre 2023,27.78,32.38,24.27,30.48,79.09,1.51,5.74
DRS Louga,Kebemer,Novembre 2023,25.4,34.51,18.51,0.0,51.38,2.11,5.63
DRS Louga,Kebemer,Décembre 2023,24.21,33.88,17.05,0.0,33.41,2.99,5.18
DRS Louga,Kebemer,Janvier 2024,24.72,34.77,17.31,0.0,31.55,2.92,5.33
DRS Louga,Kebemer,Février 2024,26.7,37.45,18.52,0.0,26.39,3.52,5.92
DRS Louga,Kebemer,Mars 2024,26.05,37.06,18.32,0.0,46.95,3.82,6.8
DRS Louga,Kebemer,Avril 2024,28.88,39.74,20.9,0.19,43.63,4.42,6.86
DRS Louga,Kebemer,Mai 2024,29.92,40.73,22.26,0.0,48.8,4.29,6.89
DRS Louga,Kebemer,Juin 2024,28.99,37.3,22.93,6.81,58.54,3.99,6.41
DRS Louga,Kebemer,Juillet 2024,29.04,34.5,24.9,139.62,69.72,3.36,5.64
DRS Louga,Kebemer,Août 2024,29.05,33.67,25.46,90.93,73.6,2.79,5.49
DRS Louga,Kebemer,Septembre 2024,28.32,32.74,24.99,187.84,76.18,2.34,5.32
DRS Louga,Kebemer,Octobre 2024,28.47,34.27,23.91,47.02,70.22,1.72,5.56
DRS Louga,Kebemer,Novembre 2024,27.24,36.17,20.21,0.0,45.09,2.33,5.67
DRS Louga,Kebemer,Décembre 2024,24.42,32.31,18.3,2.7,33.15,3.29,4.37
DRS Louga,Kebemer,Janvier 2025,23.49,33.42,15.74,0.0,26.66,3.68,5.59
DRS Louga,Kebemer,Février 2025,23.94,34.53,16.11,0.54,30.93,3.94,6.13
DRS Louga,Kebemer,Mars 2025,24.69,34.99,17.89,91.74,53.5,4.61,6.5
DRS Louga,Kebemer,Avril 2025,27.16,37.51,19.9,0.43,54.59,4.55,6.79
DRS Louga,Kebemer,Mai 2025,28.59,38.9,21.44,1.26,53.2,4.34,6.33
DRS Louga,Kebemer,Juin 2025,27.85,34.65,22.67,449.83,70.96,3.07,6.33
DRS Louga,Kebemer,Juillet 2025,26.99,31.15,23.65,548.13,81.39,2.53,5.99
DRS Louga,Kebemer,Août 2025,27.28,30.76,24.4,301.01,86.7,1.94,5.65
DRS Louga,Kebemer,Septembre 2025,27.4,30.69,24.69,121.82,85.97,1.54,5.67
DRS Louga,Kebemer,Octobre 2025,27.6,32.35,23.57,36.5,78.1,1.47,6.09
DRS Louga,Kebemer,Novembre 2025,24.53,30.11,20.28,0.23,68.25,2.01,4.65
DRS Louga,Kebemer,Décembre 2025,20.73,28.04,15.27,1.28,51.34,3.19,4.73
DRS Louga,Kebemer,Janvier 2026,22.4,30.96,15.94,1.92,41.2,3.6,5.17
DRS Louga,Kebemer,Février 2026,25.31,35.98,17.1,0.0,31.22,3.31,6.14
DRS Louga,Kebemer,Mars 2026,24.98,34.45,18.25,0.0,50.95,3.98,6.57
DRS Louga,Kebemer,Avril 2026,27.62,38.39,19.77,0.24,41.93,4.33,7.1
DRS Louga,Kebemer,Mai 2026,29.24,40.1,21.35,0.02,47.76,4.02,6.61
DRS Louga,Kebemer,Juin 2026,30.47,39.14,24.03,1.11,55.47,3.51,6.28
DRS Louga,Kebemer,Juillet 2026,29.98,36.35,25.55,97.62,64.27,2.89,6.15
DRS Louga,Kebemer,Août 2026,29.66,35.22,25.76,7.19,68.39,3.23,6.45
DRS Louga,Keur Momar Sarr,Janvier 2021,22.76,30.33,16.93,0.0,39.02,4.46,5.32
DRS Louga,Keur Momar Sarr,Février 2021,24.04,32.46,17.47,0.0,35.12,4.18,5.57
DRS Louga,Keur Momar Sarr,Mars 2021,24.39,33.48,18.09,0.0,48.39,4.45,6.82
DRS Louga,Keur Momar Sarr,Avril 2021,25.67,35.46,19.21,0.0,54.53,4.96,7.29
DRS Louga,Keur Momar Sarr,Mai 2021,25.49,34.0,19.83,0.07,59.98,4.79,6.71
DRS Louga,Keur Momar Sarr,Juin 2021,28.42,35.56,23.35,42.42,61.49,4.12,6.4
DRS Louga,Keur Momar Sarr,Juillet 2021,28.33,33.53,24.42,13.14,65.92,3.98,6.54
DRS Louga,Keur Momar Sarr,Août 2021,28.34,31.94,25.59,285.99,77.69,2.7,6.0
DRS Louga,Keur Momar Sarr,Septembre 2021,28.7,32.72,25.8,148.61,78.14,2.38,6.12
DRS Louga,Keur Momar Sarr,Octobre 2021,28.62,34.16,24.6,7.93,67.59,2.41,5.45
DRS Louga,Keur Momar Sarr,Novembre 2021,27.38,34.24,22.35,4.92,54.89,2.83,5.3
DRS Louga,Keur Momar Sarr,Décembre 2021,24.94,32.0,19.5,0.14,40.63,3.42,4.52
DRS Louga,Keur Momar Sarr,Janvier 2022,24.21,31.45,18.47,0.1,38.19,3.84,5.05
DRS Louga,Keur Momar Sarr,Février 2022,24.09,31.99,18.08,0.0,37.31,4.53,6.0
DRS Louga,Keur Momar Sarr,Mars 2022,23.91,32.82,17.45,0.0,46.24,4.67,6.72
DRS Louga,Keur Momar Sarr,Avril 2022,25.21,34.4,18.92,0.0,54.14,4.94,7.26
DRS Louga,Keur Momar Sarr,Mai 2022,27.93,36.26,21.86,1.2,53.77,4.02,7.02
DRS Louga,Keur Momar Sarr,Juin 2022,29.68,36.68,24.54,22.07,58.7,3.8,6.3
DRS Louga,Keur Momar Sarr,Juillet 2022,28.6,33.44,25.04,127.23,68.88,4.0,5.92
DRS Louga,Keur Momar Sarr,Août 2022,28.37,31.83,25.62,153.92,76.75,2.97,5.75
DRS Louga,Keur Momar Sarr,Septembre 2022,28.51,32.01,25.67,116.23,78.68,2.35,5.8
DRS Louga,Keur Momar Sarr,Octobre 2022,28.79,33.76,25.12,26.36,69.25,2.11,5.7
DRS Louga,Keur Momar Sarr,Novembre 2022,26.35,33.83,20.09,0.0,43.71,2.69,5.35
DRS Louga,Keur Momar Sarr,Décembre 2022,24.16,31.82,18.14,8.41,47.44,3.46,5.33
DRS Louga,Keur Momar Sarr,Janvier 2023,23.15,30.66,17.3,0.53,39.11,3.92,5.09
DRS Louga,Keur Momar Sarr,Février 2023,23.58,31.89,17.84,0.0,45.23,4.55,5.57
DRS Louga,Keur Momar Sarr,Mars 2023,27.31,36.52,20.22,0.0,39.86,3.75,6.94
DRS Louga,Keur Momar Sarr,Avril 2023,27.08,35.53,21.12,0.13,49.92,4.57,7.08
DRS Louga,Keur Momar Sarr,Mai 2023,28.64,36.48,23.01,0.0,53.38,4.63,6.71
DRS Louga,Keur Momar Sarr,Juin 2023,29.58,36.65,24.67,0.97,59.85,4.67,6.81
DRS Louga,Keur Momar Sarr,Juillet 2023,29.7,33.98,26.41,145.6,69.25,3.39,6.15
DRS Louga,Keur Momar Sarr,Août 2023,28.78,32.38,25.96,242.57,77.08,3.14,5.85
DRS Louga,Keur Momar Sarr,Septembre 2023,28.41,31.42,26.1,128.41,82.3,2.26,5.97
DRS Louga,Keur Momar Sarr,Octobre 2023,28.6,33.03,25.42,27.57,75.25,2.21,5.7
DRS Louga,Keur Momar Sarr,Novembre 2023,26.17,34.38,19.87,0.0,48.97,2.81,5.6
DRS Louga,Keur Momar Sarr,Décembre 2023,23.88,32.0,17.74,0.0,38.96,3.58,5.13
DRS Louga,Keur Momar Sarr,Janvier 2024,24.34,32.88,17.9,0.0,36.39,3.3,5.33
DRS Louga,Keur Momar Sarr,Février 2024,25.95,35.28,18.82,0.0,32.81,3.92,5.98
DRS Louga,Keur Momar Sarr,Mars 2024,24.81,33.97,18.5,0.0,52.7,4.09,6.76
DRS Louga,Keur Momar Sarr,Avril 2024,27.33,36.38,20.84,0.38,49.99,4.71,7.07
DRS Louga,Keur Momar Sarr,Mai 2024,28.34,37.36,22.17,0.0,55.19,4.55,7.11
DRS Louga,Keur Momar Sarr,Juin 2024,27.87,34.46,23.02,3.62,63.59,4.13,6.53
DRS Louga,Keur Momar Sarr,Juillet 2024,28.87,33.56,25.4,113.95,70.38,3.9,5.99
DRS Louga,Keur Momar Sarr,Août 2024,29.33,33.18,26.37,82.95,73.33,3.44,5.79
DRS Louga,Keur Momar Sarr,Septembre 2024,29.02,32.92,25.94,113.45,72.94,2.91,5.16
DRS Louga,Keur Momar Sarr,Octobre 2024,29.6,35.18,25.25,31.08,65.05,2.31,5.59
DRS Louga,Keur Momar Sarr,Novembre 2024,27.33,35.0,21.01,0.0,46.12,2.87,5.61
DRS Louga,Keur Momar Sarr,Décembre 2024,24.24,30.93,18.8,1.8,37.66,3.86,4.41
DRS Louga,Keur Momar Sarr,Janvier 2025,22.81,31.25,15.98,0.0,32.79,4.15,5.64
DRS Louga,Keur Momar Sarr,Février 2025,22.93,31.83,16.15,0.25,37.71,4.36,6.22
DRS Louga,Keur Momar Sarr,Mars 2025,22.97,31.05,17.88,186.69,61.48,4.98,6.65
DRS Louga,Keur Momar Sarr,Avril 2025,24.46,32.24,19.3,0.46,67.16,4.74,6.95
DRS Louga,Keur Momar Sarr,Mai 2025,26.38,34.64,20.9,0.8,62.62,4.61,6.53
DRS Louga,Keur Momar Sarr,Juin 2025,27.48,33.36,23.02,204.77,72.14,3.47,6.63
DRS Louga,Keur Momar Sarr,Juillet 2025,27.42,31.18,24.43,264.49,78.19,3.26,6.41
DRS Louga,Keur Momar Sarr,Août 2025,27.97,31.09,25.42,328.35,83.15,2.49,5.76
DRS Louga,Keur Momar Sarr,Septembre 2025,28.18,31.24,25.86,122.57,82.98,2.04,5.77
DRS Louga,Keur Momar Sarr,Octobre 2025,28.44,33.0,24.76,38.36,74.24,2.09,5.99
DRS Louga,Keur Momar Sarr,Novembre 2025,25.5,30.7,21.41,0.36,65.79,2.55,4.63
DRS Louga,Keur Momar Sarr,Décembre 2025,20.81,27.17,15.73,0.54,53.75,3.85,4.79
DRS Louga,Keur Momar Sarr,Janvier 2026,21.85,29.22,16.08,1.73,45.93,4.05,5.12
DRS Louga,Keur Momar Sarr,Février 2026,24.56,33.78,17.4,0.0,36.91,3.74,6.16
DRS Louga,Keur Momar Sarr,Mars 2026,23.56,31.25,18.18,0.0,57.71,4.16,6.69
DRS Louga,Keur Momar Sarr,Avril 2026,26.18,35.12,19.88,0.09,48.86,4.65,7.35
DRS Louga,Keur Momar Sarr,Mai 2026,27.63,37.07,21.18,0.0,53.29,4.31,6.93
DRS Louga,Keur Momar Sarr,Juin 2026,29.58,36.74,24.37,2.2,60.15,3.78,6.18
DRS Louga,Keur Momar Sarr,Juillet 2026,29.47,34.93,25.58,77.07,67.32,3.11,5.89
DRS Louga,Keur Momar Sarr,Août 2026,29.64,34.58,26.21,3.59,69.78,3.57,6.52
DRS Louga,Linguere,Janvier 2021,24.01,33.21,16.9,0.0,28.22,3.88,5.32
DRS Louga,Linguere,Février 2021,26.04,35.59,18.01,0.0,20.95,3.44,5.57
DRS Louga,Linguere,Mars 2021,28.46,38.19,19.94,0.04,23.68,3.42,6.82
DRS Louga,Linguere,Avril 2021,32.05,42.2,22.88,0.0,23.49,3.8,7.29
DRS Louga,Linguere,Mai 2021,32.65,42.38,23.64,0.0,28.21,3.96,6.71
DRS Louga,Linguere,Juin 2021,33.16,40.9,25.93,54.89,39.56,3.57,6.4
DRS Louga,Linguere,Juillet 2021,31.2,37.95,25.09,65.73,52.4,3.21,6.54
DRS Louga,Linguere,Août 2021,27.63,31.69,24.32,643.38,82.41,1.96,6.0
DRS Louga,Linguere,Septembre 2021,27.45,31.63,23.98,129.38,84.31,1.68,6.12
DRS Louga,Linguere,Octobre 2021,27.58,33.3,23.12,18.06,71.81,1.61,5.45
DRS Louga,Linguere,Novembre 2021,27.55,34.9,21.7,0.49,48.0,2.07,5.3
DRS Louga,Linguere,Décembre 2021,25.75,33.53,19.75,0.34,32.49,2.9,4.52
DRS Louga,Linguere,Janvier 2022,25.4,34.09,18.3,0.04,21.52,3.47,5.05
DRS Louga,Linguere,Février 2022,26.22,35.72,18.49,0.0,19.76,3.71,6.0
DRS Louga,Linguere,Mars 2022,28.12,38.01,19.42,0.0,20.48,3.71,6.72
DRS Louga,Linguere,Avril 2022,31.6,41.3,22.68,0.0,23.82,4.11,7.26
DRS Louga,Linguere,Mai 2022,33.21,41.98,24.69,5.45,27.39,3.55,7.02
DRS Louga,Linguere,Juin 2022,33.09,40.1,26.49,45.16,42.57,3.44,6.3
DRS Louga,Linguere,Juillet 2022,30.23,35.72,25.25,218.31,61.7,2.99,5.92
DRS Louga,Linguere,Août 2022,27.8,31.71,24.4,156.75,79.65,2.07,5.75
DRS Louga,Linguere,Septembre 2022,27.32,30.99,24.19,198.59,84.51,1.62,5.8
DRS Louga,Linguere,Octobre 2022,27.37,32.56,23.31,37.82,74.86,1.56,5.7
DRS Louga,Linguere,Novembre 2022,25.11,33.4,18.56,0.0,45.82,2.14,5.35
DRS Louga,Linguere,Décembre 2022,24.45,33.42,17.29,20.6,36.86,2.74,5.33
DRS Louga,Linguere,Janvier 2023,24.04,32.92,16.99,0.07,27.34,3.31,5.09
DRS Louga,Linguere,Février 2023,26.82,35.76,19.53,0.0,22.97,3.76,5.57
DRS Louga,Linguere,Mars 2023,30.03,39.99,21.08,0.0,21.66,3.33,6.94
DRS Louga,Linguere,Avril 2023,31.86,40.83,23.61,0.04,25.49,3.85,7.08
DRS Louga,Linguere,Mai 2023,33.86,41.93,26.14,0.21,28.52,3.61,6.71
DRS Louga,Linguere,Juin 2023,34.33,42.05,26.97,12.05,36.47,3.73,6.81
DRS Louga,Linguere,Juillet 2023,31.16,36.42,26.46,156.28,60.45,2.65,6.15
DRS Louga,Linguere,Août 2023,28.86,33.43,25.0,226.36,75.97,2.4,5.85
DRS Louga,Linguere,Septembre 2023,27.69,31.43,24.63,126.19,83.86,1.74,5.97
DRS Louga,Linguere,Octobre 2023,28.31,33.39,23.91,30.11,69.75,1.43,5.7
DRS Louga,Linguere,Novembre 2023,27.2,36.62,19.44,0.0,32.79,2.18,5.6
DRS Louga,Linguere,Décembre 2023,25.25,34.7,17.86,0.0,21.53,3.21,5.13
DRS Louga,Linguere,Janvier 2024,25.34,35.23,17.58,0.0,20.61,3.09,5.33
DRS Louga,Linguere,Février 2024,27.67,38.01,19.16,0.0,14.17,3.46,5.98
DRS Louga,Linguere,Mars 2024,29.66,39.8,20.79,0.0,22.88,3.24,6.76
DRS Louga,Linguere,Avril 2024,33.01,42.8,24.25,0.01,23.39,3.94,7.07
DRS Louga,Linguere,Mai 2024,34.64,44.0,25.62,0.01,25.27,3.52,7.11
DRS Louga,Linguere,Juin 2024,33.24,41.68,25.4,5.76,38.82,3.78,6.53
DRS Louga,Linguere,Juillet 2024,30.75,36.33,25.71,141.41,61.33,3.22,5.99
DRS Louga,Linguere,Août 2024,29.32,33.97,25.32,145.52,72.26,2.49,5.79
DRS Louga,Linguere,Septembre 2024,28.32,32.61,24.67,193.43,75.94,2.06,5.16
DRS Louga,Linguere,Octobre 2024,28.27,34.0,23.64,35.5,67.66,1.76,5.59
DRS Louga,Linguere,Novembre 2024,26.95,35.96,19.93,0.0,43.0,2.45,5.61
DRS Louga,Linguere,Décembre 2024,24.49,32.55,18.3,4.34,29.18,3.29,4.41
DRS Louga,Linguere,Janvier 2025,23.86,33.61,16.02,0.0,20.54,3.66,5.64
DRS Louga,Linguere,Février 2025,25.59,35.8,17.13,0.0,20.0,3.61,6.22
DRS Louga,Linguere,Mars 2025,28.94,38.42,20.78,4.96,29.77,3.73,6.65
DRS Louga,Linguere,Avril 2025,31.92,41.4,23.29,0.01,33.32,4.16,6.95
DRS Louga,Linguere,Mai 2025,34.01,42.67,25.84,2.79,31.02,3.85,6.53
DRS Louga,Linguere,Juin 2025,30.17,36.84,24.09,632.29,60.11,2.87,6.63
DRS Louga,Linguere,Juillet 2025,27.3,31.37,23.65,696.22,82.51,2.34,6.41
DRS Louga,Linguere,Août 2025,27.24,30.79,24.15,327.06,87.26,1.9,5.76
DRS Louga,Linguere,Septembre 2025,27.24,30.71,24.18,132.86,86.98,1.5,5.77
DRS Louga,Linguere,Octobre 2025,27.13,32.38,22.48,35.7,77.72,1.34,5.99
DRS Louga,Linguere,Novembre 2025,24.04,29.99,19.11,0.25,64.32,1.94,4.63
DRS Louga,Linguere,Décembre 2025,21.08,28.73,15.28,1.35,47.3,3.02,4.79
DRS Louga,Linguere,Janvier 2026,22.99,31.71,16.34,2.95,33.65,3.43,5.12
DRS Louga,Linguere,Février 2026,26.03,36.6,17.54,0.0,21.01,3.27,6.16
DRS Louga,Linguere,Mars 2026,28.04,36.94,20.07,0.0,32.08,3.49,6.69
DRS Louga,Linguere,Avril 2026,30.97,40.65,22.11,0.0,20.57,3.74,7.35
DRS Louga,Linguere,Mai 2026,34.45,43.23,25.85,0.05,24.93,3.39,6.93
DRS Louga,Linguere,Juin 2026,34.41,42.03,26.8,3.25,36.1,3.14,6.18
DRS Louga,Linguere,Juillet 2026,32.61,38.75,27.16,105.17,51.47,2.63,5.89
DRS Louga,Linguere,Août 2026,31.72,38.12,26.24,0.94,58.63,2.89,6.52
DRS Louga,Louga,Janvier 2021,22.76,30.33,16.93,0.0,39.02,4.46,5.27
DRS Louga,Louga,Février 2021,24.04,32.46,17.47,0.0,35.12,4.18,5.65
DRS Louga,Louga,Mars 2021,24.39,33.48,18.09,0.0,48.39,4.45,6.93
DRS Louga,Louga,Avril 2021,25.67,35.46,19.21,0.0,54.53,4.96,7.37
DRS Louga,Louga,Mai 2021,25.49,34.0,19.83,0.07,59.98,4.79,6.77
DRS Louga,Louga,Juin 2021,28.42,35.56,23.35,42.42,61.49,4.12,6.27
DRS Louga,Louga,Juillet 2021,28.33,33.53,24.42,13.14,65.92,3.98,6.17
DRS Louga,Louga,Août 2021,28.34,31.94,25.59,285.99,77.69,2.7,5.69
DRS Louga,Louga,Septembre 2021,28.7,32.72,25.8,148.61,78.14,2.38,5.87
DRS Louga,Louga,Octobre 2021,28.62,34.16,24.6,7.93,67.59,2.41,5.47
DRS Louga,Louga,Novembre 2021,27.38,34.24,22.35,4.92,54.89,2.83,5.22
DRS Louga,Louga,Décembre 2021,24.94,32.0,19.5,0.14,40.63,3.42,4.3
DRS Louga,Louga,Janvier 2022,24.21,31.45,18.47,0.1,38.19,3.84,5.01
DRS Louga,Louga,Février 2022,24.09,31.99,18.08,0.0,37.31,4.53,6.01
DRS Louga,Louga,Mars 2022,23.91,32.82,17.45,0.0,46.24,4.67,6.75
DRS Louga,Louga,Avril 2022,25.21,34.4,18.92,0.0,54.14,4.94,7.0
DRS Louga,Louga,Mai 2022,27.93,36.26,21.86,1.2,53.77,4.02,6.68
DRS Louga,Louga,Juin 2022,29.68,36.68,24.54,22.07,58.7,3.8,5.95
DRS Louga,Louga,Juillet 2022,28.6,33.44,25.04,127.23,68.88,4.0,5.58
DRS Louga,Louga,Août 2022,28.37,31.83,25.62,153.92,76.75,2.97,5.44
DRS Louga,Louga,Septembre 2022,28.51,32.01,25.67,116.23,78.68,2.35,5.6
DRS Louga,Louga,Octobre 2022,28.79,33.76,25.12,26.36,69.25,2.11,5.65
DRS Louga,Louga,Novembre 2022,26.35,33.83,20.09,0.0,43.71,2.69,5.29
DRS Louga,Louga,Décembre 2022,24.16,31.82,18.14,8.41,47.44,3.46,5.42
DRS Louga,Louga,Janvier 2023,23.15,30.66,17.3,0.53,39.11,3.92,5.01
DRS Louga,Louga,Février 2023,23.58,31.89,17.84,0.0,45.23,4.55,5.45
DRS Louga,Louga,Mars 2023,27.31,36.52,20.22,0.0,39.86,3.75,6.83
DRS Louga,Louga,Avril 2023,27.08,35.53,21.12,0.13,49.92,4.57,6.91
DRS Louga,Louga,Mai 2023,28.64,36.48,23.01,0.0,53.38,4.63,6.5
DRS Louga,Louga,Juin 2023,29.58,36.65,24.67,0.97,59.85,4.67,6.61
DRS Louga,Louga,Juillet 2023,29.7,33.98,26.41,145.6,69.25,3.39,5.69
DRS Louga,Louga,Août 2023,28.78,32.38,25.96,242.57,77.08,3.14,5.74
DRS Louga,Louga,Septembre 2023,28.41,31.42,26.1,128.41,82.3,2.26,5.82
DRS Louga,Louga,Octobre 2023,28.6,33.03,25.42,27.57,75.25,2.21,5.74
DRS Louga,Louga,Novembre 2023,26.17,34.38,19.87,0.0,48.97,2.81,5.63
DRS Louga,Louga,Décembre 2023,23.88,32.0,17.74,0.0,38.96,3.58,5.18
DRS Louga,Louga,Janvier 2024,24.34,32.88,17.9,0.0,36.39,3.3,5.33
DRS Louga,Louga,Février 2024,25.95,35.28,18.82,0.0,32.81,3.92,5.92
DRS Louga,Louga,Mars 2024,24.81,33.97,18.5,0.0,52.7,4.09,6.8
DRS Louga,Louga,Avril 2024,27.33,36.38,20.84,0.38,49.99,4.71,6.86
DRS Louga,Louga,Mai 2024,28.34,37.36,22.17,0.0,55.19,4.55,6.89
DRS Louga,Louga,Juin 2024,27.87,34.46,23.02,3.62,63.59,4.13,6.41
DRS Louga,Louga,Juillet 2024,28.87,33.56,25.4,113.95,70.38,3.9,5.64
DRS Louga,Louga,Août 2024,29.33,33.18,26.37,82.95,73.33,3.44,5.49
DRS Louga,Louga,Septembre 2024,29.02,32.92,25.94,113.45,72.94,2.91,5.32
DRS Louga,Louga,Octobre 2024,29.6,35.18,25.25,31.08,65.05,2.31,5.56
DRS Louga,Louga,Novembre 2024,27.33,35.0,21.01,0.0,46.12,2.87,5.67
DRS Louga,Louga,Décembre 2024,24.24,30.93,18.8,1.8,37.66,3.86,4.37
DRS Louga,Louga,Janvier 2025,22.81,31.25,15.98,0.0,32.79,4.15,5.59
DRS Louga,Louga,Février 2025,22.93,31.83,16.15,0.25,37.71,4.36,6.13
DRS Louga,Louga,Mars 2025,22.97,31.05,17.88,186.69,61.48,4.98,6.5
DRS Louga,Louga,Avril 2025,24.46,32.24,19.3,0.46,67.16,4.74,6.79
DRS Louga,Louga,Mai 2025,26.38,34.64,20.9,0.8,62.62,4.61,6.33
DRS Louga,Louga,Juin 2025,27.48,33.36,23.02,204.77,72.14,3.47,6.33
DRS Louga,Louga,Juillet 2025,27.42,31.18,24.43,264.49,78.19,3.26,5.99
DRS Louga,Louga,Août 2025,27.97,31.09,25.42,328.35,83.15,2.49,5.65
DRS Louga,Louga,Septembre 2025,28.18,31.24,25.86,122.57,82.98,2.04,5.67
DRS Louga,Louga,Octobre 2025,28.44,33.0,24.76,38.36,74.24,2.09,6.09
DRS Louga,Louga,Novembre 2025,25.5,30.7,21.41,0.36,65.79,2.55,4.65
DRS Louga,Louga,Décembre 2025,20.81,27.17,15.73,0.54,53.75,3.85,4.73
DRS Louga,Louga,Janvier 2026,21.85,29.22,16.08,1.73,45.93,4.05,5.17
DRS Louga,Louga,Février 2026,24.56,33.78,17.4,0.0,36.91,3.74,6.14
DRS Louga,Louga,Mars 2026,23.56,31.25,18.18,0.0,57.71,4.16,6.57
DRS Louga,Louga,Avril 2026,26.18,35.12,19.88,0.09,48.86,4.65,7.1
DRS Louga,Louga,Mai 2026,27.63,37.07,21.18,0.0,53.29,4.31,6.61
DRS Louga,Louga,Juin 2026,29.58,36.74,24.37,2.2,60.15,3.78,6.28
DRS Louga,Louga,Juillet 2026,29.47,34.93,25.58,77.07,67.32,3.11,6.15
DRS Louga,Louga,Août 2026,29.64,34.58,26.21,3.59,69.78,3.57,6.45
DRS Louga,Sakal,Janvier 2021,22.76,30.33,16.93,0.0,39.02,4.46,5.27
DRS Louga,Sakal,Février 2021,24.04,32.46,17.47,0.0,35.12,4.18,5.65
DRS Louga,Sakal,Mars 2021,24.39,33.48,18.09,0.0,48.39,4.45,6.93
DRS Louga,Sakal,Avril 2021,25.67,35.46,19.21,0.0,54.53,4.96,7.37
DRS Louga,Sakal,Mai 2021,25.49,34.0,19.83,0.07,59.98,4.79,6.77
DRS Louga,Sakal,Juin 2021,28.42,35.56,23.35,42.42,61.49,4.12,6.27
DRS Louga,Sakal,Juillet 2021,28.33,33.53,24.42,13.14,65.92,3.98,6.17
DRS Louga,Sakal,Août 2021,28.34,31.94,25.59,285.99,77.69,2.7,5.69
DRS Louga,Sakal,Septembre 2021,28.7,32.72,25.8,148.61,78.14,2.38,5.87
DRS Louga,Sakal,Octobre 2021,28.62,34.16,24.6,7.93,67.59,2.41,5.47
DRS Louga,Sakal,Novembre 2021,27.38,34.24,22.35,4.92,54.89,2.83,5.22
DRS Louga,Sakal,Décembre 2021,24.94,32.0,19.5,0.14,40.63,3.42,4.3
DRS Louga,Sakal,Janvier 2022,24.21,31.45,18.47,0.1,38.19,3.84,5.01
DRS Louga,Sakal,Février 2022,24.09,31.99,18.08,0.0,37.31,4.53,6.01
DRS Louga,Sakal,Mars 2022,23.91,32.82,17.45,0.0,46.24,4.67,6.75
DRS Louga,Sakal,Avril 2022,25.21,34.4,18.92,0.0,54.14,4.94,7.0
DRS Louga,Sakal,Mai 2022,27.93,36.26,21.86,1.2,53.77,4.02,6.68
DRS Louga,Sakal,Juin 2022,29.68,36.68,24.54,22.07,58.7,3.8,5.95
DRS Louga,Sakal,Juillet 2022,28.6,33.44,25.04,127.23,68.88,4.0,5.58
DRS Louga,Sakal,Août 2022,28.37,31.83,25.62,153.92,76.75,2.97,5.44
DRS Louga,Sakal,Septembre 2022,28.51,32.01,25.67,116.23,78.68,2.35,5.6
DRS Louga,Sakal,Octobre 2022,28.79,33.76,25.12,26.36,69.25,2.11,5.65
DRS Louga,Sakal,Novembre 2022,26.35,33.83,20.09,0.0,43.71,2.69,5.29
DRS Louga,Sakal,Décembre 2022,24.16,31.82,18.14,8.41,47.44,3.46,5.42
DRS Louga,Sakal,Janvier 2023,23.15,30.66,17.3,0.53,39.11,3.92,5.01
DRS Louga,Sakal,Février 2023,23.58,31.89,17.84,0.0,45.23,4.55,5.45
DRS Louga,Sakal,Mars 2023,27.31,36.52,20.22,0.0,39.86,3.75,6.83
DRS Louga,Sakal,Avril 2023,27.08,35.53,21.12,0.13,49.92,4.57,6.91
DRS Louga,Sakal,Mai 2023,28.64,36.48,23.01,0.0,53.38,4.63,6.5
DRS Louga,Sakal,Juin 2023,29.58,36.65,24.67,0.97,59.85,4.67,6.61
DRS Louga,Sakal,Juillet 2023,29.7,33.98,26.41,145.6,69.25,3.39,5.69
DRS Louga,Sakal,Août 2023,28.78,32.38,25.96,242.57,77.08,3.14,5.74
DRS Louga,Sakal,Septembre 2023,28.41,31.42,26.1,128.41,82.3,2.26,5.82
DRS Louga,Sakal,Octobre 2023,28.6,33.03,25.42,27.57,75.25,2.21,5.74
DRS Louga,Sakal,Novembre 2023,26.17,34.38,19.87,0.0,48.97,2.81,5.63
DRS Louga,Sakal,Décembre 2023,23.88,32.0,17.74,0.0,38.96,3.58,5.18
DRS Louga,Sakal,Janvier 2024,24.34,32.88,17.9,0.0,36.39,3.3,5.33
DRS Louga,Sakal,Février 2024,25.95,35.28,18.82,0.0,32.81,3.92,5.92
DRS Louga,Sakal,Mars 2024,24.81,33.97,18.5,0.0,52.7,4.09,6.8
DRS Louga,Sakal,Avril 2024,27.33,36.38,20.84,0.38,49.99,4.71,6.86
DRS Louga,Sakal,Mai 2024,28.34,37.36,22.17,0.0,55.19,4.55,6.89
DRS Louga,Sakal,Juin 2024,27.87,34.46,23.02,3.62,63.59,4.13,6.41
DRS Louga,Sakal,Juillet 2024,28.87,33.56,25.4,113.95,70.38,3.9,5.64
DRS Louga,Sakal,Août 2024,29.33,33.18,26.37,82.95,73.33,3.44,5.49
DRS Louga,Sakal,Septembre 2024,29.02,32.92,25.94,113.45,72.94,2.91,5.32
DRS Louga,Sakal,Octobre 2024,29.6,35.18,25.25,31.08,65.05,2.31,5.56
DRS Louga,Sakal,Novembre 2024,27.33,35.0,21.01,0.0,46.12,2.87,5.67
DRS Louga,Sakal,Décembre 2024,24.24,30.93,18.8,1.8,37.66,3.86,4.37
DRS Louga,Sakal,Janvier 2025,22.81,31.25,15.98,0.0,32.79,4.15,5.59
DRS Louga,Sakal,Février 2025,22.93,31.83,16.15,0.25,37.71,4.36,6.13
DRS Louga,Sakal,Mars 2025,22.97,31.05,17.88,186.69,61.48,4.98,6.5
DRS Louga,Sakal,Avril 2025,24.46,32.24,19.3,0.46,67.16,4.74,6.79
DRS Louga,Sakal,Mai 2025,26.38,34.64,20.9,0.8,62.62,4.61,6.33
DRS Louga,Sakal,Juin 2025,27.48,33.36,23.02,204.77,72.14,3.47,6.33
DRS Louga,Sakal,Juillet 2025,27.42,31.18,24.43,264.49,78.19,3.26,5.99
DRS Louga,Sakal,Août 2025,27.97,31.09,25.42,328.35,83.15,2.49,5.65
DRS Louga,Sakal,Septembre 2025,28.18,31.24,25.86,122.57,82.98,2.04,5.67
DRS Louga,Sakal,Octobre 2025,28.44,33.0,24.76,38.36,74.24,2.09,6.09
DRS Louga,Sakal,Novembre 2025,25.5,30.7,21.41,0.36,65.79,2.55,4.65
DRS Louga,Sakal,Décembre 2025,20.81,27.17,15.73,0.54,53.75,3.85,4.73
DRS Louga,Sakal,Janvier 2026,21.85,29.22,16.08,1.73,45.93,4.05,5.17
DRS Louga,Sakal,Février 2026,24.56,33.78,17.4,0.0,36.91,3.74,6.14
DRS Louga,Sakal,Mars 2026,23.56,31.25,18.18,0.0,57.71,4.16,6.57
DRS Louga,Sakal,Avril 2026,26.18,35.12,19.88,0.09,48.86,4.65,7.1
DRS Louga,Sakal,Mai 2026,27.63,37.07,21.18,0.0,53.29,4.31,6.61
DRS Louga,Sakal,Juin 2026,29.58,36.74,24.37,2.2,60.15,3.78,6.28
DRS Louga,Sakal,Juillet 2026,29.47,34.93,25.58,77.07,67.32,3.11,6.15
DRS Louga,Sakal,Août 2026,29.64,34.58,26.21,3.59,69.78,3.57,6.45
DRS Matam,Kanel,Janvier 2021,23.1,32.53,15.82,0.0,34.36,3.63,5.49
DRS Matam,Kanel,Février 2021,26.35,35.42,18.67,0.0,20.58,3.2,5.65
DRS Matam,Kanel,Mars 2021,29.95,38.74,21.64,0.0,18.39,3.0,6.86
DRS Matam,Kanel,Avril 2021,34.22,42.95,25.2,0.0,15.3,3.07,7.3
DRS Matam,Kanel,Mai 2021,35.81,43.39,28.03,0.01,18.57,3.29,6.73
DRS Matam,Kanel,Juin 2021,34.85,41.23,28.66,39.69,35.97,3.28,6.33
DRS Matam,Kanel,Juillet 2021,31.31,37.04,26.29,192.35,55.97,3.25,6.43
DRS Matam,Kanel,Août 2021,27.97,32.04,24.62,312.15,81.4,2.21,5.92
DRS Matam,Kanel,Septembre 2021,28.16,32.54,24.47,193.95,80.79,1.84,6.15
DRS Matam,Kanel,Octobre 2021,28.09,33.81,23.44,14.87,71.83,1.71,5.64
DRS Matam,Kanel,Novembre 2021,26.95,33.9,21.22,1.68,54.21,2.02,5.28
DRS Matam,Kanel,Décembre 2021,24.78,32.5,18.85,0.11,35.84,3.16,4.69
DRS Matam,Kanel,Janvier 2022,25.13,33.6,18.0,0.0,19.52,3.72,5.19
DRS Matam,Kanel,Février 2022,26.67,35.7,18.96,0.0,15.94,3.61,6.1
DRS Matam,Kanel,Mars 2022,29.57,38.83,21.08,0.0,15.33,3.46,6.74
DRS Matam,Kanel,Avril 2022,33.69,42.11,25.35,0.0,15.69,3.64,7.32
DRS Matam,Kanel,Mai 2022,35.03,42.44,27.24,16.75,21.7,3.19,7.03
DRS Matam,Kanel,Juin 2022,33.39,39.27,27.8,72.42,45.5,3.13,6.15
DRS Matam,Kanel,Juillet 2022,30.2,35.12,25.85,199.29,64.53,3.18,5.72
DRS Matam,Kanel,Août 2022,27.95,31.95,24.46,415.81,80.07,2.39,5.45
DRS Matam,Kanel,Septembre 2022,27.53,31.28,24.23,244.54,83.75,1.71,5.73
DRS Matam,Kanel,Octobre 2022,27.05,32.08,22.91,47.55,77.36,1.69,5.64
DRS Matam,Kanel,Novembre 2022,23.07,30.66,16.25,0.0,57.8,2.15,5.39
DRS Matam,Kanel,Décembre 2022,23.37,31.74,16.4,0.26,43.93,2.65,5.17
DRS Matam,Kanel,Janvier 2023,23.55,32.33,16.39,0.0,26.36,3.22,5.21
DRS Matam,Kanel,Février 2023,27.62,36.42,20.23,0.0,19.64,3.35,5.6
DRS Matam,Kanel,Mars 2023,30.53,39.96,21.65,1.31,17.43,3.07,6.9
DRS Matam,Kanel,Avril 2023,33.09,41.34,24.94,0.01,21.01,3.65,6.96
DRS Matam,Kanel,Mai 2023,35.22,41.94,28.28,8.36,24.41,3.26,6.52
DRS Matam,Kanel,Juin 2023,34.73,41.1,28.6,70.15,38.02,3.32,6.8
DRS Matam,Kanel,Juillet 2023,30.22,34.78,26.21,286.19,69.37,2.5,6.27
DRS Matam,Kanel,Août 2023,29.14,33.72,25.22,213.78,75.23,2.52,5.83
DRS Matam,Kanel,Septembre 2023,28.33,32.64,24.93,147.25,81.05,2.04,5.84
DRS Matam,Kanel,Octobre 2023,28.78,34.36,24.27,26.45,69.65,1.63,5.56
DRS Matam,Kanel,Novembre 2023,26.87,36.14,19.08,0.0,35.62,2.16,5.59
DRS Matam,Kanel,Décembre 2023,24.84,34.05,17.58,0.0,21.92,3.45,5.08
DRS Matam,Kanel,Janvier 2024,25.47,35.17,17.61,0.0,16.51,3.39,5.26
DRS Matam,Kanel,Février 2024,27.86,37.79,19.29,0.0,11.93,3.58,5.99
DRS Matam,Kanel,Mars 2024,31.22,40.43,22.59,0.0,14.61,2.9,6.58
DRS Matam,Kanel,Avril 2024,34.81,43.1,26.48,0.26,17.49,3.36,6.92
DRS Matam,Kanel,Mai 2024,37.11,44.52,29.1,2.1,17.95,2.85,7.08
DRS Matam,Kanel,Juin 2024,35.21,41.97,28.64,25.02,33.49,3.5,6.57
DRS Matam,Kanel,Juillet 2024,30.16,34.63,26.2,330.05,68.13,3.06,5.65
DRS Matam,Kanel,Août 2024,28.65,32.67,25.16,195.65,78.67,2.63,5.85
DRS Matam,Kanel,Septembre 2024,27.87,31.84,24.76,174.69,80.9,2.13,5.4
DRS Matam,Kanel,Octobre 2024,27.98,33.7,23.24,22.24,71.29,1.82,5.6
DRS Matam,Kanel,Novembre 2024,24.91,33.84,18.21,0.0,54.61,2.51,5.72
DRS Matam,Kanel,Décembre 2024,22.87,31.12,16.4,1.23,37.32,3.46,4.33
DRS Matam,Kanel,Janvier 2025,23.48,32.98,15.66,0.0,22.22,3.7,5.56
DRS Matam,Kanel,Février 2025,26.34,35.83,18.1,0.0,17.98,3.63,6.03
DRS Matam,Kanel,Mars 2025,31.21,39.65,23.4,32.42,19.78,3.17,6.62
DRS Matam,Kanel,Avril 2025,33.88,41.89,25.88,0.05,25.7,3.44,6.89
DRS Matam,Kanel,Mai 2025,36.47,43.09,29.5,58.8,24.7,3.04,6.19
DRS Matam,Kanel,Juin 2025,31.1,36.83,25.49,1057.26,59.18,2.78,6.59
DRS Matam,Kanel,Juillet 2025,27.74,31.46,24.31,712.21,82.85,2.71,6.19
DRS Matam,Kanel,Août 2025,27.65,31.26,24.37,281.35,84.05,2.12,5.58
DRS Matam,Kanel,Septembre 2025,28.04,32.43,24.31,95.29,81.5,1.85,5.6
DRS Matam,Kanel,Octobre 2025,27.77,34.49,22.46,39.47,68.96,1.58,5.91
DRS Matam,Kanel,Novembre 2025,25.89,33.36,19.89,0.18,45.43,2.17,4.83
DRS Matam,Kanel,Décembre 2025,23.11,31.11,16.78,0.17,34.33,3.06,4.77
DRS Matam,Kanel,Janvier 2026,24.36,32.88,17.48,3.45,24.83,3.63,5.04
DRS Matam,Kanel,Février 2026,26.85,36.81,18.36,0.0,15.08,3.45,6.19
DRS Matam,Kanel,Mars 2026,30.29,38.33,22.55,0.0,22.63,3.34,6.43
DRS Matam,Kanel,Avril 2026,32.68,41.34,24.15,0.0,13.62,3.64,7.31
DRS Matam,Kanel,Mai 2026,36.99,44.01,29.5,0.78,18.77,3.03,6.77
DRS Matam,Kanel,Juin 2026,35.38,41.64,28.97,34.39,34.3,2.95,6.28
DRS Matam,Kanel,Juillet 2026,33.29,38.84,28.15,114.83,49.56,2.41,5.85
DRS Matam,Kanel,Août 2026,32.23,37.5,27.13,4.06,55.77,2.52,6.75
DRS Matam,Matam,Janvier 2021,23.1,32.53,15.82,0.0,34.36,3.63,5.49
DRS Matam,Matam,Février 2021,26.35,35.42,18.67,0.0,20.58,3.2,5.65
DRS Matam,Matam,Mars 2021,29.95,38.74,21.64,0.0,18.39,3.0,6.86
DRS Matam,Matam,Avril 2021,34.22,42.95,25.2,0.0,15.3,3.07,7.3
DRS Matam,Matam,Mai 2021,35.81,43.39,28.03,0.01,18.57,3.29,6.73
DRS Matam,Matam,Juin 2021,34.85,41.23,28.66,39.69,35.97,3.28,6.33
DRS Matam,Matam,Juillet 2021,31.31,37.04,26.29,192.35,55.97,3.25,6.43
DRS Matam,Matam,Août 2021,27.97,32.04,24.62,312.15,81.4,2.21,5.92
DRS Matam,Matam,Septembre 2021,28.16,32.54,24.47,193.95,80.79,1.84,6.15
DRS Matam,Matam,Octobre 2021,28.09,33.81,23.44,14.87,71.83,1.71,5.64
DRS Matam,Matam,Novembre 2021,26.95,33.9,21.22,1.68,54.21,2.02,5.28
DRS Matam,Matam,Décembre 2021,24.78,32.5,18.85,0.11,35.84,3.16,4.69
DRS Matam,Matam,Janvier 2022,25.13,33.6,18.0,0.0,19.52,3.72,5.19
DRS Matam,Matam,Février 2022,26.67,35.7,18.96,0.0,15.94,3.61,6.1
DRS Matam,Matam,Mars 2022,29.57,38.83,21.08,0.0,15.33,3.46,6.74
DRS Matam,Matam,Avril 2022,33.69,42.11,25.35,0.0,15.69,3.64,7.32
DRS Matam,Matam,Mai 2022,35.03,42.44,27.24,16.75,21.7,3.19,7.03
DRS Matam,Matam,Juin 2022,33.39,39.27,27.8,72.42,45.5,3.13,6.15
DRS Matam,Matam,Juillet 2022,30.2,35.12,25.85,199.29,64.53,3.18,5.72
DRS Matam,Matam,Août 2022,27.95,31.95,24.46,415.81,80.07,2.39,5.45
DRS Matam,Matam,Septembre 2022,27.53,31.28,24.23,244.54,83.75,1.71,5.73
DRS Matam,Matam,Octobre 2022,27.05,32.08,22.91,47.55,77.36,1.69,5.64
DRS Matam,Matam,Novembre 2022,23.07,30.66,16.25,0.0,57.8,2.15,5.39
DRS Matam,Matam,Décembre 2022,23.37,31.74,16.4,0.26,43.93,2.65,5.17
DRS Matam,Matam,Janvier 2023,23.55,32.33,16.39,0.0,26.36,3.22,5.21
DRS Matam,Matam,Février 2023,27.62,36.42,20.23,0.0,19.64,3.35,5.6
DRS Matam,Matam,Mars 2023,30.53,39.96,21.65,1.31,17.43,3.07,6.9
DRS Matam,Matam,Avril 2023,33.09,41.34,24.94,0.01,21.01,3.65,6.96
DRS Matam,Matam,Mai 2023,35.22,41.94,28.28,8.36,24.41,3.26,6.52
DRS Matam,Matam,Juin 2023,34.73,41.1,28.6,70.15,38.02,3.32,6.8
DRS Matam,Matam,Juillet 2023,30.22,34.78,26.21,286.19,69.37,2.5,6.27
DRS Matam,Matam,Août 2023,29.14,33.72,25.22,213.78,75.23,2.52,5.83
DRS Matam,Matam,Septembre 2023,28.33,32.64,24.93,147.25,81.05,2.04,5.84
DRS Matam,Matam,Octobre 2023,28.78,34.36,24.27,26.45,69.65,1.63,5.56
DRS Matam,Matam,Novembre 2023,26.87,36.14,19.08,0.0,35.62,2.16,5.59
DRS Matam,Matam,Décembre 2023,24.84,34.05,17.58,0.0,21.92,3.45,5.08
DRS Matam,Matam,Janvier 2024,25.47,35.17,17.61,0.0,16.51,3.39,5.26
DRS Matam,Matam,Février 2024,27.86,37.79,19.29,0.0,11.93,3.58,5.99
DRS Matam,Matam,Mars 2024,31.22,40.43,22.59,0.0,14.61,2.9,6.58
DRS Matam,Matam,Avril 2024,34.81,43.1,26.48,0.26,17.49,3.36,6.92
DRS Matam,Matam,Mai 2024,37.11,44.52,29.1,2.1,17.95,2.85,7.08
DRS Matam,Matam,Juin 2024,35.21,41.97,28.64,25.02,33.49,3.5,6.57
DRS Matam,Matam,Juillet 2024,30.16,34.63,26.2,330.05,68.13,3.06,5.65
DRS Matam,Matam,Août 2024,28.65,32.67,25.16,195.65,78.67,2.63,5.85
DRS Matam,Matam,Septembre 2024,27.87,31.84,24.76,174.69,80.9,2.13,5.4
DRS Matam,Matam,Octobre 2024,27.98,33.7,23.24,22.24,71.29,1.82,5.6
DRS Matam,Matam,Novembre 2024,24.91,33.84,18.21,0.0,54.61,2.51,5.72
DRS Matam,Matam,Décembre 2024,22.87,31.12,16.4,1.23,37.32,3.46,4.33
DRS Matam,Matam,Janvier 2025,23.48,32.98,15.66,0.0,22.22,3.7,5.56
DRS Matam,Matam,Février 2025,26.34,35.83,18.1,0.0,17.98,3.63,6.03
DRS Matam,Matam,Mars 2025,31.21,39.65,23.4,32.42,19.78,3.17,6.62
DRS Matam,Matam,Avril 2025,33.88,41.89,25.88,0.05,25.7,3.44,6.89
DRS Matam,Matam,Mai 2025,36.47,43.09,29.5,58.8,24.7,3.04,6.19
DRS Matam,Matam,Juin 2025,31.1,36.83,25.49,1057.26,59.18,2.78,6.59
DRS Matam,Matam,Juillet 2025,27.74,31.46,24.31,712.21,82.85,2.71,6.19
DRS Matam,Matam,Août 2025,27.65,31.26,24.37,281.35,84.05,2.12,5.58
DRS Matam,Matam,Septembre 2025,28.04,32.43,24.31,95.29,81.5,1.85,5.6
DRS Matam,Matam,Octobre 2025,27.77,34.49,22.46,39.47,68.96,1.58,5.91
DRS Matam,Matam,Novembre 2025,25.89,33.36,19.89,0.18,45.43,2.17,4.83
DRS Matam,Matam,Décembre 2025,23.11,31.11,16.78,0.17,34.33,3.06,4.77
DRS Matam,Matam,Janvier 2026,24.36,32.88,17.48,3.45,24.83,3.63,5.04
DRS Matam,Matam,Février 2026,26.85,36.81,18.36,0.0,15.08,3.45,6.19
DRS Matam,Matam,Mars 2026,30.29,38.33,22.55,0.0,22.63,3.34,6.43
DRS Matam,Matam,Avril 2026,32.68,41.34,24.15,0.0,13.62,3.64,7.31
DRS Matam,Matam,Mai 2026,36.99,44.01,29.5,0.78,18.77,3.03,6.77
DRS Matam,Matam,Juin 2026,35.38,41.64,28.97,34.39,34.3,2.95,6.28
DRS Matam,Matam,Juillet 2026,33.29,38.84,28.15,114.83,49.56,2.41,5.85
DRS Matam,Matam,Août 2026,32.23,37.5,27.13,4.06,55.77,2.52,6.75
DRS Matam,Ranerou,Janvier 2021,23.61,33.14,16.18,0.0,30.24,3.77,5.49
DRS Matam,Ranerou,Février 2021,26.48,35.78,18.58,0.0,18.64,3.24,5.65
DRS Matam,Ranerou,Mars 2021,29.58,38.86,21.14,0.0,18.12,3.15,6.86
DRS Matam,Ranerou,Avril 2021,33.8,43.06,24.7,0.0,15.76,3.37,7.3
DRS Matam,Ranerou,Mai 2021,35.04,43.43,26.52,0.0,19.18,3.42,6.73
DRS Matam,Ranerou,Juin 2021,34.32,41.32,27.54,51.29,36.23,3.32,6.33
DRS Matam,Ranerou,Juillet 2021,31.21,37.36,25.77,157.93,53.97,3.02,6.43
DRS Matam,Ranerou,Août 2021,27.5,31.5,24.16,349.31,83.47,2.03,5.92
DRS Matam,Ranerou,Septembre 2021,27.51,31.68,23.95,158.77,83.76,1.75,6.15
DRS Matam,Ranerou,Octobre 2021,27.44,32.93,22.95,11.86,73.86,1.6,5.64
DRS Matam,Ranerou,Novembre 2021,26.92,34.3,21.07,2.01,53.28,1.99,5.28
DRS Matam,Ranerou,Décembre 2021,25.24,33.17,19.23,0.09,33.59,3.14,4.69
DRS Matam,Ranerou,Janvier 2022,25.4,34.07,18.21,0.0,18.14,3.68,5.19
DRS Matam,Ranerou,Février 2022,26.68,35.96,18.89,0.0,15.45,3.65,6.1
DRS Matam,Ranerou,Mars 2022,29.26,38.88,20.61,0.0,14.82,3.55,6.74
DRS Matam,Ranerou,Avril 2022,33.26,42.11,24.68,0.0,16.36,3.8,7.32
DRS Matam,Ranerou,Mai 2022,34.59,42.56,26.49,10.72,21.5,3.34,7.03
DRS Matam,Ranerou,Juin 2022,33.26,39.54,27.3,68.3,43.99,3.08,6.15
DRS Matam,Ranerou,Juillet 2022,29.87,34.93,25.42,220.14,64.67,2.92,5.72
DRS Matam,Ranerou,Août 2022,27.53,31.39,24.16,209.1,81.74,2.2,5.45
DRS Matam,Ranerou,Septembre 2022,27.07,30.7,23.89,239.7,85.78,1.62,5.73
DRS Matam,Ranerou,Octobre 2022,26.72,31.66,22.73,45.1,79.12,1.59,5.64
DRS Matam,Ranerou,Novembre 2022,23.32,31.23,16.75,0.0,55.98,2.12,5.39
DRS Matam,Ranerou,Décembre 2022,23.59,32.47,16.45,2.09,41.34,2.7,5.17
DRS Matam,Ranerou,Janvier 2023,24.15,33.03,16.98,0.0,22.83,3.24,5.21
DRS Matam,Ranerou,Février 2023,27.67,36.67,20.32,0.0,18.61,3.53,5.6
DRS Matam,Ranerou,Mars 2023,30.47,40.25,21.44,0.0,16.75,3.12,6.9
DRS Matam,Ranerou,Avril 2023,32.97,41.52,24.65,0.04,20.42,3.69,6.96
DRS Matam,Ranerou,Mai 2023,35.06,42.28,27.73,0.39,23.55,3.36,6.52
DRS Matam,Ranerou,Juin 2023,34.86,41.58,28.39,42.58,35.01,3.38,6.8
DRS Matam,Ranerou,Juillet 2023,30.45,35.33,26.1,218.01,65.79,2.37,6.27
DRS Matam,Ranerou,Août 2023,28.89,33.52,24.96,217.73,75.68,2.35,5.83
DRS Matam,Ranerou,Septembre 2023,27.77,31.81,24.56,153.99,83.5,1.88,5.84
DRS Matam,Ranerou,Octobre 2023,28.22,33.59,23.74,36.88,71.12,1.45,5.56
DRS Matam,Ranerou,Novembre 2023,26.55,35.88,18.8,0.0,37.25,2.15,5.59
DRS Matam,Ranerou,Décembre 2023,25.01,34.44,17.59,0.0,20.37,3.39,5.08
DRS Matam,Ranerou,Janvier 2024,25.46,35.29,17.62,0.0,15.99,3.25,5.26
DRS Matam,Ranerou,Février 2024,27.82,38.02,19.16,0.0,11.16,3.54,5.99
DRS Matam,Ranerou,Mars 2024,30.89,40.52,22.05,0.0,15.41,2.96,6.58
DRS Matam,Ranerou,Avril 2024,34.41,43.25,25.84,0.05,17.56,3.53,6.92
DRS Matam,Ranerou,Mai 2024,36.56,44.64,28.06,0.61,17.7,2.99,7.08
DRS Matam,Ranerou,Juin 2024,34.84,42.16,27.68,15.94,32.32,3.42,6.57
DRS Matam,Ranerou,Juillet 2024,30.22,35.1,25.93,251.29,66.01,2.96,5.65
DRS Matam,Ranerou,Août 2024,28.47,32.58,24.88,167.67,78.45,2.39,5.85
DRS Matam,Ranerou,Septembre 2024,27.68,31.64,24.45,195.19,80.92,1.99,5.4
DRS Matam,Ranerou,Octobre 2024,27.65,33.29,23.01,27.74,72.06,1.74,5.6
DRS Matam,Ranerou,Novembre 2024,25.44,34.73,18.59,0.0,51.51,2.48,5.72
DRS Matam,Ranerou,Décembre 2024,23.64,32.16,17.05,3.11,32.69,3.45,4.33
DRS Matam,Ranerou,Janvier 2025,23.82,33.56,15.91,0.0,19.82,3.69,5.56
DRS Matam,Ranerou,Février 2025,26.26,36.13,17.79,0.0,16.75,3.61,6.03
DRS Matam,Ranerou,Mars 2025,30.68,39.47,22.74,12.36,20.44,3.36,6.62
DRS Matam,Ranerou,Avril 2025,33.33,42.07,24.89,0.03,26.78,3.62,6.89
DRS Matam,Ranerou,Mai 2025,35.98,43.3,28.5,24.44,24.81,3.26,6.19
DRS Matam,Ranerou,Juin 2025,30.5,36.54,24.79,938.02,60.9,2.7,6.59
DRS Matam,Ranerou,Juillet 2025,27.28,31.01,23.84,744.34,84.45,2.45,6.19
DRS Matam,Ranerou,Août 2025,27.22,30.7,24.04,308.44,86.39,1.96,5.58
DRS Matam,Ranerou,Septembre 2025,27.46,31.38,24.0,120.22,84.58,1.66,5.6
DRS Matam,Ranerou,Octobre 2025,27.15,33.17,22.17,48.42,73.63,1.37,5.91
DRS Matam,Ranerou,Novembre 2025,25.06,32.13,19.25,0.27,52.26,2.07,4.83
DRS Matam,Ranerou,Décembre 2025,22.58,30.73,16.27,0.19,37.06,3.03,4.77
DRS Matam,Ranerou,Janvier 2026,24.17,32.83,17.32,1.54,25.27,3.6,5.04
DRS Matam,Ranerou,Février 2026,26.71,37.0,18.1,0.0,15.08,3.38,6.19
DRS Matam,Ranerou,Mars 2026,29.79,38.29,21.77,0.0,23.28,3.37,6.43
DRS Matam,Ranerou,Avril 2026,32.33,41.41,23.59,0.0,14.04,3.68,7.31
DRS Matam,Ranerou,Mai 2026,36.47,44.06,28.52,0.2,18.76,3.06,6.77
DRS Matam,Ranerou,Juin 2026,35.17,41.81,28.45,27.63,33.38,2.93,6.28
DRS Matam,Ranerou,Juillet 2026,33.13,38.88,27.93,114.6,49.94,2.37,5.85
DRS Matam,Ranerou,Août 2026,32.05,37.47,26.72,3.08,56.61,2.5,6.75
DRS Matam,Thilogne,Janvier 2021,23.69,32.87,16.45,0.0,28.05,3.88,5.49
DRS Matam,Thilogne,Février 2021,26.32,35.51,18.58,0.0,18.54,3.33,5.65
DRS Matam,Thilogne,Mars 2021,29.3,38.42,20.9,0.0,18.45,3.23,6.86
DRS Matam,Thilogne,Avril 2021,33.76,42.9,24.8,0.0,16.05,3.62,7.3
DRS Matam,Thilogne,Mai 2021,35.03,43.44,26.56,0.0,19.11,3.54,6.73
DRS Matam,Thilogne,Juin 2021,34.82,41.92,27.87,28.57,33.02,3.64,6.33
DRS Matam,Thilogne,Juillet 2021,32.62,38.93,26.69,78.39,45.24,3.49,6.43
DRS Matam,Thilogne,Août 2021,28.62,33.08,24.86,329.82,76.55,2.33,5.92
DRS Matam,Thilogne,Septembre 2021,28.71,33.69,24.6,118.51,76.26,2.06,6.15
DRS Matam,Thilogne,Octobre 2021,28.96,35.35,23.82,5.59,62.03,1.94,5.64
DRS Matam,Thilogne,Novembre 2021,28.03,35.61,22.0,1.07,44.4,2.29,5.28
DRS Matam,Thilogne,Décembre 2021,25.86,33.56,19.93,0.11,28.84,3.19,4.69
DRS Matam,Thilogne,Janvier 2022,25.39,33.81,18.41,0.04,17.4,3.75,5.19
DRS Matam,Thilogne,Février 2022,26.52,35.51,18.93,0.0,15.4,3.74,6.1
DRS Matam,Thilogne,Mars 2022,28.83,38.2,20.34,0.0,15.32,3.61,6.74
DRS Matam,Thilogne,Avril 2022,32.99,41.77,24.38,0.0,16.78,3.84,7.32
DRS Matam,Thilogne,Mai 2022,34.69,42.62,26.62,14.86,21.23,3.47,7.03
DRS Matam,Thilogne,Juin 2022,34.02,40.28,27.8,42.89,39.63,3.15,6.15
DRS Matam,Thilogne,Juillet 2022,31.41,36.81,26.49,120.35,55.61,3.38,5.72
DRS Matam,Thilogne,Août 2022,28.97,33.33,25.13,163.86,73.02,2.53,5.45
DRS Matam,Thilogne,Septembre 2022,28.13,32.38,24.53,169.49,79.76,1.92,5.73
DRS Matam,Thilogne,Octobre 2022,27.98,33.93,23.36,32.99,69.62,1.82,5.64
DRS Matam,Thilogne,Novembre 2022,24.75,33.54,17.57,0.0,44.31,2.4,5.39
DRS Matam,Thilogne,Décembre 2022,24.51,33.26,17.33,5.7,32.85,2.88,5.17
DRS Matam,Thilogne,Janvier 2023,24.29,32.88,17.35,0.04,21.16,3.28,5.21
DRS Matam,Thilogne,Février 2023,27.29,36.0,20.1,0.0,18.93,3.58,5.6
DRS Matam,Thilogne,Mars 2023,30.23,39.83,21.28,0.0,17.28,3.2,6.9
DRS Matam,Thilogne,Avril 2023,32.64,41.14,24.45,0.14,21.29,3.83,6.96
DRS Matam,Thilogne,Mai 2023,35.06,42.2,27.88,0.55,23.26,3.51,6.52
DRS Matam,Thilogne,Juin 2023,35.77,42.6,28.86,13.28,30.24,3.64,6.8
DRS Matam,Thilogne,Juillet 2023,31.4,36.47,26.83,207.54,60.26,2.7,6.27
DRS Matam,Thilogne,Août 2023,30.3,35.51,25.78,133.31,67.06,2.72,5.83
DRS Matam,Thilogne,Septembre 2023,29.08,33.95,25.26,109.63,75.05,2.21,5.84
DRS Matam,Thilogne,Octobre 2023,29.87,36.19,24.62,21.84,58.43,1.74,5.56
DRS Matam,Thilogne,Novembre 2023,27.74,36.99,19.95,0.0,27.06,2.45,5.59
DRS Matam,Thilogne,Décembre 2023,25.35,34.45,18.14,0.0,18.48,3.52,5.08
DRS Matam,Thilogne,Janvier 2024,25.2,34.91,17.53,0.0,16.01,3.34,5.26
DRS Matam,Thilogne,Février 2024,27.59,37.62,19.01,0.0,11.32,3.55,5.99
DRS Matam,Thilogne,Mars 2024,30.53,39.95,21.85,0.0,15.62,3.01,6.58
DRS Matam,Thilogne,Avril 2024,34.15,42.98,25.63,0.31,17.84,3.74,6.92
DRS Matam,Thilogne,Mai 2024,36.62,44.65,28.17,0.15,17.24,3.23,7.08
DRS Matam,Thilogne,Juin 2024,34.94,42.14,27.69,21.45,31.42,3.45,6.57
DRS Matam,Thilogne,Juillet 2024,31.79,37.11,26.99,122.81,56.55,3.42,5.65
DRS Matam,Thilogne,Août 2024,29.97,34.67,25.88,139.0,69.28,2.85,5.85
DRS Matam,Thilogne,Septembre 2024,28.83,33.45,25.09,138.25,73.49,2.45,5.4
DRS Matam,Thilogne,Octobre 2024,29.04,35.66,23.74,27.44,61.95,2.05,5.6
DRS Matam,Thilogne,Novembre 2024,26.16,35.44,19.01,0.0,44.64,2.68,5.72
DRS Matam,Thilogne,Décembre 2024,24.03,32.24,17.71,0.7,28.72,3.53,4.33
DRS Matam,Thilogne,Janvier 2025,23.51,33.12,15.7,0.0,19.03,3.69,5.56
DRS Matam,Thilogne,Février 2025,25.87,35.59,17.47,0.0,17.2,3.67,6.03
DRS Matam,Thilogne,Mars 2025,30.18,38.84,22.43,157.69,21.49,3.43,6.62
DRS Matam,Thilogne,Avril 2025,32.37,41.17,24.13,0.0,30.65,3.69,6.89
DRS Matam,Thilogne,Mai 2025,35.67,43.11,28.15,17.67,25.65,3.49,6.19
DRS Matam,Thilogne,Juin 2025,32.24,39.05,25.81,232.6,49.78,2.98,6.59
DRS Matam,Thilogne,Juillet 2025,28.5,32.95,24.56,468.38,76.64,2.9,6.19
DRS Matam,Thilogne,Août 2025,28.02,31.99,24.52,197.28,82.29,2.22,5.58
DRS Matam,Thilogne,Septembre 2025,28.4,32.99,24.52,95.08,79.05,1.93,5.6
DRS Matam,Thilogne,Octobre 2025,28.51,35.78,22.65,26.79,62.15,1.69,5.91
DRS Matam,Thilogne,Novembre 2025,26.8,34.37,20.73,0.32,39.46,2.47,4.83
DRS Matam,Thilogne,Décembre 2025,23.25,31.14,16.95,0.24,31.55,3.32,4.77
DRS Matam,Thilogne,Janvier 2026,23.99,32.44,17.28,1.4,24.94,3.6,5.04
DRS Matam,Thilogne,Février 2026,26.55,36.67,18.08,0.0,15.33,3.42,6.19
DRS Matam,Thilogne,Mars 2026,29.35,37.61,21.51,0.0,23.98,3.38,6.43
DRS Matam,Thilogne,Avril 2026,32.14,41.07,23.53,0.0,14.68,3.69,7.31
DRS Matam,Thilogne,Mai 2026,36.5,44.09,28.58,0.05,17.86,3.21,6.77
DRS Matam,Thilogne,Juin 2026,35.79,42.54,28.83,13.53,30.42,3.17,6.28
DRS Matam,Thilogne,Juillet 2026,33.67,39.42,28.28,90.31,46.07,2.57,5.85
DRS Matam,Thilogne,Août 2026,32.86,38.68,27.14,1.32,52.52,2.77,6.75
DRS Saint-Louis,Dagana,Janvier 2021,22.63,31.39,15.82,0.0,33.91,4.16,5.23
DRS Saint-Louis,Dagana,Février 2021,24.47,34.06,16.56,0.0,26.61,3.82,5.71
DRS Saint-Louis,Dagana,Mars 2021,26.41,36.59,18.13,0.0,33.24,3.89,6.83
DRS Saint-Louis,Dagana,Avril 2021,29.39,40.23,20.93,0.0,35.22,4.42,7.29
DRS Saint-Louis,Dagana,Mai 2021,29.69,40.47,21.38,0.02,40.44,4.57,6.96
DRS Saint-Louis,Dagana,Juin 2021,31.63,40.22,24.6,15.4,44.69,4.25,6.69
DRS Saint-Louis,Dagana,Juillet 2021,30.26,37.7,24.49,8.88,55.45,4.17,6.7
DRS Saint-Louis,Dagana,Août 2021,30.13,35.46,25.82,188.91,66.38,2.69,6.24
DRS Saint-Louis,Dagana,Septembre 2021,30.54,36.59,25.84,98.44,65.35,2.4,6.23
DRS Saint-Louis,Dagana,Octobre 2021,30.3,37.56,24.48,7.21,51.86,2.38,5.62
DRS Saint-Louis,Dagana,Novembre 2021,28.43,36.08,22.23,5.11,40.61,2.63,5.15
DRS Saint-Louis,Dagana,Décembre 2021,25.41,33.23,19.33,0.13,31.3,3.28,4.25
DRS Saint-Louis,Dagana,Janvier 2022,24.52,32.67,17.93,0.12,26.26,3.56,4.92
DRS Saint-Louis,Dagana,Février 2022,25.21,34.29,17.93,0.0,24.59,4.1,5.81
DRS Saint-Louis,Dagana,Mars 2022,26.03,36.03,17.7,0.0,29.9,4.05,6.75
DRS Saint-Louis,Dagana,Avril 2022,28.77,39.35,20.32,0.0,35.2,4.46,7.25
DRS Saint-Louis,Dagana,Mai 2022,31.14,40.81,22.97,2.48,36.76,3.92,7.02
DRS Saint-Louis,Dagana,Juin 2022,32.9,40.8,26.07,16.79,43.62,3.76,6.51
DRS Saint-Louis,Dagana,Juillet 2022,30.61,37.25,25.35,68.45,58.1,4.04,6.34
DRS Saint-Louis,Dagana,Août 2022,29.79,34.79,25.72,170.53,67.99,2.93,6.12
DRS Saint-Louis,Dagana,Septembre 2022,29.65,34.41,25.68,78.39,70.21,2.29,5.94
DRS Saint-Louis,Dagana,Octobre 2022,29.77,36.13,24.75,20.17,58.97,1.94,5.85
DRS Saint-Louis,Dagana,Novembre 2022,26.17,34.68,19.14,0.0,34.71,2.54,5.4
DRS Saint-Louis,Dagana,Décembre 2022,24.13,33.06,17.18,18.12,37.76,3.09,5.26
DRS Saint-Louis,Dagana,Janvier 2023,23.12,31.7,16.37,0.53,31.05,3.51,4.97
DRS Saint-Louis,Dagana,Février 2023,25.28,34.01,18.49,0.0,29.16,3.93,5.38
DRS Saint-Louis,Dagana,Mars 2023,28.92,38.9,20.49,0.0,27.92,3.53,6.87
DRS Saint-Louis,Dagana,Avril 2023,29.67,39.21,21.89,0.22,35.42,4.19,6.88
DRS Saint-Louis,Dagana,Mai 2023,31.66,40.74,24.21,0.15,37.27,4.22,6.8
DRS Saint-Louis,Dagana,Juin 2023,32.49,41.37,25.3,0.61,44.59,4.53,6.9
DRS Saint-Louis,Dagana,Juillet 2023,31.58,37.69,26.63,97.15,58.28,3.45,6.3
DRS Saint-Louis,Dagana,Août 2023,30.48,35.97,26.03,164.57,65.82,3.21,6.22
DRS Saint-Louis,Dagana,Septembre 2023,29.8,34.57,26.03,84.68,71.78,2.25,5.99
DRS Saint-Louis,Dagana,Octobre 2023,30.09,36.66,25.01,30.63,60.41,2.14,5.72
DRS Saint-Louis,Dagana,Novembre 2023,27.08,36.42,19.56,0.0,29.99,2.66,5.54
DRS Saint-Louis,Dagana,Décembre 2023,24.31,33.25,17.35,0.0,26.47,3.29,5.08
DRS Saint-Louis,Dagana,Janvier 2024,24.51,34.11,17.11,0.0,25.32,3.08,5.28
DRS Saint-Louis,Dagana,Février 2024,26.61,36.78,18.45,0.0,20.21,3.57,5.96
DRS Saint-Louis,Dagana,Mars 2024,27.29,37.83,19.03,0.0,33.79,3.58,6.74
DRS Saint-Louis,Dagana,Avril 2024,30.46,40.76,22.28,0.11,33.47,4.38,7.1
DRS Saint-Louis,Dagana,Mai 2024,32.08,42.56,23.66,0.0,35.88,4.31,7.22
DRS Saint-Louis,Dagana,Juin 2024,31.07,40.31,23.7,2.18,48.62,4.12,6.7
DRS Saint-Louis,Dagana,Juillet 2024,30.83,37.18,25.76,78.13,59.08,4.02,6.38
DRS Saint-Louis,Dagana,Août 2024,30.89,36.26,26.55,66.81,63.56,3.35,6.29
DRS Saint-Louis,Dagana,Septembre 2024,30.14,35.48,25.82,83.74,64.22,2.9,5.45
DRS Saint-Louis,Dagana,Octobre 2024,30.69,37.55,25.1,18.68,52.69,2.27,5.64
DRS Saint-Louis,Dagana,Novembre 2024,27.59,36.47,20.34,0.0,37.59,2.72,5.56
DRS Saint-Louis,Dagana,Décembre 2024,24.27,31.86,18.28,2.58,28.36,3.55,4.34
DRS Saint-Louis,Dagana,Janvier 2025,22.92,32.51,15.16,0.0,23.35,3.79,5.54
DRS Saint-Louis,Dagana,Février 2025,23.77,34.1,15.67,0.0,26.85,3.98,6.14
DRS Saint-Louis,Dagana,Mars 2025,25.76,35.25,18.58,664.85,44.38,4.17,6.46
DRS Saint-Louis,Dagana,Avril 2025,26.44,35.34,19.69,0.14,57.01,4.06,6.91
DRS Saint-Louis,Dagana,Mai 2025,29.57,39.22,22.11,0.68,48.36,4.16,6.66
DRS Saint-Louis,Dagana,Juin 2025,29.98,38.06,23.37,95.74,58.01,3.52,6.89
DRS Saint-Louis,Dagana,Juillet 2025,28.84,34.2,24.37,295.39,70.14,3.24,6.6
DRS Saint-Louis,Dagana,Août 2025,29.08,33.39,25.4,175.76,75.63,2.39,6.13
DRS Saint-Louis,Dagana,Septembre 2025,28.87,33.02,25.48,102.23,76.78,1.92,5.9
DRS Saint-Louis,Dagana,Octobre 2025,28.99,35.75,23.39,16.31,62.56,1.93,6.1
DRS Saint-Louis,Dagana,Novembre 2025,25.98,32.79,20.55,1.55,49.67,2.25,4.54
DRS Saint-Louis,Dagana,Décembre 2025,20.68,27.93,14.9,0.57,45.75,3.53,4.56
DRS Saint-Louis,Dagana,Janvier 2026,21.99,30.43,15.29,0.69,38.36,3.69,5.18
DRS Saint-Louis,Dagana,Février 2026,25.14,35.49,16.85,0.0,26.1,3.54,6.15
DRS Saint-Louis,Dagana,Mars 2026,25.61,34.66,18.43,0.0,43.69,3.7,6.65
DRS Saint-Louis,Dagana,Avril 2026,28.97,38.97,20.71,0.0,31.79,4.07,7.22
DRS Saint-Louis,Dagana,Mai 2026,31.9,42.08,23.46,0.0,33.49,4.02,6.98
DRS Saint-Louis,Dagana,Juin 2026,32.65,41.54,25.32,6.36,44.81,3.74,6.18
DRS Saint-Louis,Dagana,Juillet 2026,31.53,38.7,25.92,62.0,55.75,3.2,6.0
DRS Saint-Louis,Dagana,Août 2026,31.57,38.3,26.8,1.72,58.46,3.7,6.62
DRS Saint-Louis,Pete,Janvier 2021,23.69,32.87,16.45,0.0,28.05,3.88,5.29
DRS Saint-Louis,Pete,Février 2021,26.32,35.51,18.58,0.0,18.54,3.33,5.66
DRS Saint-Louis,Pete,Mars 2021,29.3,38.42,20.9,0.0,18.45,3.23,6.84
DRS Saint-Louis,Pete,Avril 2021,33.76,42.9,24.8,0.0,16.05,3.62,7.37
DRS Saint-Louis,Pete,Mai 2021,35.03,43.44,26.56,0.0,19.11,3.54,6.91
DRS Saint-Louis,Pete,Juin 2021,34.82,41.92,27.87,28.57,33.02,3.64,6.85
DRS Saint-Louis,Pete,Juillet 2021,32.62,38.93,26.69,78.39,45.24,3.49,6.72
DRS Saint-Louis,Pete,Août 2021,28.62,33.08,24.86,329.82,76.55,2.33,6.52
DRS Saint-Louis,Pete,Septembre 2021,28.71,33.69,24.6,118.51,76.26,2.06,6.36
DRS Saint-Louis,Pete,Octobre 2021,28.96,35.35,23.82,5.59,62.03,1.94,5.71
DRS Saint-Louis,Pete,Novembre 2021,28.03,35.61,22.0,1.07,44.4,2.29,5.2
DRS Saint-Louis,Pete,Décembre 2021,25.86,33.56,19.93,0.11,28.84,3.19,4.4
DRS Saint-Louis,Pete,Janvier 2022,25.39,33.81,18.41,0.04,17.4,3.75,5.14
DRS Saint-Louis,Pete,Février 2022,26.52,35.51,18.93,0.0,15.4,3.74,5.9
DRS Saint-Louis,Pete,Mars 2022,28.83,38.2,20.34,0.0,15.32,3.61,6.7
DRS Saint-Louis,Pete,Avril 2022,32.99,41.77,24.38,0.0,16.78,3.84,7.37
DRS Saint-Louis,Pete,Mai 2022,34.69,42.62,26.62,14.86,21.23,3.47,7.17
DRS Saint-Louis,Pete,Juin 2022,34.02,40.28,27.8,42.89,39.63,3.15,6.42
DRS Saint-Louis,Pete,Juillet 2022,31.41,36.81,26.49,120.35,55.61,3.38,6.34
DRS Saint-Louis,Pete,Août 2022,28.97,33.33,25.13,163.86,73.02,2.53,6.13
DRS Saint-Louis,Pete,Septembre 2022,28.13,32.38,24.53,169.49,79.76,1.92,6.13
DRS Saint-Louis,Pete,Octobre 2022,27.98,33.93,23.36,32.99,69.62,1.82,5.8
DRS Saint-Louis,Pete,Novembre 2022,24.75,33.54,17.57,0.0,44.31,2.4,5.44
DRS Saint-Louis,Pete,Décembre 2022,24.51,33.26,17.33,5.7,32.85,2.88,5.19
DRS Saint-Louis,Pete,Janvier 2023,24.29,32.88,17.35,0.04,21.16,3.28,5.05
DRS Saint-Louis,Pete,Février 2023,27.29,36.0,20.1,0.0,18.93,3.58,5.45
DRS Saint-Louis,Pete,Mars 2023,30.23,39.83,21.28,0.0,17.28,3.2,6.84
DRS Saint-Louis,Pete,Avril 2023,32.64,41.14,24.45,0.14,21.29,3.83,6.89
DRS Saint-Louis,Pete,Mai 2023,35.06,42.2,27.88,0.55,23.26,3.51,6.75
DRS Saint-Louis,Pete,Juin 2023,35.77,42.6,28.86,13.28,30.24,3.64,6.93
DRS Saint-Louis,Pete,Juillet 2023,31.4,36.47,26.83,207.54,60.26,2.7,6.5
DRS Saint-Louis,Pete,Août 2023,30.3,35.51,25.78,133.31,67.06,2.72,6.17
DRS Saint-Louis,Pete,Septembre 2023,29.08,33.95,25.26,109.63,75.05,2.21,6.1
DRS Saint-Louis,Pete,Octobre 2023,29.87,36.19,24.62,21.84,58.43,1.74,5.66
DRS Saint-Louis,Pete,Novembre 2023,27.74,36.99,19.95,0.0,27.06,2.45,5.59
DRS Saint-Louis,Pete,Décembre 2023,25.35,34.45,18.14,0.0,18.48,3.52,5.04
DRS Saint-Louis,Pete,Janvier 2024,25.2,34.91,17.53,0.0,16.01,3.34,5.24
DRS Saint-Louis,Pete,Février 2024,27.59,37.62,19.01,0.0,11.32,3.55,6.03
DRS Saint-Louis,Pete,Mars 2024,30.53,39.95,21.85,0.0,15.62,3.01,6.64
DRS Saint-Louis,Pete,Avril 2024,34.15,42.98,25.63,0.31,17.84,3.74,7.08
DRS Saint-Louis,Pete,Mai 2024,36.62,44.65,28.17,0.15,17.24,3.23,7.22
DRS Saint-Louis,Pete,Juin 2024,34.94,42.14,27.69,21.45,31.42,3.45,6.7
DRS Saint-Louis,Pete,Juillet 2024,31.79,37.11,26.99,122.81,56.55,3.42,6.19
DRS Saint-Louis,Pete,Août 2024,29.97,34.67,25.88,139.0,69.28,2.85,6.28
DRS Saint-Louis,Pete,Septembre 2024,28.83,33.45,25.09,138.25,73.49,2.45,5.59
DRS Saint-Louis,Pete,Octobre 2024,29.04,35.66,23.74,27.44,61.95,2.05,5.65
DRS Saint-Louis,Pete,Novembre 2024,26.16,35.44,19.01,0.0,44.64,2.68,5.63
DRS Saint-Louis,Pete,Décembre 2024,24.03,32.24,17.71,0.7,28.72,3.53,4.27
DRS Saint-Louis,Pete,Janvier 2025,23.51,33.12,15.7,0.0,19.03,3.69,5.57
DRS Saint-Louis,Pete,Février 2025,25.87,35.59,17.47,0.0,17.2,3.67,6.1
DRS Saint-Louis,Pete,Mars 2025,30.18,38.84,22.43,157.69,21.49,3.43,6.5
DRS Saint-Louis,Pete,Avril 2025,32.37,41.17,24.13,0.0,30.65,3.69,6.88
DRS Saint-Louis,Pete,Mai 2025,35.67,43.11,28.15,17.67,25.65,3.49,6.45
DRS Saint-Louis,Pete,Juin 2025,32.24,39.05,25.81,232.6,49.78,2.98,6.91
DRS Saint-Louis,Pete,Juillet 2025,28.5,32.95,24.56,468.38,76.64,2.9,6.66
DRS Saint-Louis,Pete,Août 2025,28.02,31.99,24.52,197.28,82.29,2.22,6.11
DRS Saint-Louis,Pete,Septembre 2025,28.4,32.99,24.52,95.08,79.05,1.93,5.87
DRS Saint-Louis,Pete,Octobre 2025,28.51,35.78,22.65,26.79,62.15,1.69,6.1
DRS Saint-Louis,Pete,Novembre 2025,26.8,34.37,20.73,0.32,39.46,2.47,4.74
DRS Saint-Louis,Pete,Décembre 2025,23.25,31.14,16.95,0.24,31.55,3.32,4.74
DRS Saint-Louis,Pete,Janvier 2026,23.99,32.44,17.28,1.4,24.94,3.6,5.05
DRS Saint-Louis,Pete,Février 2026,26.55,36.67,18.08,0.0,15.33,3.42,6.21
DRS Saint-Louis,Pete,Mars 2026,29.35,37.61,21.51,0.0,23.98,3.38,6.54
DRS Saint-Louis,Pete,Avril 2026,32.14,41.07,23.53,0.0,14.68,3.69,7.27
DRS Saint-Louis,Pete,Mai 2026,36.5,44.09,28.58,0.05,17.86,3.21,6.96
DRS Saint-Louis,Pete,Juin 2026,35.79,42.54,28.83,13.53,30.42,3.17,6.25
DRS Saint-Louis,Pete,Juillet 2026,33.67,39.42,28.28,90.31,46.07,2.57,6.17
DRS Saint-Louis,Pete,Août 2026,32.86,38.68,27.14,1.32,52.52,2.77,6.76
DRS Saint-Louis,Podor,Janvier 2021,22.8,31.73,15.76,0.0,32.53,4.03,5.2
DRS Saint-Louis,Podor,Février 2021,24.6,34.21,16.58,0.0,24.49,3.65,5.63
DRS Saint-Louis,Podor,Mars 2021,27.37,36.95,18.87,0.0,25.77,3.5,6.84
DRS Saint-Louis,Podor,Avril 2021,31.21,41.16,22.32,0.0,25.97,3.99,7.33
DRS Saint-Louis,Podor,Mai 2021,32.11,41.84,23.39,0.0,29.39,4.14,6.87
DRS Saint-Louis,Podor,Juin 2021,33.46,41.62,26.02,10.03,36.4,4.14,6.67
DRS Saint-Louis,Podor,Juillet 2021,31.73,39.24,25.21,14.0,48.26,4.14,6.6
DRS Saint-Louis,Podor,Août 2021,30.01,35.23,25.61,262.16,67.25,2.56,6.43
DRS Saint-Louis,Podor,Septembre 2021,30.48,36.52,25.71,90.93,65.28,2.41,6.28
DRS Saint-Louis,Podor,Octobre 2021,30.3,37.39,24.5,6.31,51.15,2.24,5.64
DRS Saint-Louis,Podor,Novembre 2021,28.51,36.0,22.36,1.83,38.66,2.54,5.21
DRS Saint-Louis,Podor,Décembre 2021,25.55,33.27,19.57,0.11,30.12,3.13,4.32
DRS Saint-Louis,Podor,Janvier 2022,24.69,32.81,17.9,0.05,22.16,3.5,5.06
DRS Saint-Louis,Podor,Février 2022,25.65,34.62,18.2,0.0,20.74,3.83,5.85
DRS Saint-Louis,Podor,Mars 2022,26.95,36.45,18.55,0.0,22.48,3.77,6.7
DRS Saint-Louis,Podor,Avril 2022,30.52,40.15,21.75,0.0,26.26,4.07,7.29
DRS Saint-Louis,Podor,Mai 2022,32.89,41.85,24.52,7.78,27.85,3.64,7.08
DRS Saint-Louis,Podor,Juin 2022,33.99,41.2,27.11,22.9,38.1,3.49,6.36
DRS Saint-Louis,Podor,Juillet 2022,31.69,38.16,25.91,64.6,52.81,3.91,6.22
DRS Saint-Louis,Podor,Août 2022,30.21,35.3,25.78,178.61,65.85,2.89,6.01
DRS Saint-Louis,Podor,Septembre 2022,29.52,34.25,25.46,107.32,70.57,2.24,5.98
DRS Saint-Louis,Podor,Octobre 2022,29.56,35.83,24.52,22.52,59.24,1.86,5.79
DRS Saint-Louis,Podor,Novembre 2022,25.81,34.48,18.82,0.0,36.77,2.47,5.41
DRS Saint-Louis,Podor,Décembre 2022,24.12,32.9,17.11,25.78,35.52,2.85,5.2
DRS Saint-Louis,Podor,Janvier 2023,23.08,31.62,16.28,0.65,28.67,3.3,4.98
DRS Saint-Louis,Podor,Février 2023,25.68,34.24,18.87,0.0,25.93,3.79,5.37
DRS Saint-Louis,Podor,Mars 2023,29.27,39.07,20.56,0.0,23.81,3.39,6.8
DRS Saint-Louis,Podor,Avril 2023,30.79,39.6,22.76,0.3,28.87,3.92,6.96
DRS Saint-Louis,Podor,Mai 2023,33.4,41.52,25.83,0.8,29.12,3.84,6.74
DRS Saint-Louis,Podor,Juin 2023,34.25,42.38,26.63,0.8,35.67,4.2,6.81
DRS Saint-Louis,Podor,Juillet 2023,32.35,38.41,26.98,87.63,54.17,3.31,6.36
DRS Saint-Louis,Podor,Août 2023,31.27,37.08,26.26,119.86,61.35,3.19,6.11
DRS Saint-Louis,Podor,Septembre 2023,30.41,35.78,26.11,68.61,67.53,2.43,6.09
DRS Saint-Louis,Podor,Octobre 2023,30.74,37.6,25.11,33.69,53.93,2.1,5.71
DRS Saint-Louis,Podor,Novembre 2023,27.64,36.95,19.94,0.0,25.45,2.66,5.57
DRS Saint-Louis,Podor,Décembre 2023,24.92,33.88,17.73,0.0,22.01,3.31,5.01
DRS Saint-Louis,Podor,Janvier 2024,24.77,34.35,17.24,0.0,21.08,3.06,5.22
DRS Saint-Louis,Podor,Février 2024,26.91,36.94,18.57,0.0,15.72,3.43,5.95
DRS Saint-Louis,Podor,Mars 2024,28.41,38.29,19.82,0.0,25.14,3.21,6.69
DRS Saint-Louis,Podor,Avril 2024,32.05,41.65,23.6,0.03,25.39,4.11,7.04
DRS Saint-Louis,Podor,Mai 2024,34.31,43.62,25.51,0.0,25.09,3.96,7.2
DRS Saint-Louis,Podor,Juin 2024,33.16,41.79,25.24,3.33,38.82,3.88,6.58
DRS Saint-Louis,Podor,Juillet 2024,31.99,38.33,26.37,65.07,53.64,3.98,6.24
DRS Saint-Louis,Podor,Août 2024,31.24,36.66,26.64,107.74,61.6,3.27,6.28
DRS Saint-Louis,Podor,Septembre 2024,30.06,35.34,25.61,106.47,64.41,2.76,5.49
DRS Saint-Louis,Podor,Octobre 2024,30.45,37.25,24.8,16.91,52.56,2.21,5.63
DRS Saint-Louis,Podor,Novembre 2024,27.31,36.24,20.11,0.0,37.45,2.63,5.55
DRS Saint-Louis,Podor,Décembre 2024,24.23,31.88,18.23,1.29,27.14,3.42,4.31
DRS Saint-Louis,Podor,Janvier 2025,22.95,32.49,15.22,0.0,21.43,3.66,5.54
DRS Saint-Louis,Podor,Février 2025,24.32,34.47,16.03,0.0,22.32,3.72,6.13
DRS Saint-Louis,Podor,Mars 2025,27.38,36.25,19.76,313.57,33.9,3.71,6.55
DRS Saint-Louis,Podor,Avril 2025,28.94,37.95,21.27,0.08,44.75,3.91,6.89
DRS Saint-Louis,Podor,Mai 2025,32.39,41.28,24.36,1.1,36.64,3.98,6.57
DRS Saint-Louis,Podor,Juin 2025,32.1,40.29,24.64,61.52,47.71,3.45,6.84
DRS Saint-Louis,Podor,Juillet 2025,29.33,34.57,24.62,492.92,68.92,3.14,6.56
DRS Saint-Louis,Podor,Août 2025,28.99,33.28,25.19,151.02,76.46,2.4,6.12
DRS Saint-Louis,Podor,Septembre 2025,28.96,33.34,25.19,98.2,75.69,1.98,5.85
DRS Saint-Louis,Podor,Octobre 2025,28.8,35.71,22.96,14.95,60.91,1.83,5.99
DRS Saint-Louis,Podor,Novembre 2025,25.89,32.97,20.36,1.17,46.22,2.19,4.56
DRS Saint-Louis,Podor,Décembre 2025,20.96,28.44,15.09,0.49,42.94,3.42,4.63
DRS Saint-Louis,Podor,Janvier 2026,22.28,30.78,15.57,0.33,35.11,3.48,5.08
DRS Saint-Louis,Podor,Février 2026,25.25,35.57,16.93,0.0,23.12,3.35,6.13
DRS Saint-Louis,Podor,Mars 2026,26.61,35.16,19.05,0.0,36.23,3.37,6.65
DRS Saint-Louis,Podor,Avril 2026,30.22,39.63,21.63,0.0,23.85,3.73,7.22
DRS Saint-Louis,Podor,Mai 2026,34.1,42.86,25.69,0.01,23.89,3.61,6.96
DRS Saint-Louis,Podor,Juin 2026,34.28,42.51,26.4,12.67,36.95,3.45,6.19
DRS Saint-Louis,Podor,Juillet 2026,32.8,39.64,26.76,63.85,49.25,3.09,6.04
DRS Saint-Louis,Podor,Août 2026,32.61,39.36,27.11,1.21,53.35,3.56,6.68
DRS Saint-Louis,Richard Toll,Janvier 2021,22.63,31.39,15.82,0.0,33.91,4.16,5.23
DRS Saint-Louis,Richard Toll,Février 2021,24.47,34.06,16.56,0.0,26.61,3.82,5.71
DRS Saint-Louis,Richard Toll,Mars 2021,26.41,36.59,18.13,0.0,33.24,3.89,6.83
DRS Saint-Louis,Richard Toll,Avril 2021,29.39,40.23,20.93,0.0,35.22,4.42,7.29
DRS Saint-Louis,Richard Toll,Mai 2021,29.69,40.47,21.38,0.02,40.44,4.57,6.96
DRS Saint-Louis,Richard Toll,Juin 2021,31.63,40.22,24.6,15.4,44.69,4.25,6.69
DRS Saint-Louis,Richard Toll,Juillet 2021,30.26,37.7,24.49,8.88,55.45,4.17,6.7
DRS Saint-Louis,Richard Toll,Août 2021,30.13,35.46,25.82,188.91,66.38,2.69,6.24
DRS Saint-Louis,Richard Toll,Septembre 2021,30.54,36.59,25.84,98.44,65.35,2.4,6.23
DRS Saint-Louis,Richard Toll,Octobre 2021,30.3,37.56,24.48,7.21,51.86,2.38,5.62
DRS Saint-Louis,Richard Toll,Novembre 2021,28.43,36.08,22.23,5.11,40.61,2.63,5.15
DRS Saint-Louis,Richard Toll,Décembre 2021,25.41,33.23,19.33,0.13,31.3,3.28,4.25
DRS Saint-Louis,Richard Toll,Janvier 2022,24.52,32.67,17.93,0.12,26.26,3.56,4.92
DRS Saint-Louis,Richard Toll,Février 2022,25.21,34.29,17.93,0.0,24.59,4.1,5.81
DRS Saint-Louis,Richard Toll,Mars 2022,26.03,36.03,17.7,0.0,29.9,4.05,6.75
DRS Saint-Louis,Richard Toll,Avril 2022,28.77,39.35,20.32,0.0,35.2,4.46,7.25
DRS Saint-Louis,Richard Toll,Mai 2022,31.14,40.81,22.97,2.48,36.76,3.92,7.02
DRS Saint-Louis,Richard Toll,Juin 2022,32.9,40.8,26.07,16.79,43.62,3.76,6.51
DRS Saint-Louis,Richard Toll,Juillet 2022,30.61,37.25,25.35,68.45,58.1,4.04,6.34
DRS Saint-Louis,Richard Toll,Août 2022,29.79,34.79,25.72,170.53,67.99,2.93,6.12
DRS Saint-Louis,Richard Toll,Septembre 2022,29.65,34.41,25.68,78.39,70.21,2.29,5.94
DRS Saint-Louis,Richard Toll,Octobre 2022,29.77,36.13,24.75,20.17,58.97,1.94,5.85
DRS Saint-Louis,Richard Toll,Novembre 2022,26.17,34.68,19.14,0.0,34.71,2.54,5.4
DRS Saint-Louis,Richard Toll,Décembre 2022,24.13,33.06,17.18,18.12,37.76,3.09,5.26
DRS Saint-Louis,Richard Toll,Janvier 2023,23.12,31.7,16.37,0.53,31.05,3.51,4.97
DRS Saint-Louis,Richard Toll,Février 2023,25.28,34.01,18.49,0.0,29.16,3.93,5.38
DRS Saint-Louis,Richard Toll,Mars 2023,28.92,38.9,20.49,0.0,27.92,3.53,6.87
DRS Saint-Louis,Richard Toll,Avril 2023,29.67,39.21,21.89,0.22,35.42,4.19,6.88
DRS Saint-Louis,Richard Toll,Mai 2023,31.66,40.74,24.21,0.15,37.27,4.22,6.8
DRS Saint-Louis,Richard Toll,Juin 2023,32.49,41.37,25.3,0.61,44.59,4.53,6.9
DRS Saint-Louis,Richard Toll,Juillet 2023,31.58,37.69,26.63,97.15,58.28,3.45,6.3
DRS Saint-Louis,Richard Toll,Août 2023,30.48,35.97,26.03,164.57,65.82,3.21,6.22
DRS Saint-Louis,Richard Toll,Septembre 2023,29.8,34.57,26.03,84.68,71.78,2.25,5.99
DRS Saint-Louis,Richard Toll,Octobre 2023,30.09,36.66,25.01,30.63,60.41,2.14,5.72
DRS Saint-Louis,Richard Toll,Novembre 2023,27.08,36.42,19.56,0.0,29.99,2.66,5.54
DRS Saint-Louis,Richard Toll,Décembre 2023,24.31,33.25,17.35,0.0,26.47,3.29,5.08
DRS Saint-Louis,Richard Toll,Janvier 2024,24.51,34.11,17.11,0.0,25.32,3.08,5.28
DRS Saint-Louis,Richard Toll,Février 2024,26.61,36.78,18.45,0.0,20.21,3.57,5.96
DRS Saint-Louis,Richard Toll,Mars 2024,27.29,37.83,19.03,0.0,33.79,3.58,6.74
DRS Saint-Louis,Richard Toll,Avril 2024,30.46,40.76,22.28,0.11,33.47,4.38,7.1
DRS Saint-Louis,Richard Toll,Mai 2024,32.08,42.56,23.66,0.0,35.88,4.31,7.22
DRS Saint-Louis,Richard Toll,Juin 2024,31.07,40.31,23.7,2.18,48.62,4.12,6.7
DRS Saint-Louis,Richard Toll,Juillet 2024,30.83,37.18,25.76,78.13,59.08,4.02,6.38
DRS Saint-Louis,Richard Toll,Août 2024,30.89,36.26,26.55,66.81,63.56,3.35,6.29
DRS Saint-Louis,Richard Toll,Septembre 2024,30.14,35.48,25.82,83.74,64.22,2.9,5.45
DRS Saint-Louis,Richard Toll,Octobre 2024,30.69,37.55,25.1,18.68,52.69,2.27,5.64
DRS Saint-Louis,Richard Toll,Novembre 2024,27.59,36.47,20.34,0.0,37.59,2.72,5.56
DRS Saint-Louis,Richard Toll,Décembre 2024,24.27,31.86,18.28,2.58,28.36,3.55,4.34
DRS Saint-Louis,Richard Toll,Janvier 2025,22.92,32.51,15.16,0.0,23.35,3.79,5.54
DRS Saint-Louis,Richard Toll,Février 2025,23.77,34.1,15.67,0.0,26.85,3.98,6.14
DRS Saint-Louis,Richard Toll,Mars 2025,25.76,35.25,18.58,664.85,44.38,4.17,6.46
DRS Saint-Louis,Richard Toll,Avril 2025,26.44,35.34,19.69,0.14,57.01,4.06,6.91
DRS Saint-Louis,Richard Toll,Mai 2025,29.57,39.22,22.11,0.68,48.36,4.16,6.66
DRS Saint-Louis,Richard Toll,Juin 2025,29.98,38.06,23.37,95.74,58.01,3.52,6.89
DRS Saint-Louis,Richard Toll,Juillet 2025,28.84,34.2,24.37,295.39,70.14,3.24,6.6
DRS Saint-Louis,Richard Toll,Août 2025,29.08,33.39,25.4,175.76,75.63,2.39,6.13
DRS Saint-Louis,Richard Toll,Septembre 2025,28.87,33.02,25.48,102.23,76.78,1.92,5.9
DRS Saint-Louis,Richard Toll,Octobre 2025,28.99,35.75,23.39,16.31,62.56,1.93,6.1
DRS Saint-Louis,Richard Toll,Novembre 2025,25.98,32.79,20.55,1.55,49.67,2.25,4.54
DRS Saint-Louis,Richard Toll,Décembre 2025,20.68,27.93,14.9,0.57,45.75,3.53,4.56
DRS Saint-Louis,Richard Toll,Janvier 2026,21.99,30.43,15.29,0.69,38.36,3.69,5.18
DRS Saint-Louis,Richard Toll,Février 2026,25.14,35.49,16.85,0.0,26.1,3.54,6.15
DRS Saint-Louis,Richard Toll,Mars 2026,25.61,34.66,18.43,0.0,43.69,3.7,6.65
DRS Saint-Louis,Richard Toll,Avril 2026,28.97,38.97,20.71,0.0,31.79,4.07,7.22
DRS Saint-Louis,Richard Toll,Mai 2026,31.9,42.08,23.46,0.0,33.49,4.02,6.98
DRS Saint-Louis,Richard Toll,Juin 2026,32.65,41.54,25.32,6.36,44.81,3.74,6.18
DRS Saint-Louis,Richard Toll,Juillet 2026,31.53,38.7,25.92,62.0,55.75,3.2,6.0
DRS Saint-Louis,Richard Toll,Août 2026,31.57,38.3,26.8,1.72,58.46,3.7,6.62
DRS Saint-Louis,Saint-Louis,Janvier 2021,22.76,30.33,16.93,0.0,39.02,4.46,4.93
DRS Saint-Louis,Saint-Louis,Février 2021,24.04,32.46,17.47,0.0,35.12,4.18,5.52
DRS Saint-Louis,Saint-Louis,Mars 2021,24.39,33.48,18.09,0.0,48.39,4.45,6.7
DRS Saint-Louis,Saint-Louis,Avril 2021,25.67,35.46,19.21,0.0,54.53,4.96,7.15
DRS Saint-Louis,Saint-Louis,Mai 2021,25.49,34.0,19.83,0.07,59.98,4.79,6.7
DRS Saint-Louis,Saint-Louis,Juin 2021,28.42,35.56,23.35,42.42,61.49,4.12,6.31
DRS Saint-Louis,Saint-Louis,Juillet 2021,28.33,33.53,24.42,13.14,65.92,3.98,6.08
DRS Saint-Louis,Saint-Louis,Août 2021,28.34,31.94,25.59,285.99,77.69,2.7,5.89
DRS Saint-Louis,Saint-Louis,Septembre 2021,28.7,32.72,25.8,148.61,78.14,2.38,5.94
DRS Saint-Louis,Saint-Louis,Octobre 2021,28.62,34.16,24.6,7.93,67.59,2.41,5.33
DRS Saint-Louis,Saint-Louis,Novembre 2021,27.38,34.24,22.35,4.92,54.89,2.83,4.82
DRS Saint-Louis,Saint-Louis,Décembre 2021,24.94,32.0,19.5,0.14,40.63,3.42,4.08
DRS Saint-Louis,Saint-Louis,Janvier 2022,24.21,31.45,18.47,0.1,38.19,3.84,4.58
DRS Saint-Louis,Saint-Louis,Février 2022,24.09,31.99,18.08,0.0,37.31,4.53,5.53
DRS Saint-Louis,Saint-Louis,Mars 2022,23.91,32.82,17.45,0.0,46.24,4.67,6.65
DRS Saint-Louis,Saint-Louis,Avril 2022,25.21,34.4,18.92,0.0,54.14,4.94,6.9
DRS Saint-Louis,Saint-Louis,Mai 2022,27.93,36.26,21.86,1.2,53.77,4.02,6.56
DRS Saint-Louis,Saint-Louis,Juin 2022,29.68,36.68,24.54,22.07,58.7,3.8,5.88
DRS Saint-Louis,Saint-Louis,Juillet 2022,28.6,33.44,25.04,127.23,68.88,4.0,5.62
DRS Saint-Louis,Saint-Louis,Août 2022,28.37,31.83,25.62,153.92,76.75,2.97,5.76
DRS Saint-Louis,Saint-Louis,Septembre 2022,28.51,32.01,25.67,116.23,78.68,2.35,5.65
DRS Saint-Louis,Saint-Louis,Octobre 2022,28.79,33.76,25.12,26.36,69.25,2.11,5.6
DRS Saint-Louis,Saint-Louis,Novembre 2022,26.35,33.83,20.09,0.0,43.71,2.69,5.25
DRS Saint-Louis,Saint-Louis,Décembre 2022,24.16,31.82,18.14,8.41,47.44,3.46,5.23
DRS Saint-Louis,Saint-Louis,Janvier 2023,23.15,30.66,17.3,0.53,39.11,3.92,4.8
DRS Saint-Louis,Saint-Louis,Février 2023,23.58,31.89,17.84,0.0,45.23,4.55,5.02
DRS Saint-Louis,Saint-Louis,Mars 2023,27.31,36.52,20.22,0.0,39.86,3.75,6.61
DRS Saint-Louis,Saint-Louis,Avril 2023,27.08,35.53,21.12,0.13,49.92,4.57,6.8
DRS Saint-Louis,Saint-Louis,Mai 2023,28.64,36.48,23.01,0.0,53.38,4.63,6.45
DRS Saint-Louis,Saint-Louis,Juin 2023,29.58,36.65,24.67,0.97,59.85,4.67,6.7
DRS Saint-Louis,Saint-Louis,Juillet 2023,29.7,33.98,26.41,145.6,69.25,3.39,5.75
DRS Saint-Louis,Saint-Louis,Août 2023,28.78,32.38,25.96,242.57,77.08,3.14,5.93
DRS Saint-Louis,Saint-Louis,Septembre 2023,28.41,31.42,26.1,128.41,82.3,2.26,5.82
DRS Saint-Louis,Saint-Louis,Octobre 2023,28.6,33.03,25.42,27.57,75.25,2.21,5.6
DRS Saint-Louis,Saint-Louis,Novembre 2023,26.17,34.38,19.87,0.0,48.97,2.81,5.3
DRS Saint-Louis,Saint-Louis,Décembre 2023,23.88,32.0,17.74,0.0,38.96,3.58,4.91
DRS Saint-Louis,Saint-Louis,Janvier 2024,24.34,32.88,17.9,0.0,36.39,3.3,4.97
DRS Saint-Louis,Saint-Louis,Février 2024,25.95,35.28,18.82,0.0,32.81,3.92,5.71
DRS Saint-Louis,Saint-Louis,Mars 2024,24.81,33.97,18.5,0.0,52.7,4.09,6.6
DRS Saint-Louis,Saint-Louis,Avril 2024,27.33,36.38,20.84,0.38,49.99,4.71,6.64
DRS Saint-Louis,Saint-Louis,Mai 2024,28.34,37.36,22.17,0.0,55.19,4.55,6.87
DRS Saint-Louis,Saint-Louis,Juin 2024,27.87,34.46,23.02,3.62,63.59,4.13,6.31
DRS Saint-Louis,Saint-Louis,Juillet 2024,28.87,33.56,25.4,113.95,70.38,3.9,5.83
DRS Saint-Louis,Saint-Louis,Août 2024,29.33,33.18,26.37,82.95,73.33,3.44,5.75
DRS Saint-Louis,Saint-Louis,Septembre 2024,29.02,32.92,25.94,113.45,72.94,2.91,5.44
DRS Saint-Louis,Saint-Louis,Octobre 2024,29.6,35.18,25.25,31.08,65.05,2.31,5.36
DRS Saint-Louis,Saint-Louis,Novembre 2024,27.33,35.0,21.01,0.0,46.12,2.87,5.33
DRS Saint-Louis,Saint-Louis,Décembre 2024,24.24,30.93,18.8,1.8,37.66,3.86,4.26
DRS Saint-Louis,Saint-Louis,Janvier 2025,22.81,31.25,15.98,0.0,32.79,4.15,5.34
DRS Saint-Louis,Saint-Louis,Février 2025,22.93,31.83,16.15,0.25,37.71,4.36,5.84
DRS Saint-Louis,Saint-Louis,Mars 2025,22.97,31.05,17.88,186.69,61.48,4.98,6.24
DRS Saint-Louis,Saint-Louis,Avril 2025,24.46,32.24,19.3,0.46,67.16,4.74,6.67
DRS Saint-Louis,Saint-Louis,Mai 2025,26.38,34.64,20.9,0.8,62.62,4.61,6.29
DRS Saint-Louis,Saint-Louis,Juin 2025,27.48,33.36,23.02,204.77,72.14,3.47,6.22
DRS Saint-Louis,Saint-Louis,Juillet 2025,27.42,31.18,24.43,264.49,78.19,3.26,5.89
DRS Saint-Louis,Saint-Louis,Août 2025,27.97,31.09,25.42,328.35,83.15,2.49,5.81
DRS Saint-Louis,Saint-Louis,Septembre 2025,28.18,31.24,25.86,122.57,82.98,2.04,5.66
DRS Saint-Louis,Saint-Louis,Octobre 2025,28.44,33.0,24.76,38.36,74.24,2.09,5.97
DRS Saint-Louis,Saint-Louis,Novembre 2025,25.5,30.7,21.41,0.36,65.79,2.55,4.53
DRS Saint-Louis,Saint-Louis,Décembre 2025,20.81,27.17,15.73,0.54,53.75,3.85,4.38
DRS Saint-Louis,Saint-Louis,Janvier 2026,21.85,29.22,16.08,1.73,45.93,4.05,5.0
DRS Saint-Louis,Saint-Louis,Février 2026,24.56,33.78,17.4,0.0,36.91,3.74,5.92
DRS Saint-Louis,Saint-Louis,Mars 2026,23.56,31.25,18.18,0.0,57.71,4.16,6.34
DRS Saint-Louis,Saint-Louis,Avril 2026,26.18,35.12,19.88,0.09,48.86,4.65,6.96
DRS Saint-Louis,Saint-Louis,Mai 2026,27.63,37.07,21.18,0.0,53.29,4.31,6.55
DRS Saint-Louis,Saint-Louis,Juin 2026,29.58,36.74,24.37,2.2,60.15,3.78,5.77
DRS Saint-Louis,Saint-Louis,Juillet 2026,29.47,34.93,25.58,77.07,67.32,3.11,5.42
DRS Saint-Louis,Saint-Louis,Août 2026,29.64,34.58,26.21,3.59,69.78,3.57,6.37
DRS Sedhiou,Bounkiling,Janvier 2021,22.71,30.84,15.44,0.0,54.88,2.42,5.58
DRS Sedhiou,Bounkiling,Février 2021,24.33,32.78,17.12,0.0,49.09,2.19,5.39
DRS Sedhiou,Bounkiling,Mars 2021,26.57,36.25,18.46,1.42,47.9,2.4,6.73
DRS Sedhiou,Bounkiling,Avril 2021,29.91,39.85,21.38,0.0,44.39,2.38,7.05
DRS Sedhiou,Bounkiling,Mai 2021,30.56,39.72,22.64,0.34,43.57,2.63,6.58
DRS Sedhiou,Bounkiling,Juin 2021,28.96,34.48,24.31,175.85,69.63,2.18,5.87
DRS Sedhiou,Bounkiling,Juillet 2021,26.95,30.59,24.07,288.51,85.42,1.8,5.91
DRS Sedhiou,Bounkiling,Août 2021,26.49,29.77,23.99,412.24,88.36,1.78,5.37
DRS Sedhiou,Bounkiling,Septembre 2021,26.76,30.06,23.96,352.09,88.06,1.38,5.68
DRS Sedhiou,Bounkiling,Octobre 2021,26.67,30.25,23.61,122.67,85.54,1.25,5.09
DRS Sedhiou,Bounkiling,Novembre 2021,26.52,31.33,22.01,8.52,76.25,1.3,5.36
DRS Sedhiou,Bounkiling,Décembre 2021,24.02,30.22,18.37,0.0,65.48,1.89,5.01
DRS Sedhiou,Bounkiling,Janvier 2022,22.94,30.55,15.95,0.0,57.96,2.18,5.41
DRS Sedhiou,Bounkiling,Février 2022,23.6,32.59,16.01,0.0,50.74,2.42,6.17
DRS Sedhiou,Bounkiling,Mars 2022,26.4,35.9,18.23,0.0,44.76,2.43,6.45
DRS Sedhiou,Bounkiling,Avril 2022,29.79,39.51,21.18,0.0,41.46,2.61,6.93
DRS Sedhiou,Bounkiling,Mai 2022,30.36,38.64,23.12,62.81,50.67,2.48,6.67
DRS Sedhiou,Bounkiling,Juin 2022,28.16,33.12,24.16,108.77,75.74,2.08,5.91
DRS Sedhiou,Bounkiling,Juillet 2022,26.87,30.29,24.3,436.06,86.77,2.15,5.29
DRS Sedhiou,Bounkiling,Août 2022,26.39,29.51,24.1,454.91,89.74,2.16,4.68
DRS Sedhiou,Bounkiling,Septembre 2022,26.47,29.62,23.91,346.78,89.23,1.58,5.33
DRS Sedhiou,Bounkiling,Octobre 2022,26.63,30.16,23.44,192.56,85.25,1.2,5.48
DRS Sedhiou,Bounkiling,Novembre 2022,24.53,29.99,19.77,0.07,70.98,1.37,5.29
DRS Sedhiou,Bounkiling,Décembre 2022,23.18,29.88,17.19,5.54,69.05,1.78,5.27
DRS Sedhiou,Bounkiling,Janvier 2023,21.95,29.53,15.23,0.0,60.39,2.29,5.41
DRS Sedhiou,Bounkiling,Février 2023,24.25,32.77,17.07,0.0,55.18,2.17,5.76
DRS Sedhiou,Bounkiling,Mars 2023,26.96,36.35,18.89,0.06,54.13,1.92,6.9
DRS Sedhiou,Bounkiling,Avril 2023,30.22,39.22,22.34,0.0,46.49,2.48,6.95
DRS Sedhiou,Bounkiling,Mai 2023,31.52,38.85,25.19,2.58,49.42,2.34,6.26
DRS Sedhiou,Bounkiling,Juin 2023,29.38,34.91,24.93,171.25,70.07,2.39,6.2
DRS Sedhiou,Bounkiling,Juillet 2023,27.53,30.87,24.88,279.62,86.26,1.81,5.79
DRS Sedhiou,Bounkiling,Août 2023,27.25,30.44,24.76,423.92,88.55,1.86,5.27
DRS Sedhiou,Bounkiling,Septembre 2023,27.22,30.33,24.62,300.54,88.42,1.46,5.42
DRS Sedhiou,Bounkiling,Octobre 2023,27.26,30.62,24.41,104.43,86.29,1.19,5.54
DRS Sedhiou,Bounkiling,Novembre 2023,25.77,31.51,20.26,3.12,70.61,1.39,5.71
DRS Sedhiou,Bounkiling,Décembre 2023,23.03,29.61,16.85,0.0,59.97,1.72,5.22
DRS Sedhiou,Bounkiling,Janvier 2024,23.62,31.66,16.41,0.0,56.21,1.89,5.33
DRS Sedhiou,Bounkiling,Février 2024,25.72,34.85,17.75,0.0,48.18,2.09,6.16
DRS Sedhiou,Bounkiling,Mars 2024,27.93,37.97,19.57,0.0,45.72,2.3,6.56
DRS Sedhiou,Bounkiling,Avril 2024,31.26,40.85,22.97,0.02,41.75,2.49,6.82
DRS Sedhiou,Bounkiling,Mai 2024,32.25,40.86,24.75,23.1,46.13,2.67,6.8
DRS Sedhiou,Bounkiling,Juin 2024,28.75,34.66,23.97,106.07,70.91,2.31,6.24
DRS Sedhiou,Bounkiling,Juillet 2024,27.24,30.66,24.71,460.81,87.26,2.3,4.85
DRS Sedhiou,Bounkiling,Août 2024,26.95,30.43,24.37,346.46,88.55,2.08,5.03
DRS Sedhiou,Bounkiling,Septembre 2024,26.77,29.99,24.26,415.84,89.19,1.76,4.86
DRS Sedhiou,Bounkiling,Octobre 2024,26.81,30.25,23.77,244.4,85.63,1.28,5.38
DRS Sedhiou,Bounkiling,Novembre 2024,26.16,31.94,20.87,0.02,72.84,1.33,5.64
DRS Sedhiou,Bounkiling,Décembre 2024,22.41,29.3,16.45,0.91,65.43,2.13,4.69
DRS Sedhiou,Bounkiling,Janvier 2025,22.5,31.05,15.15,0.0,52.55,2.45,5.54
DRS Sedhiou,Bounkiling,Février 2025,24.2,33.58,16.49,0.0,45.35,2.64,6.09
DRS Sedhiou,Bounkiling,Mars 2025,27.26,36.56,19.67,0.97,50.36,2.31,6.59
DRS Sedhiou,Bounkiling,Avril 2025,31.05,40.08,23.15,0.03,43.39,2.66,6.73
DRS Sedhiou,Bounkiling,Mai 2025,31.74,39.61,24.88,10.85,46.14,2.67,6.19
DRS Sedhiou,Bounkiling,Juin 2025,30.46,37.01,24.92,90.17,64.85,2.2,6.3
DRS Sedhiou,Bounkiling,Juillet 2025,27.09,30.7,24.34,285.63,85.61,2.15,5.52
DRS Sedhiou,Bounkiling,Août 2025,26.72,30.09,24.14,555.15,88.64,2.08,4.96
DRS Sedhiou,Bounkiling,Septembre 2025,27.04,30.43,24.18,311.15,87.28,1.54,5.11
DRS Sedhiou,Bounkiling,Octobre 2025,27.57,31.43,24.18,100.96,84.24,1.21,5.82
DRS Sedhiou,Bounkiling,Novembre 2025,25.24,30.16,20.93,7.33,73.53,1.51,4.74
DRS Sedhiou,Bounkiling,Décembre 2025,22.33,29.1,16.34,0.06,60.78,2.16,4.92
DRS Sedhiou,Bounkiling,Janvier 2026,23.4,31.5,16.56,1.71,50.81,2.58,5.25
DRS Sedhiou,Bounkiling,Février 2026,25.06,34.64,16.8,0.0,44.32,2.19,6.0
DRS Sedhiou,Bounkiling,Mars 2026,27.68,36.7,20.02,0.0,45.58,2.71,6.54
DRS Sedhiou,Bounkiling,Avril 2026,30.62,40.4,21.52,0.01,34.17,2.5,7.11
DRS Sedhiou,Bounkiling,Mai 2026,32.05,40.54,24.62,14.71,44.46,2.65,6.61
DRS Sedhiou,Bounkiling,Juin 2026,31.57,38.3,25.79,20.59,55.87,2.53,5.66
DRS Sedhiou,Bounkiling,Juillet 2026,28.48,33.17,25.15,218.75,80.55,1.66,5.18
DRS Sedhiou,Bounkiling,Août 2026,27.58,32.26,24.5,21.5,84.4,1.83,6.7
DRS Sedhiou,Goudomp,Janvier 2021,22.24,30.22,15.25,0.0,61.59,1.9,5.72
DRS Sedhiou,Goudomp,Février 2021,23.78,31.8,17.07,0.0,57.3,1.71,5.58
DRS Sedhiou,Goudomp,Mars 2021,25.9,35.2,18.11,2.46,54.64,1.78,6.79
DRS Sedhiou,Goudomp,Avril 2021,28.87,38.47,20.95,0.0,50.88,1.78,7.13
DRS Sedhiou,Goudomp,Mai 2021,29.99,38.93,22.48,0.84,47.16,1.93,6.53
DRS Sedhiou,Goudomp,Juin 2021,28.52,33.76,24.25,160.04,72.64,1.73,5.69
DRS Sedhiou,Goudomp,Juillet 2021,26.68,30.16,23.99,296.26,86.83,1.46,5.15
DRS Sedhiou,Goudomp,Août 2021,26.25,29.52,23.8,334.01,89.05,1.55,5.01
DRS Sedhiou,Goudomp,Septembre 2021,26.48,29.84,23.77,329.21,88.85,1.2,5.45
DRS Sedhiou,Goudomp,Octobre 2021,26.51,30.0,23.6,139.13,86.95,1.03,4.91
DRS Sedhiou,Goudomp,Novembre 2021,26.5,31.18,22.2,10.13,78.83,1.06,5.26
DRS Sedhiou,Goudomp,Décembre 2021,23.93,30.23,18.39,0.0,69.08,1.51,5.07
DRS Sedhiou,Goudomp,Janvier 2022,22.91,30.69,16.1,0.0,61.69,1.73,5.48
DRS Sedhiou,Goudomp,Février 2022,23.87,33.07,16.24,0.0,53.02,1.92,6.15
DRS Sedhiou,Goudomp,Mars 2022,26.64,36.01,18.5,0.0,46.32,1.94,6.49
DRS Sedhiou,Goudomp,Avril 2022,29.49,39.13,21.17,0.0,44.32,1.99,6.97
DRS Sedhiou,Goudomp,Mai 2022,30.19,38.4,23.29,51.12,52.49,2.04,6.57
DRS Sedhiou,Goudomp,Juin 2022,28.22,33.09,24.41,126.94,75.46,1.76,5.63
DRS Sedhiou,Goudomp,Juillet 2022,26.55,29.79,24.22,575.35,88.57,1.82,4.72
DRS Sedhiou,Goudomp,Août 2022,26.15,29.09,24.07,668.24,90.97,1.89,4.36
DRS Sedhiou,Goudomp,Septembre 2022,26.16,29.17,23.75,423.61,90.83,1.34,4.99
DRS Sedhiou,Goudomp,Octobre 2022,26.46,29.78,23.43,272.75,86.94,0.96,5.34
DRS Sedhiou,Goudomp,Novembre 2022,24.45,29.53,19.97,0.56,75.01,1.1,5.33
DRS Sedhiou,Goudomp,Décembre 2022,23.02,29.36,17.33,7.01,73.31,1.41,5.12
DRS Sedhiou,Goudomp,Janvier 2023,21.71,29.24,15.17,0.0,65.74,1.82,5.51
DRS Sedhiou,Goudomp,Février 2023,23.86,32.09,16.96,0.0,61.38,1.7,5.76
DRS Sedhiou,Goudomp,Mars 2023,26.42,35.35,18.89,0.13,61.06,1.49,6.93
DRS Sedhiou,Goudomp,Avril 2023,29.38,38.17,21.89,0.0,52.59,1.91,6.99
DRS Sedhiou,Goudomp,Mai 2023,30.67,37.75,24.88,4.08,54.81,1.92,6.08
DRS Sedhiou,Goudomp,Juin 2023,28.76,33.86,24.84,199.44,74.21,1.88,5.65
DRS Sedhiou,Goudomp,Juillet 2023,27.15,30.32,24.73,340.17,88.4,1.5,5.17
DRS Sedhiou,Goudomp,Août 2023,26.97,30.11,24.56,499.79,89.63,1.57,4.78
DRS Sedhiou,Goudomp,Septembre 2023,26.99,30.0,24.51,386.46,90.01,1.25,4.94
DRS Sedhiou,Goudomp,Octobre 2023,26.99,30.21,24.32,133.23,88.15,1.0,5.31
DRS Sedhiou,Goudomp,Novembre 2023,25.68,30.83,20.62,8.99,75.12,1.12,5.59
DRS Sedhiou,Goudomp,Décembre 2023,22.93,29.03,17.06,0.01,66.57,1.31,5.21
DRS Sedhiou,Goudomp,Janvier 2024,23.25,30.74,16.38,0.0,62.76,1.48,5.38
DRS Sedhiou,Goudomp,Février 2024,25.12,33.65,17.73,0.0,56.45,1.58,6.09
DRS Sedhiou,Goudomp,Mars 2024,26.92,36.37,19.09,0.0,54.43,1.71,6.59
DRS Sedhiou,Goudomp,Avril 2024,30.08,39.44,22.35,0.0,49.5,1.89,6.9
DRS Sedhiou,Goudomp,Mai 2024,31.53,39.92,24.6,33.16,51.08,2.17,6.76
DRS Sedhiou,Goudomp,Juin 2024,28.52,34.07,24.09,104.27,73.22,1.76,5.82
DRS Sedhiou,Goudomp,Juillet 2024,26.95,30.12,24.64,536.73,88.97,1.92,4.56
DRS Sedhiou,Goudomp,Août 2024,26.66,29.94,24.3,476.28,90.15,1.81,4.52
DRS Sedhiou,Goudomp,Septembre 2024,26.48,29.51,24.14,656.52,90.93,1.52,4.26
DRS Sedhiou,Goudomp,Octobre 2024,26.51,29.63,23.79,399.32,88.04,1.06,5.25
DRS Sedhiou,Goudomp,Novembre 2024,26.2,31.45,21.06,0.17,75.67,1.02,5.67
DRS Sedhiou,Goudomp,Décembre 2024,22.07,28.77,16.32,0.21,71.44,1.69,5.02
DRS Sedhiou,Goudomp,Janvier 2025,21.92,30.16,14.86,0.0,60.59,1.96,5.45
DRS Sedhiou,Goudomp,Février 2025,23.33,32.34,15.82,0.0,53.66,2.06,5.9
DRS Sedhiou,Goudomp,Mars 2025,26.43,35.34,19.27,1.71,57.73,1.72,6.63
DRS Sedhiou,Goudomp,Avril 2025,29.98,38.85,22.61,0.03,50.43,2.04,6.91
DRS Sedhiou,Goudomp,Mai 2025,30.95,38.76,24.56,10.43,51.17,2.2,6.15
DRS Sedhiou,Goudomp,Juin 2025,30.01,36.18,24.94,83.01,67.6,1.83,5.92
DRS Sedhiou,Goudomp,Juillet 2025,26.71,30.04,24.27,378.97,88.0,1.82,4.81
DRS Sedhiou,Goudomp,Août 2025,26.49,29.89,24.05,517.47,89.48,1.78,4.4
DRS Sedhiou,Goudomp,Septembre 2025,26.71,30.02,24.02,389.2,88.77,1.34,4.65
DRS Sedhiou,Goudomp,Octobre 2025,27.31,31.0,24.07,134.87,85.81,0.98,5.55
DRS Sedhiou,Goudomp,Novembre 2025,24.99,29.45,20.97,14.64,78.07,1.22,4.84
DRS Sedhiou,Goudomp,Décembre 2025,21.92,28.23,16.19,0.03,66.84,1.78,4.89
DRS Sedhiou,Goudomp,Janvier 2026,22.72,30.48,16.09,0.75,58.24,2.01,5.25
DRS Sedhiou,Goudomp,Février 2026,24.32,33.54,16.4,0.0,53.82,1.7,5.84
DRS Sedhiou,Goudomp,Mars 2026,26.78,35.6,19.4,0.0,52.89,1.99,6.54
DRS Sedhiou,Goudomp,Avril 2026,29.71,39.49,21.08,0.01,42.19,1.81,7.16
DRS Sedhiou,Goudomp,Mai 2026,30.97,39.3,24.16,35.74,50.51,2.11,6.53
DRS Sedhiou,Goudomp,Juin 2026,30.53,36.64,25.45,22.12,61.78,2.0,5.44
DRS Sedhiou,Goudomp,Juillet 2026,27.99,32.45,24.94,297.11,83.6,1.44,5.15
DRS Sedhiou,Goudomp,Août 2026,27.12,31.48,24.02,36.39,87.07,1.55,6.75
DRS Sedhiou,Sedhiou,Janvier 2021,22.24,30.22,15.25,0.0,61.59,1.9,5.72
DRS Sedhiou,Sedhiou,Février 2021,23.78,31.8,17.07,0.0,57.3,1.71,5.58
DRS Sedhiou,Sedhiou,Mars 2021,25.9,35.2,18.11,2.46,54.64,1.78,6.79
DRS Sedhiou,Sedhiou,Avril 2021,28.87,38.47,20.95,0.0,50.88,1.78,7.13
DRS Sedhiou,Sedhiou,Mai 2021,29.99,38.93,22.48,0.84,47.16,1.93,6.53
DRS Sedhiou,Sedhiou,Juin 2021,28.52,33.76,24.25,160.04,72.64,1.73,5.69
DRS Sedhiou,Sedhiou,Juillet 2021,26.68,30.16,23.99,296.26,86.83,1.46,5.15
DRS Sedhiou,Sedhiou,Août 2021,26.25,29.52,23.8,334.01,89.05,1.55,5.01
DRS Sedhiou,Sedhiou,Septembre 2021,26.48,29.84,23.77,329.21,88.85,1.2,5.45
DRS Sedhiou,Sedhiou,Octobre 2021,26.51,30.0,23.6,139.13,86.95,1.03,4.91
DRS Sedhiou,Sedhiou,Novembre 2021,26.5,31.18,22.2,10.13,78.83,1.06,5.26
DRS Sedhiou,Sedhiou,Décembre 2021,23.93,30.23,18.39,0.0,69.08,1.51,5.07
DRS Sedhiou,Sedhiou,Janvier 2022,22.91,30.69,16.1,0.0,61.69,1.73,5.48
DRS Sedhiou,Sedhiou,Février 2022,23.87,33.07,16.24,0.0,53.02,1.92,6.15
DRS Sedhiou,Sedhiou,Mars 2022,26.64,36.01,18.5,0.0,46.32,1.94,6.49
DRS Sedhiou,Sedhiou,Avril 2022,29.49,39.13,21.17,0.0,44.32,1.99,6.97
DRS Sedhiou,Sedhiou,Mai 2022,30.19,38.4,23.29,51.12,52.49,2.04,6.57
DRS Sedhiou,Sedhiou,Juin 2022,28.22,33.09,24.41,126.94,75.46,1.76,5.63
DRS Sedhiou,Sedhiou,Juillet 2022,26.55,29.79,24.22,575.35,88.57,1.82,4.72
DRS Sedhiou,Sedhiou,Août 2022,26.15,29.09,24.07,668.24,90.97,1.89,4.36
DRS Sedhiou,Sedhiou,Septembre 2022,26.16,29.17,23.75,423.61,90.83,1.34,4.99
DRS Sedhiou,Sedhiou,Octobre 2022,26.46,29.78,23.43,272.75,86.94,0.96,5.34
DRS Sedhiou,Sedhiou,Novembre 2022,24.45,29.53,19.97,0.56,75.01,1.1,5.33
DRS Sedhiou,Sedhiou,Décembre 2022,23.02,29.36,17.33,7.01,73.31,1.41,5.12
DRS Sedhiou,Sedhiou,Janvier 2023,21.71,29.24,15.17,0.0,65.74,1.82,5.51
DRS Sedhiou,Sedhiou,Février 2023,23.86,32.09,16.96,0.0,61.38,1.7,5.76
DRS Sedhiou,Sedhiou,Mars 2023,26.42,35.35,18.89,0.13,61.06,1.49,6.93
DRS Sedhiou,Sedhiou,Avril 2023,29.38,38.17,21.89,0.0,52.59,1.91,6.99
DRS Sedhiou,Sedhiou,Mai 2023,30.67,37.75,24.88,4.08,54.81,1.92,6.08
DRS Sedhiou,Sedhiou,Juin 2023,28.76,33.86,24.84,199.44,74.21,1.88,5.65
DRS Sedhiou,Sedhiou,Juillet 2023,27.15,30.32,24.73,340.17,88.4,1.5,5.17
DRS Sedhiou,Sedhiou,Août 2023,26.97,30.11,24.56,499.79,89.63,1.57,4.78
DRS Sedhiou,Sedhiou,Septembre 2023,26.99,30.0,24.51,386.46,90.01,1.25,4.94
DRS Sedhiou,Sedhiou,Octobre 2023,26.99,30.21,24.32,133.23,88.15,1.0,5.31
DRS Sedhiou,Sedhiou,Novembre 2023,25.68,30.83,20.62,8.99,75.12,1.12,5.59
DRS Sedhiou,Sedhiou,Décembre 2023,22.93,29.03,17.06,0.01,66.57,1.31,5.21
DRS Sedhiou,Sedhiou,Janvier 2024,23.25,30.74,16.38,0.0,62.76,1.48,5.38
DRS Sedhiou,Sedhiou,Février 2024,25.12,33.65,17.73,0.0,56.45,1.58,6.09
DRS Sedhiou,Sedhiou,Mars 2024,26.92,36.37,19.09,0.0,54.43,1.71,6.59
DRS Sedhiou,Sedhiou,Avril 2024,30.08,39.44,22.35,0.0,49.5,1.89,6.9
DRS Sedhiou,Sedhiou,Mai 2024,31.53,39.92,24.6,33.16,51.08,2.17,6.76
DRS Sedhiou,Sedhiou,Juin 2024,28.52,34.07,24.09,104.27,73.22,1.76,5.82
DRS Sedhiou,Sedhiou,Juillet 2024,26.95,30.12,24.64,536.73,88.97,1.92,4.56
DRS Sedhiou,Sedhiou,Août 2024,26.66,29.94,24.3,476.28,90.15,1.81,4.52
DRS Sedhiou,Sedhiou,Septembre 2024,26.48,29.51,24.14,656.52,90.93,1.52,4.26
DRS Sedhiou,Sedhiou,Octobre 2024,26.51,29.63,23.79,399.32,88.04,1.06,5.25
DRS Sedhiou,Sedhiou,Novembre 2024,26.2,31.45,21.06,0.17,75.67,1.02,5.67
DRS Sedhiou,Sedhiou,Décembre 2024,22.07,28.77,16.32,0.21,71.44,1.69,5.02
DRS Sedhiou,Sedhiou,Janvier 2025,21.92,30.16,14.86,0.0,60.59,1.96,5.45
DRS Sedhiou,Sedhiou,Février 2025,23.33,32.34,15.82,0.0,53.66,2.06,5.9
DRS Sedhiou,Sedhiou,Mars 2025,26.43,35.34,19.27,1.71,57.73,1.72,6.63
DRS Sedhiou,Sedhiou,Avril 2025,29.98,38.85,22.61,0.03,50.43,2.04,6.91
DRS Sedhiou,Sedhiou,Mai 2025,30.95,38.76,24.56,10.43,51.17,2.2,6.15
DRS Sedhiou,Sedhiou,Juin 2025,30.01,36.18,24.94,83.01,67.6,1.83,5.92
DRS Sedhiou,Sedhiou,Juillet 2025,26.71,30.04,24.27,378.97,88.0,1.82,4.81
DRS Sedhiou,Sedhiou,Août 2025,26.49,29.89,24.05,517.47,89.48,1.78,4.4
DRS Sedhiou,Sedhiou,Septembre 2025,26.71,30.02,24.02,389.2,88.77,1.34,4.65
DRS Sedhiou,Sedhiou,Octobre 2025,27.31,31.0,24.07,134.87,85.81,0.98,5.55
DRS Sedhiou,Sedhiou,Novembre 2025,24.99,29.45,20.97,14.64,78.07,1.22,4.84
DRS Sedhiou,Sedhiou,Décembre 2025,21.92,28.23,16.19,0.03,66.84,1.78,4.89
DRS Sedhiou,Sedhiou,Janvier 2026,22.72,30.48,16.09,0.75,58.24,2.01,5.25
DRS Sedhiou,Sedhiou,Février 2026,24.32,33.54,16.4,0.0,53.82,1.7,5.84
DRS Sedhiou,Sedhiou,Mars 2026,26.78,35.6,19.4,0.0,52.89,1.99,6.54
DRS Sedhiou,Sedhiou,Avril 2026,29.71,39.49,21.08,0.01,42.19,1.81,7.16
DRS Sedhiou,Sedhiou,Mai 2026,30.97,39.3,24.16,35.74,50.51,2.11,6.53
DRS Sedhiou,Sedhiou,Juin 2026,30.53,36.64,25.45,22.12,61.78,2.0,5.44
DRS Sedhiou,Sedhiou,Juillet 2026,27.99,32.45,24.94,297.11,83.6,1.44,5.15
DRS Sedhiou,Sedhiou,Août 2026,27.12,31.48,24.02,36.39,87.07,1.55,6.75
DRS Tambacounda,Bakel,Janvier 2021,22.48,32.3,15.21,0.0,39.12,3.35,5.75
DRS Tambacounda,Bakel,Février 2021,26.03,35.47,18.31,0.04,24.34,3.01,5.69
DRS Tambacounda,Bakel,Mars 2021,30.69,39.51,22.37,0.0,16.87,3.02,6.81
DRS Tambacounda,Bakel,Avril 2021,34.76,43.28,25.82,0.0,14.57,2.65,7.18
DRS Tambacounda,Bakel,Mai 2021,36.23,43.29,29.01,0.41,19.4,3.0,6.58
DRS Tambacounda,Bakel,Juin 2021,33.47,39.27,28.21,202.56,46.75,2.86,6.19
DRS Tambacounda,Bakel,Juillet 2021,28.94,33.66,25.17,178.92,73.43,2.72,5.95
DRS Tambacounda,Bakel,Août 2021,27.43,30.94,24.42,428.56,84.96,2.01,5.4
DRS Tambacounda,Bakel,Septembre 2021,27.64,31.26,24.45,275.63,84.28,1.55,5.89
DRS Tambacounda,Bakel,Octobre 2021,27.53,32.07,23.42,47.31,78.09,1.46,5.6
DRS Tambacounda,Bakel,Novembre 2021,25.5,31.52,20.01,1.57,66.28,1.85,5.35
DRS Tambacounda,Bakel,Décembre 2021,22.53,30.42,16.58,0.03,49.54,2.91,4.92
DRS Tambacounda,Bakel,Janvier 2022,23.72,32.91,16.3,0.0,27.77,3.43,5.47
DRS Tambacounda,Bakel,Février 2022,26.74,36.23,18.62,0.0,16.61,3.45,6.19
DRS Tambacounda,Bakel,Mars 2022,30.44,39.57,21.91,0.0,14.14,3.23,6.48
DRS Tambacounda,Bakel,Avril 2022,34.25,42.59,25.98,0.0,14.98,3.31,7.05
DRS Tambacounda,Bakel,Mai 2022,35.0,42.09,27.63,51.15,23.89,2.7,6.76
DRS Tambacounda,Bakel,Juin 2022,32.0,37.66,26.94,83.97,54.37,2.88,6.12
DRS Tambacounda,Bakel,Juillet 2022,29.49,34.03,25.6,182.91,69.84,2.9,5.5
DRS Tambacounda,Bakel,Août 2022,27.4,31.0,24.23,880.1,83.41,2.14,5.05
DRS Tambacounda,Bakel,Septembre 2022,27.02,30.23,24.03,317.9,86.65,1.47,5.44
DRS Tambacounda,Bakel,Octobre 2022,26.56,30.89,22.7,69.0,80.79,1.52,5.41
DRS Tambacounda,Bakel,Novembre 2022,22.0,28.8,15.65,0.02,65.01,2.03,5.33
DRS Tambacounda,Bakel,Décembre 2022,21.97,30.06,15.34,0.67,56.78,2.48,5.12
DRS Tambacounda,Bakel,Janvier 2023,22.19,31.39,14.91,0.0,35.96,3.05,5.4
DRS Tambacounda,Bakel,Février 2023,26.97,36.34,19.23,0.0,24.84,3.04,5.78
DRS Tambacounda,Bakel,Mars 2023,31.24,40.53,22.51,0.11,15.88,2.86,6.95
DRS Tambacounda,Bakel,Avril 2023,33.62,41.74,25.5,0.02,19.61,3.56,7.08
DRS Tambacounda,Bakel,Mai 2023,35.44,41.88,28.89,9.37,26.09,2.96,6.26
DRS Tambacounda,Bakel,Juin 2023,33.65,39.55,28.18,120.98,46.9,2.98,6.53
DRS Tambacounda,Bakel,Juillet 2023,29.22,33.24,25.68,229.59,76.6,2.14,6.05
DRS Tambacounda,Bakel,Août 2023,28.6,32.69,25.07,215.16,79.81,2.27,5.52
DRS Tambacounda,Bakel,Septembre 2023,28.31,32.31,24.96,86.21,81.49,1.81,5.65
DRS Tambacounda,Bakel,Octobre 2023,28.7,33.77,24.4,25.87,72.06,1.49,5.38
DRS Tambacounda,Bakel,Novembre 2023,27.18,36.91,19.37,0.02,34.05,2.14,5.62
DRS Tambacounda,Bakel,Décembre 2023,25.48,34.77,18.15,0.0,18.25,3.54,5.22
DRS Tambacounda,Bakel,Janvier 2024,26.41,36.19,18.36,0.0,13.53,3.49,5.43
DRS Tambacounda,Bakel,Février 2024,28.54,38.46,20.04,0.0,10.12,3.66,6.15
DRS Tambacounda,Bakel,Mars 2024,31.97,41.12,23.36,0.0,13.47,2.86,6.48
DRS Tambacounda,Bakel,Avril 2024,35.34,43.44,27.17,0.6,17.52,3.13,6.89
DRS Tambacounda,Bakel,Mai 2024,37.08,44.19,29.57,16.7,21.33,2.7,6.97
DRS Tambacounda,Bakel,Juin 2024,34.5,41.19,28.55,19.18,40.23,3.54,6.39
DRS Tambacounda,Bakel,Juillet 2024,29.21,33.22,25.81,424.83,75.85,2.65,4.95
DRS Tambacounda,Bakel,Août 2024,27.8,31.34,24.86,265.28,84.45,2.43,5.26
DRS Tambacounda,Bakel,Septembre 2024,27.06,30.28,24.48,210.94,86.56,1.93,5.08
DRS Tambacounda,Bakel,Octobre 2024,27.1,31.77,23.08,36.02,79.54,1.63,5.54
DRS Tambacounda,Bakel,Novembre 2024,23.29,31.31,17.38,0.0,69.27,2.31,5.74
DRS Tambacounda,Bakel,Décembre 2024,21.11,29.67,14.81,0.0,51.0,3.25,4.67
DRS Tambacounda,Bakel,Janvier 2025,22.57,32.28,14.97,0.0,29.87,3.54,5.52
DRS Tambacounda,Bakel,Février 2025,26.69,36.13,18.65,0.0,18.69,3.53,6.01
DRS Tambacounda,Bakel,Mars 2025,32.1,40.52,24.13,70.81,18.79,2.96,6.64
DRS Tambacounda,Bakel,Avril 2025,34.61,42.23,27.05,0.98,24.58,3.17,6.76
DRS Tambacounda,Bakel,Mai 2025,36.75,43.11,30.18,51.66,25.58,2.71,6.03
DRS Tambacounda,Bakel,Juin 2025,31.23,36.79,26.06,896.81,60.73,2.49,6.36
DRS Tambacounda,Bakel,Juillet 2025,28.07,31.96,24.62,352.56,80.8,2.54,5.57
DRS Tambacounda,Bakel,Août 2025,27.71,31.61,24.36,201.49,82.5,1.93,5.19
DRS Tambacounda,Bakel,Septembre 2025,28.01,32.34,24.33,81.29,80.71,1.75,5.23
DRS Tambacounda,Bakel,Octobre 2025,27.96,34.77,22.62,56.88,68.46,1.52,5.92
DRS Tambacounda,Bakel,Novembre 2025,26.63,34.6,20.26,0.16,39.37,2.29,4.9
DRS Tambacounda,Bakel,Décembre 2025,24.29,32.47,17.77,0.0,28.63,3.14,4.9
DRS Tambacounda,Bakel,Janvier 2026,25.81,34.53,18.56,1.65,19.68,3.74,5.11
DRS Tambacounda,Bakel,Février 2026,27.8,37.72,19.29,0.0,11.89,3.55,6.16
DRS Tambacounda,Bakel,Mars 2026,31.31,39.22,23.76,0.0,20.93,3.24,6.39
DRS Tambacounda,Bakel,Avril 2026,33.2,41.76,24.68,0.01,12.58,3.6,7.28
DRS Tambacounda,Bakel,Mai 2026,37.34,43.88,30.29,3.66,20.2,2.79,6.66
DRS Tambacounda,Bakel,Juin 2026,34.46,40.56,28.57,46.17,40.01,2.81,6.03
DRS Tambacounda,Bakel,Juillet 2026,32.76,38.13,27.71,135.42,53.28,2.25,5.64
DRS Tambacounda,Bakel,Août 2026,31.3,36.53,26.23,7.85,61.07,2.46,6.81
DRS Tambacounda,Diankhe Makhan,Janvier 2021,27.2,37.56,18.24,0.0,23.63,3.56,5.8
DRS Tambacounda,Diankhe Makhan,Février 2021,29.18,38.62,20.61,0.0,16.84,3.05,5.81
DRS Tambacounda,Diankhe Makhan,Mars 2021,32.13,41.06,23.3,0.0,17.14,2.99,6.79
DRS Tambacounda,Diankhe Makhan,Avril 2021,34.65,42.94,26.12,0.0,20.22,2.43,7.05
DRS Tambacounda,Diankhe Makhan,Mai 2021,35.44,42.61,28.16,5.6,26.31,2.82,6.34
DRS Tambacounda,Diankhe Makhan,Juin 2021,30.74,35.8,26.3,271.08,62.98,2.55,5.87
DRS Tambacounda,Diankhe Makhan,Juillet 2021,26.68,30.01,23.97,438.03,86.72,2.24,5.47
DRS Tambacounda,Diankhe Makhan,Août 2021,26.06,29.07,23.55,401.47,90.3,1.84,5.29
DRS Tambacounda,Diankhe Makhan,Septembre 2021,26.79,30.06,23.73,243.1,87.57,1.33,5.72
DRS Tambacounda,Diankhe Makhan,Octobre 2021,26.89,30.77,23.4,119.73,83.7,1.11,5.31
DRS Tambacounda,Diankhe Makhan,Novembre 2021,25.76,31.23,20.6,1.26,72.02,1.4,5.41
DRS Tambacounda,Diankhe Makhan,Décembre 2021,23.92,32.59,17.17,0.0,53.79,2.4,5.05
DRS Tambacounda,Diankhe Makhan,Janvier 2022,25.82,35.78,17.29,0.0,26.68,3.22,5.59
DRS Tambacounda,Diankhe Makhan,Février 2022,28.53,38.66,19.33,0.0,16.93,3.19,6.22
DRS Tambacounda,Diankhe Makhan,Mars 2022,31.89,40.9,22.96,0.0,14.48,2.66,6.54
DRS Tambacounda,Diankhe Makhan,Avril 2022,34.8,43.07,26.38,0.07,17.95,2.75,7.02
DRS Tambacounda,Diankhe Makhan,Mai 2022,33.67,40.88,26.49,87.58,35.05,2.57,6.47
DRS Tambacounda,Diankhe Makhan,Juin 2022,29.0,34.01,24.83,182.87,72.32,2.45,5.93
DRS Tambacounda,Diankhe Makhan,Juillet 2022,27.04,30.78,24.05,102.1,83.98,2.42,5.08
DRS Tambacounda,Diankhe Makhan,Août 2022,26.3,29.81,23.28,472.25,87.19,2.15,4.91
DRS Tambacounda,Diankhe Makhan,Septembre 2022,26.21,29.17,23.45,389.36,89.08,1.38,5.23
DRS Tambacounda,Diankhe Makhan,Octobre 2022,26.56,30.57,22.87,47.53,82.29,1.19,5.4
DRS Tambacounda,Diankhe Makhan,Novembre 2022,23.91,30.83,17.88,0.13,66.45,1.5,5.38
DRS Tambacounda,Diankhe Makhan,Décembre 2022,24.43,33.63,17.18,0.18,51.01,2.22,5.1
DRS Tambacounda,Diankhe Makhan,Janvier 2023,26.28,36.54,17.7,0.0,23.51,3.2,5.54
DRS Tambacounda,Diankhe Makhan,Février 2023,30.19,39.83,21.31,0.0,17.57,2.79,5.86
DRS Tambacounda,Diankhe Makhan,Mars 2023,32.27,41.62,22.89,0.12,18.23,2.58,6.96
DRS Tambacounda,Diankhe Makhan,Avril 2023,34.31,42.64,26.02,0.37,20.88,2.94,7.04
DRS Tambacounda,Diankhe Makhan,Mai 2023,34.1,40.69,27.95,14.94,38.97,3.14,6.04
DRS Tambacounda,Diankhe Makhan,Juin 2023,30.74,36.6,25.9,142.55,63.91,3.1,6.16
DRS Tambacounda,Diankhe Makhan,Juillet 2023,27.8,31.41,24.61,241.72,83.25,1.76,5.76
DRS Tambacounda,Diankhe Makhan,Août 2023,27.23,30.85,24.11,64.19,86.03,1.92,5.44
DRS Tambacounda,Diankhe Makhan,Septembre 2023,27.93,32.06,24.44,84.13,81.51,1.49,5.39
DRS Tambacounda,Diankhe Makhan,Octobre 2023,28.47,33.78,24.26,51.58,74.4,1.46,5.26
DRS Tambacounda,Diankhe Makhan,Novembre 2023,28.75,38.19,20.76,0.14,41.91,1.72,5.58
DRS Tambacounda,Diankhe Makhan,Décembre 2023,27.51,37.64,19.1,0.0,17.53,2.73,5.32
DRS Tambacounda,Diankhe Makhan,Janvier 2024,28.16,38.06,19.45,0.0,15.76,2.67,5.51
DRS Tambacounda,Diankhe Makhan,Février 2024,30.04,40.39,20.71,0.0,10.22,3.1,6.21
DRS Tambacounda,Diankhe Makhan,Mars 2024,33.11,42.51,23.83,0.0,14.59,2.52,6.49
DRS Tambacounda,Diankhe Makhan,Avril 2024,35.71,43.82,27.47,0.03,19.94,3.0,6.89
DRS Tambacounda,Diankhe Makhan,Mai 2024,35.96,43.23,28.7,24.8,32.02,2.98,6.78
DRS Tambacounda,Diankhe Makhan,Juin 2024,30.16,35.89,25.49,186.41,66.21,2.86,6.03
DRS Tambacounda,Diankhe Makhan,Juillet 2024,27.38,31.03,24.45,324.66,84.94,2.41,4.68
DRS Tambacounda,Diankhe Makhan,Août 2024,26.56,29.54,24.04,374.44,89.81,2.31,4.91
DRS Tambacounda,Diankhe Makhan,Septembre 2024,26.32,29.4,23.68,407.41,89.72,1.77,4.75
DRS Tambacounda,Diankhe Makhan,Octobre 2024,26.62,30.46,23.0,100.25,84.41,1.27,5.16
DRS Tambacounda,Diankhe Makhan,Novembre 2024,24.57,31.97,18.64,0.0,70.68,1.69,5.75
DRS Tambacounda,Diankhe Makhan,Décembre 2024,23.15,32.84,15.83,0.0,52.52,2.81,4.91
DRS Tambacounda,Diankhe Makhan,Janvier 2025,26.28,36.36,17.79,0.0,25.52,3.38,5.53
DRS Tambacounda,Diankhe Makhan,Février 2025,28.99,38.62,20.2,0.0,17.84,3.44,5.96
DRS Tambacounda,Diankhe Makhan,Mars 2025,33.54,41.89,25.15,0.22,19.31,2.73,6.65
DRS Tambacounda,Diankhe Makhan,Avril 2025,35.62,43.16,28.18,0.43,24.35,3.02,6.68
DRS Tambacounda,Diankhe Makhan,Mai 2025,35.24,41.76,28.82,27.12,34.99,3.11,5.97
DRS Tambacounda,Diankhe Makhan,Juin 2025,32.52,38.7,26.68,57.16,53.76,2.5,6.25
DRS Tambacounda,Diankhe Makhan,Juillet 2025,28.82,33.97,24.54,50.84,71.95,2.74,5.15
DRS Tambacounda,Diankhe Makhan,Août 2025,28.72,34.16,24.31,60.0,71.55,2.13,5.06
DRS Tambacounda,Diankhe Makhan,Septembre 2025,29.72,35.99,24.62,65.09,67.05,1.96,5.26
DRS Tambacounda,Diankhe Makhan,Octobre 2025,30.04,37.45,24.16,54.22,63.61,1.61,5.57
DRS Tambacounda,Diankhe Makhan,Novembre 2025,29.6,38.0,22.66,0.66,37.05,2.12,5.0
DRS Tambacounda,Diankhe Makhan,Décembre 2025,27.56,36.05,20.22,0.0,20.32,2.94,4.91
DRS Tambacounda,Diankhe Makhan,Janvier 2026,28.29,37.51,20.18,0.2,17.91,3.52,5.27
DRS Tambacounda,Diankhe Makhan,Février 2026,29.71,39.77,20.49,0.0,11.73,3.07,6.07
DRS Tambacounda,Diankhe Makhan,Mars 2026,32.68,40.45,24.92,0.0,20.53,2.86,6.47
DRS Tambacounda,Diankhe Makhan,Avril 2026,34.21,42.9,25.28,0.0,12.94,3.0,7.24
DRS Tambacounda,Diankhe Makhan,Mai 2026,36.05,42.74,29.39,21.67,30.56,2.59,6.45
DRS Tambacounda,Diankhe Makhan,Juin 2026,31.85,37.62,26.52,99.97,57.01,2.21,6.0
DRS Tambacounda,Diankhe Makhan,Juillet 2026,30.82,37.04,25.55,192.35,65.84,1.79,5.24
DRS Tambacounda,Diankhe Makhan,Août 2026,29.63,35.37,24.5,18.51,72.26,1.91,6.71
DRS Tambacounda,Goudiry,Janvier 2021,26.28,36.67,17.65,0.0,25.56,3.77,5.75
DRS Tambacounda,Goudiry,Février 2021,28.62,37.97,20.23,0.0,16.94,3.28,5.69
DRS Tambacounda,Goudiry,Mars 2021,31.86,40.83,23.1,0.0,16.15,3.17,6.81
DRS Tambacounda,Goudiry,Avril 2021,34.95,43.38,26.21,0.0,17.12,2.38,7.18
DRS Tambacounda,Goudiry,Mai 2021,36.0,43.19,28.63,0.66,21.55,2.93,6.58
DRS Tambacounda,Goudiry,Juin 2021,31.9,37.33,27.17,165.75,55.73,2.92,6.19
DRS Tambacounda,Goudiry,Juillet 2021,27.32,31.2,24.29,211.66,82.82,2.49,5.95
DRS Tambacounda,Goudiry,Août 2021,26.46,29.75,23.76,330.19,88.7,1.88,5.4
DRS Tambacounda,Goudiry,Septembre 2021,26.98,30.32,23.96,225.27,87.12,1.38,5.89
DRS Tambacounda,Goudiry,Octobre 2021,27.18,31.24,23.48,90.06,81.63,1.2,5.6
DRS Tambacounda,Goudiry,Novembre 2021,25.89,31.74,20.59,0.38,69.82,1.56,5.35
DRS Tambacounda,Goudiry,Décembre 2021,24.14,32.79,17.27,0.0,48.19,2.59,4.92
DRS Tambacounda,Goudiry,Janvier 2022,25.63,35.34,17.38,0.0,23.86,3.4,5.47
DRS Tambacounda,Goudiry,Février 2022,28.12,38.05,19.22,0.0,16.26,3.34,6.19
DRS Tambacounda,Goudiry,Mars 2022,31.64,40.82,22.77,0.0,13.58,2.87,6.48
DRS Tambacounda,Goudiry,Avril 2022,34.8,43.17,26.28,0.05,15.78,2.91,7.05
DRS Tambacounda,Goudiry,Mai 2022,34.26,41.61,26.92,81.37,30.06,2.57,6.76
DRS Tambacounda,Goudiry,Juin 2022,30.23,35.86,25.52,110.49,65.12,2.72,6.12
DRS Tambacounda,Goudiry,Juillet 2022,28.01,32.33,24.52,86.98,77.82,2.6,5.5
DRS Tambacounda,Goudiry,Août 2022,26.95,30.78,23.66,443.79,83.88,2.18,5.05
DRS Tambacounda,Goudiry,Septembre 2022,26.46,29.54,23.58,208.75,88.38,1.36,5.44
DRS Tambacounda,Goudiry,Octobre 2022,26.68,30.88,22.9,50.87,81.9,1.25,5.41
DRS Tambacounda,Goudiry,Novembre 2022,23.47,30.66,17.32,0.1,65.13,1.66,5.33
DRS Tambacounda,Goudiry,Décembre 2022,24.29,33.51,16.99,0.44,48.55,2.41,5.12
DRS Tambacounda,Goudiry,Janvier 2023,25.45,35.43,17.31,0.0,24.01,3.34,5.4
DRS Tambacounda,Goudiry,Février 2023,29.68,39.38,21.09,0.0,17.51,3.19,5.78
DRS Tambacounda,Goudiry,Mars 2023,32.15,41.57,22.86,0.38,16.05,2.65,6.95
DRS Tambacounda,Goudiry,Avril 2023,34.27,42.65,25.71,0.0,19.64,3.31,7.08
DRS Tambacounda,Goudiry,Mai 2023,35.09,41.69,28.73,6.9,32.36,3.21,6.26
DRS Tambacounda,Goudiry,Juin 2023,32.13,38.15,26.94,113.68,55.76,3.13,6.53
DRS Tambacounda,Goudiry,Juillet 2023,28.08,31.69,24.89,279.22,82.21,1.93,6.05
DRS Tambacounda,Goudiry,Août 2023,27.61,31.46,24.41,62.11,84.47,2.08,5.52
DRS Tambacounda,Goudiry,Septembre 2023,28.44,32.85,24.78,63.09,78.71,1.62,5.65
DRS Tambacounda,Goudiry,Octobre 2023,29.54,35.42,24.85,34.21,67.66,1.64,5.38
DRS Tambacounda,Goudiry,Novembre 2023,29.12,38.91,20.86,0.06,32.64,1.99,5.62
DRS Tambacounda,Goudiry,Décembre 2023,27.11,37.12,18.74,0.0,16.19,3.19,5.22
DRS Tambacounda,Goudiry,Janvier 2024,27.85,37.89,19.23,0.0,13.97,3.01,5.43
DRS Tambacounda,Goudiry,Février 2024,29.66,40.08,20.52,0.0,9.94,3.43,6.15
DRS Tambacounda,Goudiry,Mars 2024,32.94,42.39,23.88,0.0,13.38,2.76,6.48
DRS Tambacounda,Goudiry,Avril 2024,35.89,44.04,27.56,0.03,18.52,3.05,6.89
DRS Tambacounda,Goudiry,Mai 2024,36.66,43.93,29.2,13.33,26.73,2.91,6.97
DRS Tambacounda,Goudiry,Juin 2024,31.7,37.98,26.42,147.77,57.16,3.06,6.39
DRS Tambacounda,Goudiry,Juillet 2024,27.88,31.69,24.85,258.36,82.66,2.53,4.95
DRS Tambacounda,Goudiry,Août 2024,26.88,30.01,24.3,288.1,88.64,2.34,5.26
DRS Tambacounda,Goudiry,Septembre 2024,26.56,29.68,23.94,374.0,89.06,1.75,5.08
DRS Tambacounda,Goudiry,Octobre 2024,26.89,30.92,23.15,72.43,83.18,1.35,5.54
DRS Tambacounda,Goudiry,Novembre 2024,24.49,32.09,18.48,0.0,69.31,1.72,5.74
DRS Tambacounda,Goudiry,Décembre 2024,23.02,32.39,15.98,0.0,49.09,2.91,4.67
DRS Tambacounda,Goudiry,Janvier 2025,25.34,35.33,17.14,0.0,25.34,3.5,5.52
DRS Tambacounda,Goudiry,Février 2025,28.37,38.01,19.83,0.0,17.51,3.52,6.01
DRS Tambacounda,Goudiry,Mars 2025,33.36,41.86,25.08,0.16,18.08,2.95,6.64
DRS Tambacounda,Goudiry,Avril 2025,35.67,43.24,27.97,0.96,22.82,3.23,6.76
DRS Tambacounda,Goudiry,Mai 2025,35.64,42.15,29.22,36.39,31.91,2.89,6.03
DRS Tambacounda,Goudiry,Juin 2025,33.73,39.91,27.67,25.45,46.68,2.61,6.36
DRS Tambacounda,Goudiry,Juillet 2025,29.83,35.08,25.29,51.5,66.44,2.88,5.57
DRS Tambacounda,Goudiry,Août 2025,29.31,34.78,24.75,60.83,68.85,2.14,5.19
DRS Tambacounda,Goudiry,Septembre 2025,30.28,36.53,25.12,51.41,64.35,2.01,5.23
DRS Tambacounda,Goudiry,Octobre 2025,31.09,38.76,24.71,37.76,55.28,1.68,5.92
DRS Tambacounda,Goudiry,Novembre 2025,29.82,38.18,22.77,0.33,29.81,2.29,4.9
DRS Tambacounda,Goudiry,Décembre 2025,27.0,35.39,19.9,0.0,20.67,3.25,4.9
DRS Tambacounda,Goudiry,Janvier 2026,27.74,36.86,19.93,0.43,17.73,3.78,5.11
DRS Tambacounda,Goudiry,Février 2026,29.22,39.34,20.2,0.0,11.35,3.32,6.16
DRS Tambacounda,Goudiry,Mars 2026,32.32,40.29,24.66,0.01,20.32,3.09,6.39
DRS Tambacounda,Goudiry,Avril 2026,34.03,42.82,25.07,0.0,12.43,3.39,7.28
DRS Tambacounda,Goudiry,Mai 2026,36.97,43.61,30.07,7.72,25.34,2.63,6.66
DRS Tambacounda,Goudiry,Juin 2026,32.53,38.42,27.06,111.47,52.32,2.36,6.03
DRS Tambacounda,Goudiry,Juillet 2026,31.51,37.45,26.25,176.05,61.76,1.95,5.64
DRS Tambacounda,Goudiry,Août 2026,30.39,36.14,25.09,11.02,68.04,2.05,6.81
DRS Tambacounda,Kidira,Janvier 2021,24.83,35.13,16.75,0.0,28.33,3.66,5.75
DRS Tambacounda,Kidira,Février 2021,27.8,37.13,19.78,0.0,17.61,3.26,5.69
DRS Tambacounda,Kidira,Mars 2021,31.33,40.26,22.75,0.0,15.86,3.13,6.81
DRS Tambacounda,Kidira,Avril 2021,34.97,43.49,26.15,0.0,15.2,2.53,7.18
DRS Tambacounda,Kidira,Mai 2021,36.17,43.33,28.86,0.3,19.66,3.01,6.58
DRS Tambacounda,Kidira,Juin 2021,33.55,39.45,28.22,85.84,45.93,3.14,6.19
DRS Tambacounda,Kidira,Juillet 2021,29.19,34.12,25.26,105.51,70.51,2.87,5.95
DRS Tambacounda,Kidira,Août 2021,27.23,31.06,24.15,261.25,84.38,1.96,5.4
DRS Tambacounda,Kidira,Septembre 2021,27.35,30.96,24.1,204.59,84.63,1.45,5.89
DRS Tambacounda,Kidira,Octobre 2021,27.51,32.04,23.4,45.41,78.21,1.35,5.6
DRS Tambacounda,Kidira,Novembre 2021,26.77,33.62,20.75,0.33,60.73,1.74,5.35
DRS Tambacounda,Kidira,Décembre 2021,24.44,33.34,17.79,0.0,40.43,2.94,4.92
DRS Tambacounda,Kidira,Janvier 2022,25.26,34.75,17.37,0.0,21.7,3.55,5.47
DRS Tambacounda,Kidira,Février 2022,27.59,37.38,18.91,0.0,15.1,3.37,6.19
DRS Tambacounda,Kidira,Mars 2022,31.04,40.28,22.3,0.0,13.47,3.09,6.48
DRS Tambacounda,Kidira,Avril 2022,34.49,42.93,25.92,0.0,14.92,3.14,7.05
DRS Tambacounda,Kidira,Mai 2022,34.92,42.19,27.36,61.69,25.32,2.65,6.76
DRS Tambacounda,Kidira,Juin 2022,31.62,37.49,26.49,52.7,56.04,2.94,6.12
DRS Tambacounda,Kidira,Juillet 2022,28.96,33.55,25.1,137.39,72.2,2.78,5.5
DRS Tambacounda,Kidira,Août 2022,27.12,30.77,23.89,363.12,83.32,2.11,5.05
DRS Tambacounda,Kidira,Septembre 2022,26.71,30.03,23.66,167.88,87.07,1.35,5.44
DRS Tambacounda,Kidira,Octobre 2022,26.63,31.08,22.73,75.25,80.81,1.36,5.41
DRS Tambacounda,Kidira,Novembre 2022,22.69,30.1,16.4,0.06,64.76,1.84,5.33
DRS Tambacounda,Kidira,Décembre 2022,23.17,32.29,16.16,2.95,52.08,2.42,5.12
DRS Tambacounda,Kidira,Janvier 2023,23.45,33.28,15.86,0.0,30.19,3.17,5.4
DRS Tambacounda,Kidira,Février 2023,28.41,38.13,20.25,0.0,19.91,3.18,5.78
DRS Tambacounda,Kidira,Mars 2023,31.64,41.06,22.6,0.03,15.38,2.74,6.95
DRS Tambacounda,Kidira,Avril 2023,33.87,42.22,25.45,0.0,19.26,3.44,7.08
DRS Tambacounda,Kidira,Mai 2023,35.61,42.08,29.05,3.58,27.5,3.08,6.26
DRS Tambacounda,Kidira,Juin 2023,33.35,39.43,27.83,74.21,48.21,3.19,6.53
DRS Tambacounda,Kidira,Juillet 2023,29.38,33.61,25.64,176.41,73.58,2.17,6.05
DRS Tambacounda,Kidira,Août 2023,29.09,33.76,25.14,123.59,74.79,2.35,5.52
DRS Tambacounda,Kidira,Septembre 2023,28.68,33.14,24.96,67.18,77.36,1.76,5.65
DRS Tambacounda,Kidira,Octobre 2023,29.62,35.38,24.85,42.79,65.93,1.64,5.38
DRS Tambacounda,Kidira,Novembre 2023,28.34,38.31,20.15,0.09,31.08,2.11,5.62
DRS Tambacounda,Kidira,Décembre 2023,26.29,35.86,18.48,0.0,16.05,3.42,5.22
DRS Tambacounda,Kidira,Janvier 2024,26.97,37.15,18.47,0.0,13.47,3.25,5.43
DRS Tambacounda,Kidira,Février 2024,28.92,39.22,20.07,0.0,9.87,3.54,6.15
DRS Tambacounda,Kidira,Mars 2024,32.38,41.8,23.46,0.0,13.16,2.84,6.48
DRS Tambacounda,Kidira,Avril 2024,35.64,43.86,27.26,0.06,17.45,3.06,6.89
DRS Tambacounda,Kidira,Mai 2024,36.87,44.16,29.33,19.06,23.6,2.8,6.97
DRS Tambacounda,Kidira,Juin 2024,32.87,39.54,27.09,66.99,49.2,3.3,6.39
DRS Tambacounda,Kidira,Juillet 2024,29.16,33.64,25.6,174.84,74.59,2.65,4.95
DRS Tambacounda,Kidira,Août 2024,27.63,31.45,24.6,219.4,83.75,2.43,5.26
DRS Tambacounda,Kidira,Septembre 2024,26.93,30.41,24.18,237.8,86.58,1.82,5.08
DRS Tambacounda,Kidira,Octobre 2024,27.18,31.78,23.13,46.48,79.79,1.48,5.54
DRS Tambacounda,Kidira,Novembre 2024,25.0,33.82,18.49,0.0,61.74,1.97,5.74
DRS Tambacounda,Kidira,Décembre 2024,23.21,32.64,16.22,0.0,42.09,3.26,4.67
DRS Tambacounda,Kidira,Janvier 2025,24.45,34.33,16.4,0.0,23.79,3.66,5.52
DRS Tambacounda,Kidira,Février 2025,27.67,37.25,19.43,0.0,16.7,3.57,6.01
DRS Tambacounda,Kidira,Mars 2025,32.85,41.45,24.64,0.81,17.37,3.02,6.64
DRS Tambacounda,Kidira,Avril 2025,35.45,43.08,27.61,0.49,21.94,3.34,6.76
DRS Tambacounda,Kidira,Mai 2025,36.21,42.75,29.65,46.32,28.05,2.81,6.03
DRS Tambacounda,Kidira,Juin 2025,32.78,39.03,27.07,66.86,51.06,2.56,6.36
DRS Tambacounda,Kidira,Juillet 2025,29.6,34.53,25.29,82.95,68.28,2.75,5.57
DRS Tambacounda,Kidira,Août 2025,28.76,33.74,24.61,107.89,72.78,2.05,5.19
DRS Tambacounda,Kidira,Septembre 2025,29.62,35.46,24.86,60.68,68.51,1.96,5.23
DRS Tambacounda,Kidira,Octobre 2025,30.43,38.3,24.03,34.13,54.96,1.72,5.92
DRS Tambacounda,Kidira,Novembre 2025,28.99,37.25,22.1,0.53,28.27,2.49,4.9
DRS Tambacounda,Kidira,Décembre 2025,26.04,34.19,19.34,0.0,21.95,3.37,4.9
DRS Tambacounda,Kidira,Janvier 2026,26.77,35.62,19.27,0.46,18.14,3.79,5.11
DRS Tambacounda,Kidira,Février 2026,28.31,38.47,19.41,0.0,11.37,3.43,6.16
DRS Tambacounda,Kidira,Mars 2026,31.78,39.85,24.04,0.01,20.35,3.18,6.39
DRS Tambacounda,Kidira,Avril 2026,33.53,42.34,24.75,0.01,12.23,3.55,7.28
DRS Tambacounda,Kidira,Mai 2026,37.4,43.96,30.38,2.12,21.56,2.65,6.66
DRS Tambacounda,Kidira,Juin 2026,33.25,39.4,27.46,103.36,47.11,2.58,6.03
DRS Tambacounda,Kidira,Juillet 2026,31.95,37.34,26.96,165.14,58.53,2.03,5.64
DRS Tambacounda,Kidira,Août 2026,30.42,35.51,25.4,11.19,67.04,2.18,6.81
DRS Tambacounda,Koumpentoum,Janvier 2021,26.64,36.43,18.54,0.0,24.39,3.69,5.71
DRS Tambacounda,Koumpentoum,Février 2021,28.68,37.76,20.52,0.0,16.22,3.24,5.47
DRS Tambacounda,Koumpentoum,Mars 2021,31.06,40.33,22.43,0.0,18.0,3.16,6.85
DRS Tambacounda,Koumpentoum,Avril 2021,33.75,42.98,24.63,0.0,22.17,2.6,7.12
DRS Tambacounda,Koumpentoum,Mai 2021,34.07,42.48,25.66,0.0,24.89,3.05,6.54
DRS Tambacounda,Koumpentoum,Juin 2021,32.22,38.57,26.5,99.47,50.44,3.05,5.91
DRS Tambacounda,Koumpentoum,Juillet 2021,28.53,33.28,24.73,152.96,74.24,2.58,5.75
DRS Tambacounda,Koumpentoum,Août 2021,26.91,30.35,24.05,391.26,87.0,1.79,5.42
DRS Tambacounda,Koumpentoum,Septembre 2021,26.93,30.24,23.98,243.32,87.92,1.44,5.75
DRS Tambacounda,Koumpentoum,Octobre 2021,26.79,31.02,23.13,67.82,83.05,1.28,5.1
DRS Tambacounda,Koumpentoum,Novembre 2021,26.32,32.56,21.06,2.25,70.14,1.49,5.34
DRS Tambacounda,Koumpentoum,Décembre 2021,25.35,33.43,18.93,0.0,45.96,2.43,5.02
DRS Tambacounda,Koumpentoum,Janvier 2022,26.02,35.37,18.17,0.0,25.85,3.09,5.44
DRS Tambacounda,Koumpentoum,Février 2022,27.86,37.82,19.37,0.0,17.55,3.34,6.2
DRS Tambacounda,Koumpentoum,Mars 2022,30.9,40.42,22.2,0.0,15.11,3.26,6.48
DRS Tambacounda,Koumpentoum,Avril 2022,33.56,42.57,24.76,0.0,19.14,3.17,7.04
DRS Tambacounda,Koumpentoum,Mai 2022,33.8,41.83,25.82,26.8,29.6,2.86,6.61
DRS Tambacounda,Koumpentoum,Juin 2022,30.83,36.57,25.72,69.73,58.34,2.99,5.94
DRS Tambacounda,Koumpentoum,Juillet 2022,28.4,32.84,24.85,167.34,76.16,2.55,5.28
DRS Tambacounda,Koumpentoum,Août 2022,26.83,30.35,23.96,314.2,86.55,2.12,4.97
DRS Tambacounda,Koumpentoum,Septembre 2022,26.55,29.67,23.83,259.3,88.59,1.5,5.28
DRS Tambacounda,Koumpentoum,Octobre 2022,26.59,30.69,23.12,89.33,84.32,1.29,5.47
DRS Tambacounda,Koumpentoum,Novembre 2022,23.81,30.53,18.25,0.01,66.54,1.67,5.31
DRS Tambacounda,Koumpentoum,Décembre 2022,24.26,32.93,17.37,2.9,51.08,2.35,5.14
DRS Tambacounda,Koumpentoum,Janvier 2023,24.93,34.45,17.29,0.0,29.71,3.17,5.39
DRS Tambacounda,Koumpentoum,Février 2023,29.44,38.91,21.31,0.0,19.35,3.23,5.77
DRS Tambacounda,Koumpentoum,Mars 2023,31.54,41.29,22.24,0.0,19.0,2.65,6.95
DRS Tambacounda,Koumpentoum,Avril 2023,33.86,42.34,25.45,0.0,21.77,3.05,7.01
DRS Tambacounda,Koumpentoum,Mai 2023,34.57,41.66,27.49,1.82,31.84,2.96,6.26
DRS Tambacounda,Koumpentoum,Juin 2023,32.34,38.79,26.68,73.31,51.87,3.25,6.17
DRS Tambacounda,Koumpentoum,Juillet 2023,29.01,33.32,25.41,169.61,75.86,2.18,5.8
DRS Tambacounda,Koumpentoum,Août 2023,27.89,31.63,24.76,297.69,83.85,2.07,5.39
DRS Tambacounda,Koumpentoum,Septembre 2023,27.44,30.79,24.48,146.99,86.46,1.5,5.39
DRS Tambacounda,Koumpentoum,Octobre 2023,27.47,31.6,24.03,75.45,82.73,1.28,5.51
DRS Tambacounda,Koumpentoum,Novembre 2023,26.81,35.15,19.42,0.9,52.5,1.65,5.69
DRS Tambacounda,Koumpentoum,Décembre 2023,25.59,35.23,17.68,0.0,27.67,2.61,5.27
DRS Tambacounda,Koumpentoum,Janvier 2024,27.41,37.35,18.95,0.0,19.26,2.83,5.4
DRS Tambacounda,Koumpentoum,Février 2024,29.85,40.03,20.81,0.0,10.78,3.23,6.15
DRS Tambacounda,Koumpentoum,Mars 2024,32.21,41.85,23.23,0.0,17.08,2.89,6.6
DRS Tambacounda,Koumpentoum,Avril 2024,34.84,43.64,26.17,0.02,21.19,3.06,6.85
DRS Tambacounda,Koumpentoum,Mai 2024,35.58,43.68,27.36,3.46,27.78,3.06,6.85
DRS Tambacounda,Koumpentoum,Juin 2024,33.0,40.1,26.51,42.55,45.09,3.21,6.2
DRS Tambacounda,Koumpentoum,Juillet 2024,29.08,33.72,25.4,141.81,74.95,2.87,4.95
DRS Tambacounda,Koumpentoum,Août 2024,27.85,31.88,24.68,181.07,83.2,2.42,5.06
DRS Tambacounda,Koumpentoum,Septembre 2024,27.14,30.76,24.29,247.94,86.19,1.78,4.92
DRS Tambacounda,Koumpentoum,Octobre 2024,27.16,31.51,23.42,64.14,81.38,1.4,5.4
DRS Tambacounda,Koumpentoum,Novembre 2024,26.25,34.63,19.95,0.0,60.39,1.89,5.69
DRS Tambacounda,Koumpentoum,Décembre 2024,24.93,33.59,18.13,1.86,37.6,3.01,4.75
DRS Tambacounda,Koumpentoum,Janvier 2025,26.54,36.24,18.42,0.0,19.48,3.64,5.5
DRS Tambacounda,Koumpentoum,Février 2025,28.66,38.3,20.37,0.0,15.63,3.57,6.08
DRS Tambacounda,Koumpentoum,Mars 2025,31.88,40.88,23.6,3.62,21.82,2.95,6.65
DRS Tambacounda,Koumpentoum,Avril 2025,34.17,42.37,26.12,0.13,26.51,3.18,6.83
DRS Tambacounda,Koumpentoum,Mai 2025,35.02,42.2,27.79,17.41,30.43,2.94,6.13
DRS Tambacounda,Koumpentoum,Juin 2025,32.21,38.73,26.1,85.81,53.07,2.51,6.29
DRS Tambacounda,Koumpentoum,Juillet 2025,28.16,32.39,24.58,172.06,77.91,2.41,5.51
DRS Tambacounda,Koumpentoum,Août 2025,27.34,31.07,24.15,254.42,85.18,1.92,5.1
DRS Tambacounda,Koumpentoum,Septembre 2025,27.37,31.09,24.09,105.82,84.89,1.57,5.31
DRS Tambacounda,Koumpentoum,Octobre 2025,28.53,34.18,23.84,47.83,74.18,1.36,5.66
DRS Tambacounda,Koumpentoum,Novembre 2025,27.67,35.31,21.63,3.45,48.61,2.1,4.8
DRS Tambacounda,Koumpentoum,Décembre 2025,25.85,34.49,18.75,0.0,28.87,3.14,4.92
DRS Tambacounda,Koumpentoum,Janvier 2026,27.36,36.26,19.83,0.64,20.49,3.84,5.19
DRS Tambacounda,Koumpentoum,Février 2026,28.8,38.96,19.9,0.0,12.71,3.17,5.98
DRS Tambacounda,Koumpentoum,Mars 2026,31.31,39.78,23.16,0.0,23.1,3.26,6.58
DRS Tambacounda,Koumpentoum,Avril 2026,33.24,42.42,24.1,0.0,14.86,3.29,7.21
DRS Tambacounda,Koumpentoum,Mai 2026,35.77,43.17,28.07,3.44,27.52,2.87,6.65
DRS Tambacounda,Koumpentoum,Juin 2026,33.22,39.69,27.29,58.28,46.27,2.74,5.87
DRS Tambacounda,Koumpentoum,Juillet 2026,30.74,36.05,26.35,169.98,65.04,2.03,5.43
DRS Tambacounda,Koumpentoum,Août 2026,29.47,34.74,24.87,18.62,72.71,1.93,6.14
DRS Tambacounda,Makacolibantang,Janvier 2021,25.01,34.93,16.92,0.0,35.33,3.11,5.71
DRS Tambacounda,Makacolibantang,Février 2021,27.87,36.98,19.82,0.0,22.65,2.82,5.47
DRS Tambacounda,Makacolibantang,Mars 2021,30.68,40.04,22.03,0.0,22.09,2.84,6.85
DRS Tambacounda,Makacolibantang,Avril 2021,33.22,42.39,24.23,0.0,28.33,2.6,7.12
DRS Tambacounda,Makacolibantang,Mai 2021,33.67,42.0,25.51,0.05,28.5,2.95,6.54
DRS Tambacounda,Makacolibantang,Juin 2021,31.25,37.25,25.91,112.41,56.98,2.81,5.91
DRS Tambacounda,Makacolibantang,Juillet 2021,27.62,31.66,24.42,291.65,80.92,2.27,5.75
DRS Tambacounda,Makacolibantang,Août 2021,26.65,29.89,23.94,490.97,88.17,1.85,5.42
DRS Tambacounda,Makacolibantang,Septembre 2021,26.75,29.86,23.93,340.95,88.89,1.43,5.75
DRS Tambacounda,Makacolibantang,Octobre 2021,26.75,30.6,23.33,90.18,84.51,1.2,5.1
DRS Tambacounda,Makacolibantang,Novembre 2021,26.16,31.68,21.16,4.5,74.44,1.39,5.34
DRS Tambacounda,Makacolibantang,Décembre 2021,23.96,31.19,17.9,0.0,58.89,2.17,5.02
DRS Tambacounda,Makacolibantang,Janvier 2022,24.41,33.56,16.52,0.0,39.55,2.69,5.44
DRS Tambacounda,Makacolibantang,Février 2022,26.6,36.72,18.09,0.0,25.99,2.94,6.2
DRS Tambacounda,Makacolibantang,Mars 2022,30.46,40.05,21.69,0.0,19.41,2.82,6.48
DRS Tambacounda,Makacolibantang,Avril 2022,33.12,42.22,24.24,0.0,23.86,2.85,7.04
DRS Tambacounda,Makacolibantang,Mai 2022,33.17,41.13,25.49,43.46,35.29,2.82,6.61
DRS Tambacounda,Makacolibantang,Juin 2022,29.58,34.88,25.01,122.28,67.01,2.69,5.94
DRS Tambacounda,Makacolibantang,Juillet 2022,27.51,31.32,24.48,210.6,82.48,2.4,5.28
DRS Tambacounda,Makacolibantang,Août 2022,26.53,29.88,23.91,412.07,88.52,2.25,4.97
DRS Tambacounda,Makacolibantang,Septembre 2022,26.46,29.53,23.8,286.44,88.97,1.59,5.28
DRS Tambacounda,Makacolibantang,Octobre 2022,26.6,30.49,23.13,102.42,84.71,1.25,5.47
DRS Tambacounda,Makacolibantang,Novembre 2022,23.78,29.76,18.49,0.01,70.45,1.5,5.31
DRS Tambacounda,Makacolibantang,Décembre 2022,23.28,31.01,16.83,9.95,61.66,2.05,5.14
DRS Tambacounda,Makacolibantang,Janvier 2023,23.35,32.64,15.86,0.0,42.8,2.82,5.39
DRS Tambacounda,Makacolibantang,Février 2023,28.21,37.81,19.99,0.0,28.87,2.56,5.77
DRS Tambacounda,Makacolibantang,Mars 2023,30.91,40.74,21.6,0.09,26.33,2.43,6.95
DRS Tambacounda,Makacolibantang,Avril 2023,33.66,42.16,25.17,0.0,26.17,2.68,7.01
DRS Tambacounda,Makacolibantang,Mai 2023,33.87,40.83,27.23,5.54,37.51,3.01,6.26
DRS Tambacounda,Makacolibantang,Juin 2023,30.97,36.92,25.96,150.29,61.53,3.03,6.17
DRS Tambacounda,Makacolibantang,Juillet 2023,28.28,32.15,25.04,217.18,81.36,2.03,5.8
DRS Tambacounda,Makacolibantang,Août 2023,27.47,30.88,24.68,273.19,86.87,1.98,5.39
DRS Tambacounda,Makacolibantang,Septembre 2023,27.38,30.65,24.47,170.35,86.99,1.49,5.39
DRS Tambacounda,Makacolibantang,Octobre 2023,27.22,30.89,24.08,110.9,85.22,1.24,5.51
DRS Tambacounda,Makacolibantang,Novembre 2023,25.96,33.0,19.68,1.82,63.01,1.47,5.69
DRS Tambacounda,Makacolibantang,Décembre 2023,24.45,33.31,17.08,0.0,40.11,2.21,5.27
DRS Tambacounda,Makacolibantang,Janvier 2024,26.5,36.43,18.3,0.0,28.67,2.43,5.4
DRS Tambacounda,Makacolibantang,Février 2024,29.64,39.89,20.58,0.0,15.37,2.8,6.15
DRS Tambacounda,Makacolibantang,Mars 2024,32.18,41.86,23.14,0.0,19.63,2.64,6.6
DRS Tambacounda,Makacolibantang,Avril 2024,34.52,43.42,25.83,0.0,25.13,2.92,6.85
DRS Tambacounda,Makacolibantang,Mai 2024,35.1,43.2,27.18,7.54,32.92,3.14,6.85
DRS Tambacounda,Makacolibantang,Juin 2024,32.21,39.02,26.16,47.8,51.15,3.09,6.2
DRS Tambacounda,Makacolibantang,Juillet 2024,28.15,32.11,25.03,277.67,81.56,2.68,4.95
DRS Tambacounda,Makacolibantang,Août 2024,27.36,31.02,24.46,221.32,86.47,2.34,5.06
DRS Tambacounda,Makacolibantang,Septembre 2024,26.91,30.32,24.2,257.48,87.8,1.8,4.92
DRS Tambacounda,Makacolibantang,Octobre 2024,26.94,30.81,23.49,148.69,83.67,1.31,5.4
DRS Tambacounda,Makacolibantang,Novembre 2024,25.5,32.81,19.65,0.0,69.81,1.64,5.69
DRS Tambacounda,Makacolibantang,Décembre 2024,23.48,31.9,16.93,0.3,51.11,2.68,4.75
DRS Tambacounda,Makacolibantang,Janvier 2025,25.42,35.25,17.38,0.0,28.54,3.24,5.5
DRS Tambacounda,Makacolibantang,Février 2025,28.38,38.03,20.08,0.0,19.19,3.41,6.08
DRS Tambacounda,Makacolibantang,Mars 2025,31.88,40.91,23.49,2.66,24.91,2.82,6.65
DRS Tambacounda,Makacolibantang,Avril 2025,34.03,42.21,26.04,0.48,29.12,3.05,6.83
DRS Tambacounda,Makacolibantang,Mai 2025,34.42,41.66,27.36,15.16,34.75,3.13,6.13
DRS Tambacounda,Makacolibantang,Juin 2025,31.73,37.97,25.94,110.26,57.3,2.38,6.29
DRS Tambacounda,Makacolibantang,Juillet 2025,27.56,31.39,24.33,233.63,82.49,2.28,5.51
DRS Tambacounda,Makacolibantang,Août 2025,27.06,30.62,24.02,339.95,86.72,2.01,5.1
DRS Tambacounda,Makacolibantang,Septembre 2025,27.12,30.7,24.02,134.77,86.35,1.55,5.31
DRS Tambacounda,Makacolibantang,Octobre 2025,27.73,32.37,23.8,68.72,81.33,1.28,5.66
DRS Tambacounda,Makacolibantang,Novembre 2025,26.15,32.71,20.93,4.88,62.38,1.69,4.8
DRS Tambacounda,Makacolibantang,Décembre 2025,24.98,33.61,17.98,0.0,37.53,2.58,4.92
DRS Tambacounda,Makacolibantang,Janvier 2026,27.27,36.38,19.57,0.63,23.34,3.45,5.19
DRS Tambacounda,Makacolibantang,Février 2026,28.82,38.99,19.72,0.0,15.37,2.88,5.98
DRS Tambacounda,Makacolibantang,Mars 2026,31.63,39.9,23.65,0.0,24.02,3.05,6.58
DRS Tambacounda,Makacolibantang,Avril 2026,33.3,42.47,24.06,0.0,16.86,2.89,7.21
DRS Tambacounda,Makacolibantang,Mai 2026,35.06,42.5,27.57,10.9,32.33,2.83,6.65
DRS Tambacounda,Makacolibantang,Juin 2026,32.65,38.96,27.05,54.3,50.71,2.68,5.87
DRS Tambacounda,Makacolibantang,Juillet 2026,29.94,35.26,25.61,191.86,70.98,1.92,5.43
DRS Tambacounda,Makacolibantang,Août 2026,28.83,33.74,24.43,18.45,77.17,1.83,6.14
DRS Tambacounda,Tambacounda,Janvier 2021,26.23,36.34,18.01,0.0,26.53,3.54,5.75
DRS Tambacounda,Tambacounda,Février 2021,28.73,37.85,20.54,0.0,16.53,3.14,5.7
DRS Tambacounda,Tambacounda,Mars 2021,31.53,40.64,22.86,0.0,16.48,3.0,6.79
DRS Tambacounda,Tambacounda,Avril 2021,34.49,43.3,25.49,0.0,19.77,2.37,7.08
DRS Tambacounda,Tambacounda,Mai 2021,35.05,42.97,26.93,0.01,22.26,2.89,6.43
DRS Tambacounda,Tambacounda,Juin 2021,32.64,38.83,27.03,83.9,49.37,2.95,5.94
DRS Tambacounda,Tambacounda,Juillet 2021,28.71,33.5,24.91,191.48,73.57,2.64,5.55
DRS Tambacounda,Tambacounda,Août 2021,26.92,30.44,23.97,277.34,86.61,1.77,5.27
DRS Tambacounda,Tambacounda,Septembre 2021,27.04,30.43,24.02,198.54,87.1,1.44,5.62
DRS Tambacounda,Tambacounda,Octobre 2021,27.13,31.47,23.33,69.53,81.31,1.27,5.25
DRS Tambacounda,Tambacounda,Novembre 2021,26.47,32.98,21.18,1.8,68.69,1.6,5.35
DRS Tambacounda,Tambacounda,Décembre 2021,25.5,33.99,18.85,0.0,42.46,2.63,5.02
DRS Tambacounda,Tambacounda,Janvier 2022,26.11,35.62,18.03,0.0,24.01,3.22,5.53
DRS Tambacounda,Tambacounda,Février 2022,28.28,38.1,19.84,0.0,15.54,3.36,6.21
DRS Tambacounda,Tambacounda,Mars 2022,31.42,40.75,22.66,0.0,13.67,3.08,6.54
DRS Tambacounda,Tambacounda,Avril 2022,34.26,43.04,25.5,0.0,16.91,2.98,7.06
DRS Tambacounda,Tambacounda,Mai 2022,34.34,42.09,26.48,33.33,28.18,2.68,6.56
DRS Tambacounda,Tambacounda,Juin 2022,30.96,36.68,25.95,90.88,59.0,2.89,5.95
DRS Tambacounda,Tambacounda,Juillet 2022,28.24,32.57,24.75,173.98,77.54,2.53,5.29
DRS Tambacounda,Tambacounda,Août 2022,26.79,30.34,23.81,307.31,86.48,2.1,4.99
DRS Tambacounda,Tambacounda,Septembre 2022,26.55,29.71,23.85,250.89,88.46,1.44,5.31
DRS Tambacounda,Tambacounda,Octobre 2022,26.67,30.84,23.11,84.1,83.56,1.25,5.43
DRS Tambacounda,Tambacounda,Novembre 2022,23.5,30.22,17.93,0.0,67.23,1.68,5.35
DRS Tambacounda,Tambacounda,Décembre 2022,23.89,32.57,17.08,7.63,53.45,2.33,5.13
DRS Tambacounda,Tambacounda,Janvier 2023,24.61,34.29,16.77,0.0,30.87,3.08,5.43
DRS Tambacounda,Tambacounda,Février 2023,29.21,38.85,20.8,0.0,20.73,3.0,5.84
DRS Tambacounda,Tambacounda,Mars 2023,31.83,41.49,22.42,0.0,17.57,2.59,6.97
DRS Tambacounda,Tambacounda,Avril 2023,34.31,42.66,25.85,0.0,20.18,2.99,7.07
DRS Tambacounda,Tambacounda,Mai 2023,35.1,41.9,28.23,1.66,30.58,3.02,6.28
DRS Tambacounda,Tambacounda,Juin 2023,32.49,38.73,27.01,88.43,52.21,3.14,6.09
DRS Tambacounda,Tambacounda,Juillet 2023,28.89,33.12,25.37,197.36,77.1,2.11,5.72
DRS Tambacounda,Tambacounda,Août 2023,27.95,31.81,24.72,240.26,83.45,2.08,5.41
DRS Tambacounda,Tambacounda,Septembre 2023,27.58,31.09,24.55,150.65,85.9,1.48,5.31
DRS Tambacounda,Tambacounda,Octobre 2023,27.55,31.89,24.01,87.61,82.36,1.3,5.42
DRS Tambacounda,Tambacounda,Novembre 2023,26.7,35.3,19.28,1.07,52.34,1.64,5.58
DRS Tambacounda,Tambacounda,Décembre 2023,25.58,35.6,17.56,0.0,26.58,2.69,5.28
DRS Tambacounda,Tambacounda,Janvier 2024,27.41,37.38,18.9,0.0,18.64,2.85,5.48
DRS Tambacounda,Tambacounda,Février 2024,29.9,40.15,20.76,0.0,10.06,3.3,6.18
DRS Tambacounda,Tambacounda,Mars 2024,32.77,42.24,23.81,0.0,15.1,2.77,6.56
DRS Tambacounda,Tambacounda,Avril 2024,35.51,44.0,26.85,0.05,19.28,2.97,6.89
DRS Tambacounda,Tambacounda,Mai 2024,36.23,43.96,28.32,7.37,26.86,2.95,6.84
DRS Tambacounda,Tambacounda,Juin 2024,33.0,39.73,27.0,97.91,46.85,2.99,6.05
DRS Tambacounda,Tambacounda,Juillet 2024,29.32,33.99,25.59,126.51,73.75,2.79,4.8
DRS Tambacounda,Tambacounda,Août 2024,27.71,31.56,24.64,231.12,84.03,2.41,5.0
DRS Tambacounda,Tambacounda,Septembre 2024,27.02,30.52,24.21,260.07,86.9,1.76,4.87
DRS Tambacounda,Tambacounda,Octobre 2024,27.11,31.46,23.35,55.14,81.82,1.4,5.33
DRS Tambacounda,Tambacounda,Novembre 2024,25.53,33.7,19.38,0.0,64.39,1.88,5.7
DRS Tambacounda,Tambacounda,Décembre 2024,24.34,33.12,17.57,0.15,41.05,3.04,4.73
DRS Tambacounda,Tambacounda,Janvier 2025,25.88,35.74,17.7,0.0,22.33,3.53,5.53
DRS Tambacounda,Tambacounda,Février 2025,28.77,38.33,20.4,0.0,15.94,3.51,6.01
DRS Tambacounda,Tambacounda,Mars 2025,32.53,41.35,24.21,20.32,20.27,2.88,6.68
DRS Tambacounda,Tambacounda,Avril 2025,34.61,42.58,26.7,0.1,25.71,3.05,6.8
DRS Tambacounda,Tambacounda,Mai 2025,35.61,42.54,28.69,26.85,29.63,2.88,6.03
DRS Tambacounda,Tambacounda,Juin 2025,32.53,38.86,26.64,85.72,52.6,2.41,6.24
DRS Tambacounda,Tambacounda,Juillet 2025,28.22,32.49,24.58,180.92,77.94,2.39,5.23
DRS Tambacounda,Tambacounda,Août 2025,27.38,31.3,24.05,197.09,84.11,1.88,4.97
DRS Tambacounda,Tambacounda,Septembre 2025,27.65,31.74,24.08,94.58,82.44,1.61,5.27
DRS Tambacounda,Tambacounda,Octobre 2025,29.23,35.62,23.97,45.07,68.79,1.45,5.55
DRS Tambacounda,Tambacounda,Novembre 2025,28.23,36.1,21.96,3.13,44.84,2.08,4.89
DRS Tambacounda,Tambacounda,Décembre 2025,26.31,34.85,19.18,0.0,25.79,3.15,4.89
DRS Tambacounda,Tambacounda,Janvier 2026,27.7,36.59,20.07,0.79,18.8,3.81,5.26
DRS Tambacounda,Tambacounda,Février 2026,29.12,39.23,20.15,0.0,11.58,3.25,6.03
DRS Tambacounda,Tambacounda,Mars 2026,32.06,40.27,24.08,0.0,20.98,3.13,6.51
DRS Tambacounda,Tambacounda,Avril 2026,33.76,42.73,24.68,0.0,13.29,3.31,7.27
DRS Tambacounda,Tambacounda,Mai 2026,36.42,43.47,29.04,6.05,26.4,2.69,6.53
DRS Tambacounda,Tambacounda,Juin 2026,33.09,39.39,27.33,97.05,48.64,2.52,5.92
DRS Tambacounda,Tambacounda,Juillet 2026,30.8,36.22,26.26,167.64,65.17,1.93,5.45
DRS Tambacounda,Tambacounda,Août 2026,29.52,34.67,24.79,21.99,72.88,1.95,6.45
DRS Thies,Joal-Fadiouth,Janvier 2021,23.04,28.39,18.86,0.01,53.63,3.86,5.45
DRS Thies,Joal-Fadiouth,Février 2021,23.15,30.13,18.97,3.36,52.84,3.65,5.52
DRS Thies,Joal-Fadiouth,Mars 2021,22.66,29.4,18.63,4.88,63.59,3.87,6.91
DRS Thies,Joal-Fadiouth,Avril 2021,23.44,30.37,19.6,0.74,70.06,3.51,7.27
DRS Thies,Joal-Fadiouth,Mai 2021,23.48,28.3,20.56,1.67,74.73,3.67,6.85
DRS Thies,Joal-Fadiouth,Juin 2021,26.34,29.02,24.43,45.86,78.65,3.29,6.24
DRS Thies,Joal-Fadiouth,Juillet 2021,27.5,29.28,26.14,91.25,78.29,3.59,6.31
DRS Thies,Joal-Fadiouth,Août 2021,27.66,29.06,26.61,265.27,82.89,3.36,5.61
DRS Thies,Joal-Fadiouth,Septembre 2021,28.13,29.61,26.92,246.55,81.8,2.54,5.91
DRS Thies,Joal-Fadiouth,Octobre 2021,28.46,30.51,26.82,70.46,76.91,2.54,5.47
DRS Thies,Joal-Fadiouth,Novembre 2021,27.45,30.73,24.91,5.2,71.29,2.76,5.43
DRS Thies,Joal-Fadiouth,Décembre 2021,25.28,29.52,21.63,3.82,59.83,2.95,4.73
DRS Thies,Joal-Fadiouth,Janvier 2022,24.56,29.19,20.77,1.0,57.38,3.54,5.17
DRS Thies,Joal-Fadiouth,Février 2022,23.63,29.37,19.54,0.69,53.31,3.88,6.15
DRS Thies,Joal-Fadiouth,Mars 2022,22.27,29.03,18.09,3.7,60.45,3.99,6.56
DRS Thies,Joal-Fadiouth,Avril 2022,23.34,29.92,19.46,0.2,66.19,3.72,7.06
DRS Thies,Joal-Fadiouth,Mai 2022,24.75,29.27,21.92,26.07,75.21,3.3,6.83
DRS Thies,Joal-Fadiouth,Juin 2022,26.78,29.02,25.13,102.32,80.48,3.45,6.21
DRS Thies,Joal-Fadiouth,Juillet 2022,27.72,29.31,26.54,122.47,80.13,4.0,5.83
DRS Thies,Joal-Fadiouth,Août 2022,27.82,29.08,26.86,263.48,83.14,3.8,4.88
DRS Thies,Joal-Fadiouth,Septembre 2022,27.81,29.12,26.78,246.87,82.9,3.1,5.53
DRS Thies,Joal-Fadiouth,Octobre 2022,28.21,30.02,26.66,114.97,78.44,2.23,5.66
DRS Thies,Joal-Fadiouth,Novembre 2022,26.65,30.22,23.34,2.66,64.47,2.53,5.28
DRS Thies,Joal-Fadiouth,Décembre 2022,24.51,28.8,20.77,2.73,64.63,3.08,5.44
DRS Thies,Joal-Fadiouth,Janvier 2023,23.08,27.41,19.41,1.41,58.04,3.56,5.16
DRS Thies,Joal-Fadiouth,Février 2023,22.62,29.47,18.49,0.31,59.58,3.73,5.66
DRS Thies,Joal-Fadiouth,Mars 2023,24.19,31.15,20.36,1.62,64.95,3.02,6.84
DRS Thies,Joal-Fadiouth,Avril 2023,24.83,30.77,21.36,0.3,67.86,3.58,7.05
DRS Thies,Joal-Fadiouth,Mai 2023,26.42,30.77,23.61,1.18,72.11,3.37,6.63
DRS Thies,Joal-Fadiouth,Juin 2023,27.61,30.19,25.74,22.88,76.88,4.0,6.62
DRS Thies,Joal-Fadiouth,Juillet 2023,28.44,29.87,27.3,177.32,80.48,3.28,5.97
DRS Thies,Joal-Fadiouth,Août 2023,28.27,29.52,27.32,294.45,83.7,3.61,5.46
DRS Thies,Joal-Fadiouth,Septembre 2023,28.55,29.8,27.51,184.89,81.59,2.57,5.59
DRS Thies,Joal-Fadiouth,Octobre 2023,28.85,30.39,27.57,53.87,78.18,2.32,5.59
DRS Thies,Joal-Fadiouth,Novembre 2023,27.23,31.19,23.85,2.08,67.05,2.77,5.68
DRS Thies,Joal-Fadiouth,Décembre 2023,24.51,29.09,20.5,2.23,57.49,3.22,5.24
DRS Thies,Joal-Fadiouth,Janvier 2024,24.44,29.3,20.42,4.25,58.13,3.18,5.32
DRS Thies,Joal-Fadiouth,Février 2024,25.54,31.86,21.03,0.44,52.51,3.35,5.99
DRS Thies,Joal-Fadiouth,Mars 2024,23.07,29.73,19.26,0.04,67.45,3.83,6.6
DRS Thies,Joal-Fadiouth,Avril 2024,24.7,30.9,21.05,0.61,67.1,3.44,6.9
DRS Thies,Joal-Fadiouth,Mai 2024,26.12,30.81,23.25,1.07,72.74,3.61,6.74
DRS Thies,Joal-Fadiouth,Juin 2024,26.35,28.86,24.45,32.81,78.95,3.58,6.48
DRS Thies,Joal-Fadiouth,Juillet 2024,27.74,29.16,26.62,142.56,82.52,3.84,5.53
DRS Thies,Joal-Fadiouth,Août 2024,28.17,29.46,27.21,203.19,82.52,3.91,5.24
DRS Thies,Joal-Fadiouth,Septembre 2024,28.12,29.6,27.0,250.65,82.53,3.25,4.77
DRS Thies,Joal-Fadiouth,Octobre 2024,28.29,30.26,26.65,95.26,79.65,2.45,5.55
DRS Thies,Joal-Fadiouth,Novembre 2024,27.96,31.65,24.73,0.25,69.27,2.21,5.64
DRS Thies,Joal-Fadiouth,Décembre 2024,24.58,28.56,21.09,2.72,57.76,3.39,4.49
DRS Thies,Joal-Fadiouth,Janvier 2025,23.45,29.26,18.89,0.03,50.7,3.76,5.65
DRS Thies,Joal-Fadiouth,Février 2025,22.5,28.99,18.06,0.07,52.48,4.01,6.18
DRS Thies,Joal-Fadiouth,Mars 2025,22.14,28.06,18.65,0.24,67.96,4.14,6.51
DRS Thies,Joal-Fadiouth,Avril 2025,23.93,29.76,20.41,0.86,69.21,3.76,6.81
DRS Thies,Joal-Fadiouth,Mai 2025,24.93,29.5,22.12,6.42,74.02,3.49,6.47
DRS Thies,Joal-Fadiouth,Juin 2025,27.19,29.72,25.23,24.73,78.1,3.64,6.52
DRS Thies,Joal-Fadiouth,Juillet 2025,28.03,29.75,26.64,64.63,78.45,3.74,6.12
DRS Thies,Joal-Fadiouth,Août 2025,27.81,29.2,26.75,357.2,83.74,3.54,5.45
DRS Thies,Joal-Fadiouth,Septembre 2025,28.2,29.5,27.19,192.78,82.9,2.69,5.19
DRS Thies,Joal-Fadiouth,Octobre 2025,28.96,30.82,27.46,63.88,77.98,2.36,6.01
DRS Thies,Joal-Fadiouth,Novembre 2025,27.4,30.43,25.04,7.32,67.97,3.2,4.69
DRS Thies,Joal-Fadiouth,Décembre 2025,22.8,27.29,19.17,9.14,60.41,3.99,4.89
DRS Thies,Joal-Fadiouth,Janvier 2026,22.87,28.31,18.72,1.34,55.19,4.01,5.19
DRS Thies,Joal-Fadiouth,Février 2026,23.92,30.99,19.2,2.85,52.29,3.27,6.11
DRS Thies,Joal-Fadiouth,Mars 2026,22.28,27.74,18.91,0.28,67.61,3.82,6.62
DRS Thies,Joal-Fadiouth,Avril 2026,24.22,31.53,20.0,0.82,62.1,3.87,7.21
DRS Thies,Joal-Fadiouth,Mai 2026,24.51,29.22,21.59,5.25,73.27,3.31,6.82
DRS Thies,Joal-Fadiouth,Juin 2026,27.04,30.01,24.98,9.01,77.08,3.61,6.18
DRS Thies,Joal-Fadiouth,Juillet 2026,28.4,30.5,26.96,102.12,77.69,3.2,5.85
DRS Thies,Joal-Fadiouth,Août 2026,28.63,30.49,27.4,14.77,77.22,3.98,6.12
DRS Thies,Khombole,Janvier 2021,21.26,28.32,16.35,0.46,52.27,3.84,5.45
DRS Thies,Khombole,Février 2021,22.08,30.57,16.9,12.3,52.32,3.95,5.52
DRS Thies,Khombole,Mars 2021,22.29,30.72,17.13,3.66,63.08,4.39,6.91
DRS Thies,Khombole,Avril 2021,23.38,32.31,18.13,8.62,68.5,4.53,7.27
DRS Thies,Khombole,Mai 2021,24.08,31.41,19.3,3.67,68.66,4.22,6.85
DRS Thies,Khombole,Juin 2021,27.43,33.72,22.93,52.99,67.75,3.29,6.24
DRS Thies,Khombole,Juillet 2021,28.09,33.17,24.35,16.53,68.52,3.21,6.31
DRS Thies,Khombole,Août 2021,27.89,31.17,25.29,262.92,79.03,2.39,5.61
DRS Thies,Khombole,Septembre 2021,27.94,31.4,25.32,177.11,81.57,1.89,5.91
DRS Thies,Khombole,Octobre 2021,27.73,32.09,24.45,38.53,75.42,1.97,5.47
DRS Thies,Khombole,Novembre 2021,26.68,32.33,22.7,11.57,66.98,2.56,5.43
DRS Thies,Khombole,Décembre 2021,24.74,31.5,19.66,8.7,50.8,3.0,4.73
DRS Thies,Khombole,Janvier 2022,24.22,31.41,18.89,9.41,48.33,3.63,5.17
DRS Thies,Khombole,Février 2022,23.61,31.52,18.02,8.51,46.47,4.37,6.15
DRS Thies,Khombole,Mars 2022,22.25,31.09,16.79,13.45,59.55,4.74,6.56
DRS Thies,Khombole,Avril 2022,23.66,32.32,18.3,2.49,64.33,4.84,7.06
DRS Thies,Khombole,Mai 2022,26.43,34.77,20.93,10.89,63.42,3.65,6.83
DRS Thies,Khombole,Juin 2022,28.24,34.48,23.87,44.41,66.93,3.38,6.21
DRS Thies,Khombole,Juillet 2022,28.2,32.66,25.01,107.89,72.0,3.35,5.83
DRS Thies,Khombole,Août 2022,27.92,31.06,25.44,172.68,78.65,2.76,4.88
DRS Thies,Khombole,Septembre 2022,27.77,31.01,25.35,156.25,81.9,2.21,5.53
DRS Thies,Khombole,Octobre 2022,27.86,31.9,24.7,60.13,76.5,1.75,5.66
DRS Thies,Khombole,Novembre 2022,25.73,32.36,20.42,1.37,56.15,2.25,5.28
DRS Thies,Khombole,Décembre 2022,24.33,31.64,18.73,4.54,53.08,3.13,5.44
DRS Thies,Khombole,Janvier 2023,23.33,30.79,17.82,21.14,45.49,3.69,5.16
DRS Thies,Khombole,Février 2023,22.34,30.88,17.24,12.17,58.84,4.67,5.66
DRS Thies,Khombole,Mars 2023,25.89,35.72,19.28,2.71,52.96,3.63,6.84
DRS Thies,Khombole,Avril 2023,25.62,34.02,20.37,6.66,61.58,4.43,7.05
DRS Thies,Khombole,Mai 2023,27.67,35.27,22.6,5.43,61.66,4.22,6.63
DRS Thies,Khombole,Juin 2023,28.54,34.73,24.29,8.96,66.6,3.92,6.62
DRS Thies,Khombole,Juillet 2023,28.99,32.85,25.96,197.09,73.22,2.71,5.97
DRS Thies,Khombole,Août 2023,28.11,31.16,25.73,303.28,81.49,2.72,5.46
DRS Thies,Khombole,Septembre 2023,27.87,30.71,25.68,185.33,83.94,1.96,5.59
DRS Thies,Khombole,Octobre 2023,28.06,31.56,25.36,33.94,79.69,1.71,5.59
DRS Thies,Khombole,Novembre 2023,25.28,31.75,20.55,3.64,67.13,2.41,5.68
DRS Thies,Khombole,Décembre 2023,23.46,31.18,17.91,10.92,51.67,3.18,5.24
DRS Thies,Khombole,Janvier 2024,23.9,32.04,18.12,7.16,49.0,3.04,5.32
DRS Thies,Khombole,Février 2024,25.57,34.87,19.02,1.07,42.12,3.73,5.99
DRS Thies,Khombole,Mars 2024,23.23,31.93,17.95,0.07,66.03,4.29,6.6
DRS Thies,Khombole,Avril 2024,25.94,34.79,20.15,0.61,59.61,4.4,6.9
DRS Thies,Khombole,Mai 2024,27.13,35.29,21.74,1.7,63.32,4.06,6.74
DRS Thies,Khombole,Juin 2024,27.34,33.36,22.94,37.1,67.96,3.65,6.48
DRS Thies,Khombole,Juillet 2024,28.27,32.36,25.13,118.98,74.73,3.28,5.53
DRS Thies,Khombole,Août 2024,28.54,32.04,25.96,96.11,77.39,3.01,5.24
DRS Thies,Khombole,Septembre 2024,28.05,31.49,25.49,259.11,79.41,2.5,4.77
DRS Thies,Khombole,Octobre 2024,27.93,32.04,24.7,82.29,77.05,1.94,5.55
DRS Thies,Khombole,Novembre 2024,26.54,33.29,21.19,1.51,60.23,2.36,5.64
DRS Thies,Khombole,Décembre 2024,24.02,30.54,19.03,0.84,46.35,3.39,4.49
DRS Thies,Khombole,Janvier 2025,22.85,31.44,16.55,0.17,41.3,3.96,5.65
DRS Thies,Khombole,Février 2025,22.43,31.38,16.22,9.48,46.07,4.38,6.18
DRS Thies,Khombole,Mars 2025,21.68,28.99,17.54,37.26,69.64,5.13,6.51
DRS Thies,Khombole,Avril 2025,24.02,32.07,19.32,8.41,68.84,4.68,6.81
DRS Thies,Khombole,Mai 2025,25.69,33.19,20.96,4.61,66.95,4.18,6.47
DRS Thies,Khombole,Juin 2025,27.88,34.06,23.3,128.07,69.6,3.17,6.52
DRS Thies,Khombole,Juillet 2025,27.99,31.9,24.88,126.17,74.04,3.03,6.12
DRS Thies,Khombole,Août 2025,28.1,31.43,25.45,220.77,80.12,2.5,5.45
DRS Thies,Khombole,Septembre 2025,28.02,30.96,25.7,183.94,82.16,1.85,5.19
DRS Thies,Khombole,Octobre 2025,28.18,32.06,25.11,51.51,78.19,1.77,6.01
DRS Thies,Khombole,Novembre 2025,25.75,30.37,22.34,5.92,69.79,2.55,4.69
DRS Thies,Khombole,Décembre 2025,21.17,26.75,16.83,7.82,59.87,3.88,4.89
DRS Thies,Khombole,Janvier 2026,21.7,28.77,16.66,2.16,53.44,4.18,5.19
DRS Thies,Khombole,Février 2026,23.75,33.0,17.33,3.15,46.65,3.69,6.11
DRS Thies,Khombole,Mars 2026,22.47,30.06,17.89,3.36,66.65,4.37,6.62
DRS Thies,Khombole,Avril 2026,24.36,33.11,19.04,28.75,60.74,4.73,7.21
DRS Thies,Khombole,Mai 2026,25.85,34.2,20.51,6.46,64.58,3.99,6.82
DRS Thies,Khombole,Juin 2026,28.47,35.45,23.58,6.48,65.06,3.29,6.18
DRS Thies,Khombole,Juillet 2026,28.83,33.56,25.64,103.98,71.62,2.82,5.85
DRS Thies,Khombole,Août 2026,29.0,33.35,26.09,4.49,72.51,3.38,6.12
DRS Thies,Mbour,Janvier 2021,22.52,30.54,16.72,0.1,45.59,3.82,5.45
DRS Thies,Mbour,Février 2021,23.63,32.93,17.51,4.68,44.03,3.89,5.52
DRS Thies,Mbour,Mars 2021,23.84,33.49,17.48,1.82,54.95,4.23,6.91
DRS Thies,Mbour,Avril 2021,25.22,35.53,18.63,1.57,59.44,4.1,7.27
DRS Thies,Mbour,Mai 2021,25.41,34.03,19.74,2.11,62.51,3.96,6.85
DRS Thies,Mbour,Juin 2021,27.78,33.82,23.46,28.37,67.05,3.15,6.24
DRS Thies,Mbour,Juillet 2021,28.26,32.83,24.9,29.37,69.49,3.1,6.31
DRS Thies,Mbour,Août 2021,27.66,30.78,25.33,248.57,81.24,2.44,5.61
DRS Thies,Mbour,Septembre 2021,27.83,31.04,25.39,198.13,82.83,1.86,5.91
DRS Thies,Mbour,Octobre 2021,27.87,32.19,24.64,52.53,76.64,1.91,5.47
DRS Thies,Mbour,Novembre 2021,27.15,33.27,22.76,5.51,66.61,2.37,5.43
DRS Thies,Mbour,Décembre 2021,25.37,32.53,19.81,7.21,49.41,2.86,4.73
DRS Thies,Mbour,Janvier 2022,24.81,32.4,18.98,3.96,45.45,3.48,5.17
DRS Thies,Mbour,Février 2022,24.4,32.84,18.2,3.96,41.42,4.13,6.15
DRS Thies,Mbour,Mars 2022,23.78,33.63,17.24,6.31,51.14,4.51,6.56
DRS Thies,Mbour,Avril 2022,25.37,35.23,18.77,0.43,55.64,4.48,7.06
DRS Thies,Mbour,Mai 2022,27.04,35.78,21.13,22.29,61.39,3.42,6.83
DRS Thies,Mbour,Juin 2022,28.0,33.39,24.13,69.79,70.13,3.2,6.21
DRS Thies,Mbour,Juillet 2022,28.2,32.11,25.36,104.12,74.01,3.28,5.83
DRS Thies,Mbour,Août 2022,27.73,30.62,25.58,208.86,81.16,2.78,4.88
DRS Thies,Mbour,Septembre 2022,27.53,30.43,25.38,210.32,83.72,2.27,5.53
DRS Thies,Mbour,Octobre 2022,27.68,31.45,24.67,89.55,79.08,1.67,5.66
DRS Thies,Mbour,Novembre 2022,25.67,32.33,20.18,2.07,58.34,2.14,5.28
DRS Thies,Mbour,Décembre 2022,24.24,31.79,18.32,4.25,54.81,2.84,5.44
DRS Thies,Mbour,Janvier 2023,23.46,31.11,17.58,7.13,45.53,3.44,5.16
DRS Thies,Mbour,Février 2023,23.76,33.06,17.59,2.67,50.79,4.34,5.66
DRS Thies,Mbour,Mars 2023,26.35,36.52,19.41,0.89,50.42,3.27,6.84
DRS Thies,Mbour,Avril 2023,26.79,35.88,20.73,1.94,55.96,4.08,7.05
DRS Thies,Mbour,Mai 2023,28.5,36.52,22.95,1.77,58.31,3.73,6.63
DRS Thies,Mbour,Juin 2023,28.93,35.0,24.73,10.16,65.78,3.71,6.62
DRS Thies,Mbour,Juillet 2023,28.81,32.37,26.14,150.5,75.41,2.6,5.97
DRS Thies,Mbour,Août 2023,28.1,31.02,25.95,269.57,82.5,2.73,5.46
DRS Thies,Mbour,Septembre 2023,27.97,30.79,25.81,186.79,83.96,1.9,5.59
DRS Thies,Mbour,Octobre 2023,28.18,31.66,25.53,41.41,79.99,1.66,5.59
DRS Thies,Mbour,Novembre 2023,26.08,33.25,20.68,1.99,64.33,2.33,5.68
DRS Thies,Mbour,Décembre 2023,24.04,32.17,17.85,5.21,48.85,3.0,5.24
DRS Thies,Mbour,Janvier 2024,24.43,32.91,18.13,3.55,47.2,2.98,5.32
DRS Thies,Mbour,Février 2024,26.34,35.82,19.28,0.5,38.81,3.47,5.99
DRS Thies,Mbour,Mars 2024,24.69,34.55,18.34,0.03,58.03,4.18,6.6
DRS Thies,Mbour,Avril 2024,26.97,36.67,20.43,0.32,54.66,3.99,6.9
DRS Thies,Mbour,Mai 2024,28.17,36.9,22.29,0.67,59.32,3.76,6.74
DRS Thies,Mbour,Juin 2024,27.53,33.33,23.24,40.97,68.54,3.43,6.48
DRS Thies,Mbour,Juillet 2024,28.11,31.65,25.43,101.02,77.33,3.17,5.53
DRS Thies,Mbour,Août 2024,28.26,31.36,26.06,136.2,79.89,2.99,5.24
DRS Thies,Mbour,Septembre 2024,27.99,31.21,25.64,239.65,81.4,2.43,4.77
DRS Thies,Mbour,Octobre 2024,27.94,32.01,24.74,82.45,78.45,1.88,5.55
DRS Thies,Mbour,Novembre 2024,27.49,34.38,21.91,0.45,61.27,2.04,5.64
DRS Thies,Mbour,Décembre 2024,24.59,31.52,19.18,0.33,45.34,3.21,4.49
DRS Thies,Mbour,Janvier 2025,23.77,32.58,17.01,0.1,37.5,3.8,5.65
DRS Thies,Mbour,Février 2025,23.49,32.92,16.7,1.71,40.24,4.2,6.18
DRS Thies,Mbour,Mars 2025,23.42,32.2,17.93,5.82,60.29,4.81,6.51
DRS Thies,Mbour,Avril 2025,25.9,34.96,19.9,2.2,59.16,4.42,6.81
DRS Thies,Mbour,Mai 2025,26.96,35.0,21.58,5.76,61.6,3.91,6.47
DRS Thies,Mbour,Juin 2025,28.5,34.59,23.96,27.71,67.3,3.23,6.52
DRS Thies,Mbour,Juillet 2025,28.49,32.32,25.53,49.3,72.43,3.1,6.12
DRS Thies,Mbour,Août 2025,27.97,31.13,25.61,278.12,81.31,2.59,5.45
DRS Thies,Mbour,Septembre 2025,27.93,30.73,25.78,194.41,83.23,1.89,5.19
DRS Thies,Mbour,Octobre 2025,28.41,32.44,25.3,52.29,78.26,1.72,6.01
DRS Thies,Mbour,Novembre 2025,26.47,31.9,22.55,6.21,66.17,2.58,4.69
DRS Thies,Mbour,Décembre 2025,22.31,29.16,17.17,8.96,53.86,3.83,4.89
DRS Thies,Mbour,Janvier 2026,23.01,30.86,17.19,1.5,46.09,4.18,5.19
DRS Thies,Mbour,Février 2026,24.84,34.56,17.68,3.24,41.05,3.5,6.11
DRS Thies,Mbour,Mars 2026,23.93,32.49,18.29,1.32,58.22,4.25,6.62
DRS Thies,Mbour,Avril 2026,25.97,35.89,19.41,4.94,52.42,4.48,7.21
DRS Thies,Mbour,Mai 2026,26.92,35.65,21.05,6.68,59.53,3.75,6.82
DRS Thies,Mbour,Juin 2026,28.7,35.33,24.04,5.59,64.74,3.24,6.18
DRS Thies,Mbour,Juillet 2026,28.9,33.14,26.04,115.11,72.61,2.73,5.85
DRS Thies,Mbour,Août 2026,28.86,32.62,26.24,11.77,73.68,3.22,6.12
DRS Thies,Mekhe,Janvier 2021,21.26,28.32,16.35,0.46,52.27,3.84,4.98
DRS Thies,Mekhe,Février 2021,22.08,30.57,16.9,12.3,52.32,3.95,5.42
DRS Thies,Mekhe,Mars 2021,22.29,30.72,17.13,3.66,63.08,4.39,6.79
DRS Thies,Mekhe,Avril 2021,23.38,32.31,18.13,8.62,68.5,4.53,7.25
DRS Thies,Mekhe,Mai 2021,24.08,31.41,19.3,3.67,68.66,4.22,6.64
DRS Thies,Mekhe,Juin 2021,27.43,33.72,22.93,52.99,67.75,3.29,6.1
DRS Thies,Mekhe,Juillet 2021,28.09,33.17,24.35,16.53,68.52,3.21,5.88
DRS Thies,Mekhe,Août 2021,27.89,31.17,25.29,262.92,79.03,2.39,5.46
DRS Thies,Mekhe,Septembre 2021,27.94,31.4,25.32,177.11,81.57,1.89,5.75
DRS Thies,Mekhe,Octobre 2021,27.73,32.09,24.45,38.53,75.42,1.97,5.35
DRS Thies,Mekhe,Novembre 2021,26.68,32.33,22.7,11.57,66.98,2.56,5.03
DRS Thies,Mekhe,Décembre 2021,24.74,31.5,19.66,8.7,50.8,3.0,4.12
DRS Thies,Mekhe,Janvier 2022,24.22,31.41,18.89,9.41,48.33,3.63,4.71
DRS Thies,Mekhe,Février 2022,23.61,31.52,18.02,8.51,46.47,4.37,5.84
DRS Thies,Mekhe,Mars 2022,22.25,31.09,16.79,13.45,59.55,4.74,6.64
DRS Thies,Mekhe,Avril 2022,23.66,32.32,18.3,2.49,64.33,4.84,7.01
DRS Thies,Mekhe,Mai 2022,26.43,34.77,20.93,10.89,63.42,3.65,6.59
DRS Thies,Mekhe,Juin 2022,28.24,34.48,23.87,44.41,66.93,3.38,5.88
DRS Thies,Mekhe,Juillet 2022,28.2,32.66,25.01,107.89,72.0,3.35,5.7
DRS Thies,Mekhe,Août 2022,27.92,31.06,25.44,172.68,78.65,2.76,5.54
DRS Thies,Mekhe,Septembre 2022,27.77,31.01,25.35,156.25,81.9,2.21,5.44
DRS Thies,Mekhe,Octobre 2022,27.86,31.9,24.7,60.13,76.5,1.75,5.42
DRS Thies,Mekhe,Novembre 2022,25.73,32.36,20.42,1.37,56.15,2.25,5.23
DRS Thies,Mekhe,Décembre 2022,24.33,31.64,18.73,4.54,53.08,3.13,5.45
DRS Thies,Mekhe,Janvier 2023,23.33,30.79,17.82,21.14,45.49,3.69,4.96
DRS Thies,Mekhe,Février 2023,22.34,30.88,17.24,12.17,58.84,4.67,5.33
DRS Thies,Mekhe,Mars 2023,25.89,35.72,19.28,2.71,52.96,3.63,6.77
DRS Thies,Mekhe,Avril 2023,25.62,34.02,20.37,6.66,61.58,4.43,6.84
DRS Thies,Mekhe,Mai 2023,27.67,35.27,22.6,5.43,61.66,4.22,6.61
DRS Thies,Mekhe,Juin 2023,28.54,34.73,24.29,8.96,66.6,3.92,6.8
DRS Thies,Mekhe,Juillet 2023,28.99,32.85,25.96,197.09,73.22,2.71,5.62
DRS Thies,Mekhe,Août 2023,28.11,31.16,25.73,303.28,81.49,2.72,5.84
DRS Thies,Mekhe,Septembre 2023,27.87,30.71,25.68,185.33,83.94,1.96,5.7
DRS Thies,Mekhe,Octobre 2023,28.06,31.56,25.36,33.94,79.69,1.71,5.67
DRS Thies,Mekhe,Novembre 2023,25.28,31.75,20.55,3.64,67.13,2.41,5.49
DRS Thies,Mekhe,Décembre 2023,23.46,31.18,17.91,10.92,51.67,3.18,5.03
DRS Thies,Mekhe,Janvier 2024,23.9,32.04,18.12,7.16,49.0,3.04,5.07
DRS Thies,Mekhe,Février 2024,25.57,34.87,19.02,1.07,42.12,3.73,5.9
DRS Thies,Mekhe,Mars 2024,23.23,31.93,17.95,0.07,66.03,4.29,6.79
DRS Thies,Mekhe,Avril 2024,25.94,34.79,20.15,0.61,59.61,4.4,6.81
DRS Thies,Mekhe,Mai 2024,27.13,35.29,21.74,1.7,63.32,4.06,6.92
DRS Thies,Mekhe,Juin 2024,27.34,33.36,22.94,37.1,67.96,3.65,6.34
DRS Thies,Mekhe,Juillet 2024,28.27,32.36,25.13,118.98,74.73,3.28,5.69
DRS Thies,Mekhe,Août 2024,28.54,32.04,25.96,96.11,77.39,3.01,5.49
DRS Thies,Mekhe,Septembre 2024,28.05,31.49,25.49,259.11,79.41,2.5,5.23
DRS Thies,Mekhe,Octobre 2024,27.93,32.04,24.7,82.29,77.05,1.94,5.36
DRS Thies,Mekhe,Novembre 2024,26.54,33.29,21.19,1.51,60.23,2.36,5.52
DRS Thies,Mekhe,Décembre 2024,24.02,30.54,19.03,0.84,46.35,3.39,4.28
DRS Thies,Mekhe,Janvier 2025,22.85,31.44,16.55,0.17,41.3,3.96,5.58
DRS Thies,Mekhe,Février 2025,22.43,31.38,16.22,9.48,46.07,4.38,6.08
DRS Thies,Mekhe,Mars 2025,21.68,28.99,17.54,37.26,69.64,5.13,6.41
DRS Thies,Mekhe,Avril 2025,24.02,32.07,19.32,8.41,68.84,4.68,6.76
DRS Thies,Mekhe,Mai 2025,25.69,33.19,20.96,4.61,66.95,4.18,6.44
DRS Thies,Mekhe,Juin 2025,27.88,34.06,23.3,128.07,69.6,3.17,6.33
DRS Thies,Mekhe,Juillet 2025,27.99,31.9,24.88,126.17,74.04,3.03,5.98
DRS Thies,Mekhe,Août 2025,28.1,31.43,25.45,220.77,80.12,2.5,5.65
DRS Thies,Mekhe,Septembre 2025,28.02,30.96,25.7,183.94,82.16,1.85,5.61
DRS Thies,Mekhe,Octobre 2025,28.18,32.06,25.11,51.51,78.19,1.77,5.99
DRS Thies,Mekhe,Novembre 2025,25.75,30.37,22.34,5.92,69.79,2.55,4.57
DRS Thies,Mekhe,Décembre 2025,21.17,26.75,16.83,7.82,59.87,3.88,4.58
DRS Thies,Mekhe,Janvier 2026,21.7,28.77,16.66,2.16,53.44,4.18,5.14
DRS Thies,Mekhe,Février 2026,23.75,33.0,17.33,3.15,46.65,3.69,6.17
DRS Thies,Mekhe,Mars 2026,22.47,30.06,17.89,3.36,66.65,4.37,6.48
DRS Thies,Mekhe,Avril 2026,24.36,33.11,19.04,28.75,60.74,4.73,7.03
DRS Thies,Mekhe,Mai 2026,25.85,34.2,20.51,6.46,64.58,3.99,6.76
DRS Thies,Mekhe,Juin 2026,28.47,35.45,23.58,6.48,65.06,3.29,5.57
DRS Thies,Mekhe,Juillet 2026,28.83,33.56,25.64,103.98,71.62,2.82,5.5
DRS Thies,Mekhe,Août 2026,29.0,33.35,26.09,4.49,72.51,3.38,3.82
DRS Thies,Popenguine,Janvier 2021,22.52,30.54,16.72,0.1,45.59,3.82,5.13
DRS Thies,Popenguine,Février 2021,23.63,32.93,17.51,4.68,44.03,3.89,5.25
DRS Thies,Popenguine,Mars 2021,23.84,33.49,17.48,1.82,54.95,4.23,6.81
DRS Thies,Popenguine,Avril 2021,25.22,35.53,18.63,1.57,59.44,4.1,7.11
DRS Thies,Popenguine,Mai 2021,25.41,34.03,19.74,2.11,62.51,3.96,6.59
DRS Thies,Popenguine,Juin 2021,27.78,33.82,23.46,28.37,67.05,3.15,5.9
DRS Thies,Popenguine,Juillet 2021,28.26,32.83,24.9,29.37,69.49,3.1,5.92
DRS Thies,Popenguine,Août 2021,27.66,30.78,25.33,248.57,81.24,2.44,5.32
DRS Thies,Popenguine,Septembre 2021,27.83,31.04,25.39,198.13,82.83,1.86,5.81
DRS Thies,Popenguine,Octobre 2021,27.87,32.19,24.64,52.53,76.64,1.91,5.32
DRS Thies,Popenguine,Novembre 2021,27.15,33.27,22.76,5.51,66.61,2.37,5.22
DRS Thies,Popenguine,Décembre 2021,25.37,32.53,19.81,7.21,49.41,2.86,4.35
DRS Thies,Popenguine,Janvier 2022,24.81,32.4,18.98,3.96,45.45,3.48,4.85
DRS Thies,Popenguine,Février 2022,24.4,32.84,18.2,3.96,41.42,4.13,5.97
DRS Thies,Popenguine,Mars 2022,23.78,33.63,17.24,6.31,51.14,4.51,6.46
DRS Thies,Popenguine,Avril 2022,25.37,35.23,18.77,0.43,55.64,4.48,6.99
DRS Thies,Popenguine,Mai 2022,27.04,35.78,21.13,22.29,61.39,3.42,6.58
DRS Thies,Popenguine,Juin 2022,28.0,33.39,24.13,69.79,70.13,3.2,5.98
DRS Thies,Popenguine,Juillet 2022,28.2,32.11,25.36,104.12,74.01,3.28,5.59
DRS Thies,Popenguine,Août 2022,27.73,30.62,25.58,208.86,81.16,2.78,5.31
DRS Thies,Popenguine,Septembre 2022,27.53,30.43,25.38,210.32,83.72,2.27,5.36
DRS Thies,Popenguine,Octobre 2022,27.68,31.45,24.67,89.55,79.08,1.67,5.46
DRS Thies,Popenguine,Novembre 2022,25.67,32.33,20.18,2.07,58.34,2.14,5.08
DRS Thies,Popenguine,Décembre 2022,24.24,31.79,18.32,4.25,54.81,2.84,5.38
DRS Thies,Popenguine,Janvier 2023,23.46,31.11,17.58,7.13,45.53,3.44,4.94
DRS Thies,Popenguine,Février 2023,23.76,33.06,17.59,2.67,50.79,4.34,5.48
DRS Thies,Popenguine,Mars 2023,26.35,36.52,19.41,0.89,50.42,3.27,6.82
DRS Thies,Popenguine,Avril 2023,26.79,35.88,20.73,1.94,55.96,4.08,6.8
DRS Thies,Popenguine,Mai 2023,28.5,36.52,22.95,1.77,58.31,3.73,6.52
DRS Thies,Popenguine,Juin 2023,28.93,35.0,24.73,10.16,65.78,3.71,6.63
DRS Thies,Popenguine,Juillet 2023,28.81,32.37,26.14,150.5,75.41,2.6,5.71
DRS Thies,Popenguine,Août 2023,28.1,31.02,25.95,269.57,82.5,2.73,5.4
DRS Thies,Popenguine,Septembre 2023,27.97,30.79,25.81,186.79,83.96,1.9,5.45
DRS Thies,Popenguine,Octobre 2023,28.18,31.66,25.53,41.41,79.99,1.66,5.5
DRS Thies,Popenguine,Novembre 2023,26.08,33.25,20.68,1.99,64.33,2.33,5.53
DRS Thies,Popenguine,Décembre 2023,24.04,32.17,17.85,5.21,48.85,3.0,5.12
DRS Thies,Popenguine,Janvier 2024,24.43,32.91,18.13,3.55,47.2,2.98,5.15
DRS Thies,Popenguine,Février 2024,26.34,35.82,19.28,0.5,38.81,3.47,5.79
DRS Thies,Popenguine,Mars 2024,24.69,34.55,18.34,0.03,58.03,4.18,6.67
DRS Thies,Popenguine,Avril 2024,26.97,36.67,20.43,0.32,54.66,3.99,6.87
DRS Thies,Popenguine,Mai 2024,28.17,36.9,22.29,0.67,59.32,3.76,6.76
DRS Thies,Popenguine,Juin 2024,27.53,33.33,23.24,40.97,68.54,3.43,6.26
DRS Thies,Popenguine,Juillet 2024,28.11,31.65,25.43,101.02,77.33,3.17,5.43
DRS Thies,Popenguine,Août 2024,28.26,31.36,26.06,136.2,79.89,2.99,5.23
DRS Thies,Popenguine,Septembre 2024,27.99,31.21,25.64,239.65,81.4,2.43,4.95
DRS Thies,Popenguine,Octobre 2024,27.94,32.01,24.74,82.45,78.45,1.88,5.21
DRS Thies,Popenguine,Novembre 2024,27.49,34.38,21.91,0.45,61.27,2.04,5.49
DRS Thies,Popenguine,Décembre 2024,24.59,31.52,19.18,0.33,45.34,3.21,4.29
DRS Thies,Popenguine,Janvier 2025,23.77,32.58,17.01,0.1,37.5,3.8,5.51
DRS Thies,Popenguine,Février 2025,23.49,32.92,16.7,1.71,40.24,4.2,6.06
DRS Thies,Popenguine,Mars 2025,23.42,32.2,17.93,5.82,60.29,4.81,6.42
DRS Thies,Popenguine,Avril 2025,25.9,34.96,19.9,2.2,59.16,4.42,6.74
DRS Thies,Popenguine,Mai 2025,26.96,35.0,21.58,5.76,61.6,3.91,6.41
DRS Thies,Popenguine,Juin 2025,28.5,34.59,23.96,27.71,67.3,3.23,6.4
DRS Thies,Popenguine,Juillet 2025,28.49,32.32,25.53,49.3,72.43,3.1,5.99
DRS Thies,Popenguine,Août 2025,27.97,31.13,25.61,278.12,81.31,2.59,5.56
DRS Thies,Popenguine,Septembre 2025,27.93,30.73,25.78,194.41,83.23,1.89,5.38
DRS Thies,Popenguine,Octobre 2025,28.41,32.44,25.3,52.29,78.26,1.72,5.83
DRS Thies,Popenguine,Novembre 2025,26.47,31.9,22.55,6.21,66.17,2.58,4.43
DRS Thies,Popenguine,Décembre 2025,22.31,29.16,17.17,8.96,53.86,3.83,4.69
DRS Thies,Popenguine,Janvier 2026,23.01,30.86,17.19,1.5,46.09,4.18,5.05
DRS Thies,Popenguine,Février 2026,24.84,34.56,17.68,3.24,41.05,3.5,6.0
DRS Thies,Popenguine,Mars 2026,23.93,32.49,18.29,1.32,58.22,4.25,6.47
DRS Thies,Popenguine,Avril 2026,25.97,35.89,19.41,4.94,52.42,4.48,7.11
DRS Thies,Popenguine,Mai 2026,26.92,35.65,21.05,6.68,59.53,3.75,6.63
DRS Thies,Popenguine,Juin 2026,28.7,35.33,24.04,5.59,64.74,3.24,5.58
DRS Thies,Popenguine,Juillet 2026,28.9,33.14,26.04,115.11,72.61,2.73,5.6
DRS Thies,Popenguine,Août 2026,28.86,32.62,26.24,11.77,73.68,3.22,4.9
DRS Thies,Pout,Janvier 2021,21.26,28.32,16.35,0.46,52.27,3.84,5.13
DRS Thies,Pout,Février 2021,22.08,30.57,16.9,12.3,52.32,3.95,5.25
DRS Thies,Pout,Mars 2021,22.29,30.72,17.13,3.66,63.08,4.39,6.81
DRS Thies,Pout,Avril 2021,23.38,32.31,18.13,8.62,68.5,4.53,7.11
DRS Thies,Pout,Mai 2021,24.08,31.41,19.3,3.67,68.66,4.22,6.59
DRS Thies,Pout,Juin 2021,27.43,33.72,22.93,52.99,67.75,3.29,5.9
DRS Thies,Pout,Juillet 2021,28.09,33.17,24.35,16.53,68.52,3.21,5.92
DRS Thies,Pout,Août 2021,27.89,31.17,25.29,262.92,79.03,2.39,5.32
DRS Thies,Pout,Septembre 2021,27.94,31.4,25.32,177.11,81.57,1.89,5.81
DRS Thies,Pout,Octobre 2021,27.73,32.09,24.45,38.53,75.42,1.97,5.32
DRS Thies,Pout,Novembre 2021,26.68,32.33,22.7,11.57,66.98,2.56,5.22
DRS Thies,Pout,Décembre 2021,24.74,31.5,19.66,8.7,50.8,3.0,4.35
DRS Thies,Pout,Janvier 2022,24.22,31.41,18.89,9.41,48.33,3.63,4.85
DRS Thies,Pout,Février 2022,23.61,31.52,18.02,8.51,46.47,4.37,5.97
DRS Thies,Pout,Mars 2022,22.25,31.09,16.79,13.45,59.55,4.74,6.46
DRS Thies,Pout,Avril 2022,23.66,32.32,18.3,2.49,64.33,4.84,6.99
DRS Thies,Pout,Mai 2022,26.43,34.77,20.93,10.89,63.42,3.65,6.58
DRS Thies,Pout,Juin 2022,28.24,34.48,23.87,44.41,66.93,3.38,5.98
DRS Thies,Pout,Juillet 2022,28.2,32.66,25.01,107.89,72.0,3.35,5.59
DRS Thies,Pout,Août 2022,27.92,31.06,25.44,172.68,78.65,2.76,5.31
DRS Thies,Pout,Septembre 2022,27.77,31.01,25.35,156.25,81.9,2.21,5.36
DRS Thies,Pout,Octobre 2022,27.86,31.9,24.7,60.13,76.5,1.75,5.46
DRS Thies,Pout,Novembre 2022,25.73,32.36,20.42,1.37,56.15,2.25,5.08
DRS Thies,Pout,Décembre 2022,24.33,31.64,18.73,4.54,53.08,3.13,5.38
DRS Thies,Pout,Janvier 2023,23.33,30.79,17.82,21.14,45.49,3.69,4.94
DRS Thies,Pout,Février 2023,22.34,30.88,17.24,12.17,58.84,4.67,5.48
DRS Thies,Pout,Mars 2023,25.89,35.72,19.28,2.71,52.96,3.63,6.82
DRS Thies,Pout,Avril 2023,25.62,34.02,20.37,6.66,61.58,4.43,6.8
DRS Thies,Pout,Mai 2023,27.67,35.27,22.6,5.43,61.66,4.22,6.52
DRS Thies,Pout,Juin 2023,28.54,34.73,24.29,8.96,66.6,3.92,6.63
DRS Thies,Pout,Juillet 2023,28.99,32.85,25.96,197.09,73.22,2.71,5.71
DRS Thies,Pout,Août 2023,28.11,31.16,25.73,303.28,81.49,2.72,5.4
DRS Thies,Pout,Septembre 2023,27.87,30.71,25.68,185.33,83.94,1.96,5.45
DRS Thies,Pout,Octobre 2023,28.06,31.56,25.36,33.94,79.69,1.71,5.5
DRS Thies,Pout,Novembre 2023,25.28,31.75,20.55,3.64,67.13,2.41,5.53
DRS Thies,Pout,Décembre 2023,23.46,31.18,17.91,10.92,51.67,3.18,5.12
DRS Thies,Pout,Janvier 2024,23.9,32.04,18.12,7.16,49.0,3.04,5.15
DRS Thies,Pout,Février 2024,25.57,34.87,19.02,1.07,42.12,3.73,5.79
DRS Thies,Pout,Mars 2024,23.23,31.93,17.95,0.07,66.03,4.29,6.67
DRS Thies,Pout,Avril 2024,25.94,34.79,20.15,0.61,59.61,4.4,6.87
DRS Thies,Pout,Mai 2024,27.13,35.29,21.74,1.7,63.32,4.06,6.76
DRS Thies,Pout,Juin 2024,27.34,33.36,22.94,37.1,67.96,3.65,6.26
DRS Thies,Pout,Juillet 2024,28.27,32.36,25.13,118.98,74.73,3.28,5.43
DRS Thies,Pout,Août 2024,28.54,32.04,25.96,96.11,77.39,3.01,5.23
DRS Thies,Pout,Septembre 2024,28.05,31.49,25.49,259.11,79.41,2.5,4.95
DRS Thies,Pout,Octobre 2024,27.93,32.04,24.7,82.29,77.05,1.94,5.21
DRS Thies,Pout,Novembre 2024,26.54,33.29,21.19,1.51,60.23,2.36,5.49
DRS Thies,Pout,Décembre 2024,24.02,30.54,19.03,0.84,46.35,3.39,4.29
DRS Thies,Pout,Janvier 2025,22.85,31.44,16.55,0.17,41.3,3.96,5.51
DRS Thies,Pout,Février 2025,22.43,31.38,16.22,9.48,46.07,4.38,6.06
DRS Thies,Pout,Mars 2025,21.68,28.99,17.54,37.26,69.64,5.13,6.42
DRS Thies,Pout,Avril 2025,24.02,32.07,19.32,8.41,68.84,4.68,6.74
DRS Thies,Pout,Mai 2025,25.69,33.19,20.96,4.61,66.95,4.18,6.41
DRS Thies,Pout,Juin 2025,27.88,34.06,23.3,128.07,69.6,3.17,6.4
DRS Thies,Pout,Juillet 2025,27.99,31.9,24.88,126.17,74.04,3.03,5.99
DRS Thies,Pout,Août 2025,28.1,31.43,25.45,220.77,80.12,2.5,5.56
DRS Thies,Pout,Septembre 2025,28.02,30.96,25.7,183.94,82.16,1.85,5.38
DRS Thies,Pout,Octobre 2025,28.18,32.06,25.11,51.51,78.19,1.77,5.83
DRS Thies,Pout,Novembre 2025,25.75,30.37,22.34,5.92,69.79,2.55,4.43
DRS Thies,Pout,Décembre 2025,21.17,26.75,16.83,7.82,59.87,3.88,4.69
DRS Thies,Pout,Janvier 2026,21.7,28.77,16.66,2.16,53.44,4.18,5.05
DRS Thies,Pout,Février 2026,23.75,33.0,17.33,3.15,46.65,3.69,6.0
DRS Thies,Pout,Mars 2026,22.47,30.06,17.89,3.36,66.65,4.37,6.47
DRS Thies,Pout,Avril 2026,24.36,33.11,19.04,28.75,60.74,4.73,7.11
DRS Thies,Pout,Mai 2026,25.85,34.2,20.51,6.46,64.58,3.99,6.63
DRS Thies,Pout,Juin 2026,28.47,35.45,23.58,6.48,65.06,3.29,5.58
DRS Thies,Pout,Juillet 2026,28.83,33.56,25.64,103.98,71.62,2.82,5.6
DRS Thies,Pout,Août 2026,29.0,33.35,26.09,4.49,72.51,3.38,4.9
DRS Thies,Thiadiaye,Janvier 2021,22.52,30.54,16.72,0.1,45.59,3.82,5.45
DRS Thies,Thiadiaye,Février 2021,23.63,32.93,17.51,4.68,44.03,3.89,5.52
DRS Thies,Thiadiaye,Mars 2021,23.84,33.49,17.48,1.82,54.95,4.23,6.91
DRS Thies,Thiadiaye,Avril 2021,25.22,35.53,18.63,1.57,59.44,4.1,7.27
DRS Thies,Thiadiaye,Mai 2021,25.41,34.03,19.74,2.11,62.51,3.96,6.85
DRS Thies,Thiadiaye,Juin 2021,27.78,33.82,23.46,28.37,67.05,3.15,6.24
DRS Thies,Thiadiaye,Juillet 2021,28.26,32.83,24.9,29.37,69.49,3.1,6.31
DRS Thies,Thiadiaye,Août 2021,27.66,30.78,25.33,248.57,81.24,2.44,5.61
DRS Thies,Thiadiaye,Septembre 2021,27.83,31.04,25.39,198.13,82.83,1.86,5.91
DRS Thies,Thiadiaye,Octobre 2021,27.87,32.19,24.64,52.53,76.64,1.91,5.47
DRS Thies,Thiadiaye,Novembre 2021,27.15,33.27,22.76,5.51,66.61,2.37,5.43
DRS Thies,Thiadiaye,Décembre 2021,25.37,32.53,19.81,7.21,49.41,2.86,4.73
DRS Thies,Thiadiaye,Janvier 2022,24.81,32.4,18.98,3.96,45.45,3.48,5.17
DRS Thies,Thiadiaye,Février 2022,24.4,32.84,18.2,3.96,41.42,4.13,6.15
DRS Thies,Thiadiaye,Mars 2022,23.78,33.63,17.24,6.31,51.14,4.51,6.56
DRS Thies,Thiadiaye,Avril 2022,25.37,35.23,18.77,0.43,55.64,4.48,7.06
DRS Thies,Thiadiaye,Mai 2022,27.04,35.78,21.13,22.29,61.39,3.42,6.83
DRS Thies,Thiadiaye,Juin 2022,28.0,33.39,24.13,69.79,70.13,3.2,6.21
DRS Thies,Thiadiaye,Juillet 2022,28.2,32.11,25.36,104.12,74.01,3.28,5.83
DRS Thies,Thiadiaye,Août 2022,27.73,30.62,25.58,208.86,81.16,2.78,4.88
DRS Thies,Thiadiaye,Septembre 2022,27.53,30.43,25.38,210.32,83.72,2.27,5.53
DRS Thies,Thiadiaye,Octobre 2022,27.68,31.45,24.67,89.55,79.08,1.67,5.66
DRS Thies,Thiadiaye,Novembre 2022,25.67,32.33,20.18,2.07,58.34,2.14,5.28
DRS Thies,Thiadiaye,Décembre 2022,24.24,31.79,18.32,4.25,54.81,2.84,5.44
DRS Thies,Thiadiaye,Janvier 2023,23.46,31.11,17.58,7.13,45.53,3.44,5.16
DRS Thies,Thiadiaye,Février 2023,23.76,33.06,17.59,2.67,50.79,4.34,5.66
DRS Thies,Thiadiaye,Mars 2023,26.35,36.52,19.41,0.89,50.42,3.27,6.84
DRS Thies,Thiadiaye,Avril 2023,26.79,35.88,20.73,1.94,55.96,4.08,7.05
DRS Thies,Thiadiaye,Mai 2023,28.5,36.52,22.95,1.77,58.31,3.73,6.63
DRS Thies,Thiadiaye,Juin 2023,28.93,35.0,24.73,10.16,65.78,3.71,6.62
DRS Thies,Thiadiaye,Juillet 2023,28.81,32.37,26.14,150.5,75.41,2.6,5.97
DRS Thies,Thiadiaye,Août 2023,28.1,31.02,25.95,269.57,82.5,2.73,5.46
DRS Thies,Thiadiaye,Septembre 2023,27.97,30.79,25.81,186.79,83.96,1.9,5.59
DRS Thies,Thiadiaye,Octobre 2023,28.18,31.66,25.53,41.41,79.99,1.66,5.59
DRS Thies,Thiadiaye,Novembre 2023,26.08,33.25,20.68,1.99,64.33,2.33,5.68
DRS Thies,Thiadiaye,Décembre 2023,24.04,32.17,17.85,5.21,48.85,3.0,5.24
DRS Thies,Thiadiaye,Janvier 2024,24.43,32.91,18.13,3.55,47.2,2.98,5.32
DRS Thies,Thiadiaye,Février 2024,26.34,35.82,19.28,0.5,38.81,3.47,5.99
DRS Thies,Thiadiaye,Mars 2024,24.69,34.55,18.34,0.03,58.03,4.18,6.6
DRS Thies,Thiadiaye,Avril 2024,26.97,36.67,20.43,0.32,54.66,3.99,6.9
DRS Thies,Thiadiaye,Mai 2024,28.17,36.9,22.29,0.67,59.32,3.76,6.74
DRS Thies,Thiadiaye,Juin 2024,27.53,33.33,23.24,40.97,68.54,3.43,6.48
DRS Thies,Thiadiaye,Juillet 2024,28.11,31.65,25.43,101.02,77.33,3.17,5.53
DRS Thies,Thiadiaye,Août 2024,28.26,31.36,26.06,136.2,79.89,2.99,5.24
DRS Thies,Thiadiaye,Septembre 2024,27.99,31.21,25.64,239.65,81.4,2.43,4.77
DRS Thies,Thiadiaye,Octobre 2024,27.94,32.01,24.74,82.45,78.45,1.88,5.55
DRS Thies,Thiadiaye,Novembre 2024,27.49,34.38,21.91,0.45,61.27,2.04,5.64
DRS Thies,Thiadiaye,Décembre 2024,24.59,31.52,19.18,0.33,45.34,3.21,4.49
DRS Thies,Thiadiaye,Janvier 2025,23.77,32.58,17.01,0.1,37.5,3.8,5.65
DRS Thies,Thiadiaye,Février 2025,23.49,32.92,16.7,1.71,40.24,4.2,6.18
DRS Thies,Thiadiaye,Mars 2025,23.42,32.2,17.93,5.82,60.29,4.81,6.51
DRS Thies,Thiadiaye,Avril 2025,25.9,34.96,19.9,2.2,59.16,4.42,6.81
DRS Thies,Thiadiaye,Mai 2025,26.96,35.0,21.58,5.76,61.6,3.91,6.47
DRS Thies,Thiadiaye,Juin 2025,28.5,34.59,23.96,27.71,67.3,3.23,6.52
DRS Thies,Thiadiaye,Juillet 2025,28.49,32.32,25.53,49.3,72.43,3.1,6.12
DRS Thies,Thiadiaye,Août 2025,27.97,31.13,25.61,278.12,81.31,2.59,5.45
DRS Thies,Thiadiaye,Septembre 2025,27.93,30.73,25.78,194.41,83.23,1.89,5.19
DRS Thies,Thiadiaye,Octobre 2025,28.41,32.44,25.3,52.29,78.26,1.72,6.01
DRS Thies,Thiadiaye,Novembre 2025,26.47,31.9,22.55,6.21,66.17,2.58,4.69
DRS Thies,Thiadiaye,Décembre 2025,22.31,29.16,17.17,8.96,53.86,3.83,4.89
DRS Thies,Thiadiaye,Janvier 2026,23.01,30.86,17.19,1.5,46.09,4.18,5.19
DRS Thies,Thiadiaye,Février 2026,24.84,34.56,17.68,3.24,41.05,3.5,6.11
DRS Thies,Thiadiaye,Mars 2026,23.93,32.49,18.29,1.32,58.22,4.25,6.62
DRS Thies,Thiadiaye,Avril 2026,25.97,35.89,19.41,4.94,52.42,4.48,7.21
DRS Thies,Thiadiaye,Mai 2026,26.92,35.65,21.05,6.68,59.53,3.75,6.82
DRS Thies,Thiadiaye,Juin 2026,28.7,35.33,24.04,5.59,64.74,3.24,6.18
DRS Thies,Thiadiaye,Juillet 2026,28.9,33.14,26.04,115.11,72.61,2.73,5.85
DRS Thies,Thiadiaye,Août 2026,28.86,32.62,26.24,11.77,73.68,3.22,6.12
DRS Thies,Thies,Janvier 2021,21.26,28.32,16.35,0.46,52.27,3.84,5.45
DRS Thies,Thies,Février 2021,22.08,30.57,16.9,12.3,52.32,3.95,5.52
DRS Thies,Thies,Mars 2021,22.29,30.72,17.13,3.66,63.08,4.39,6.91
DRS Thies,Thies,Avril 2021,23.38,32.31,18.13,8.62,68.5,4.53,7.27
DRS Thies,Thies,Mai 2021,24.08,31.41,19.3,3.67,68.66,4.22,6.85
DRS Thies,Thies,Juin 2021,27.43,33.72,22.93,52.99,67.75,3.29,6.24
DRS Thies,Thies,Juillet 2021,28.09,33.17,24.35,16.53,68.52,3.21,6.31
DRS Thies,Thies,Août 2021,27.89,31.17,25.29,262.92,79.03,2.39,5.61
DRS Thies,Thies,Septembre 2021,27.94,31.4,25.32,177.11,81.57,1.89,5.91
DRS Thies,Thies,Octobre 2021,27.73,32.09,24.45,38.53,75.42,1.97,5.47
DRS Thies,Thies,Novembre 2021,26.68,32.33,22.7,11.57,66.98,2.56,5.43
DRS Thies,Thies,Décembre 2021,24.74,31.5,19.66,8.7,50.8,3.0,4.73
DRS Thies,Thies,Janvier 2022,24.22,31.41,18.89,9.41,48.33,3.63,5.17
DRS Thies,Thies,Février 2022,23.61,31.52,18.02,8.51,46.47,4.37,6.15
DRS Thies,Thies,Mars 2022,22.25,31.09,16.79,13.45,59.55,4.74,6.56
DRS Thies,Thies,Avril 2022,23.66,32.32,18.3,2.49,64.33,4.84,7.06
DRS Thies,Thies,Mai 2022,26.43,34.77,20.93,10.89,63.42,3.65,6.83
DRS Thies,Thies,Juin 2022,28.24,34.48,23.87,44.41,66.93,3.38,6.21
DRS Thies,Thies,Juillet 2022,28.2,32.66,25.01,107.89,72.0,3.35,5.83
DRS Thies,Thies,Août 2022,27.92,31.06,25.44,172.68,78.65,2.76,4.88
DRS Thies,Thies,Septembre 2022,27.77,31.01,25.35,156.25,81.9,2.21,5.53
DRS Thies,Thies,Octobre 2022,27.86,31.9,24.7,60.13,76.5,1.75,5.66
DRS Thies,Thies,Novembre 2022,25.73,32.36,20.42,1.37,56.15,2.25,5.28
DRS Thies,Thies,Décembre 2022,24.33,31.64,18.73,4.54,53.08,3.13,5.44
DRS Thies,Thies,Janvier 2023,23.33,30.79,17.82,21.14,45.49,3.69,5.16
DRS Thies,Thies,Février 2023,22.34,30.88,17.24,12.17,58.84,4.67,5.66
DRS Thies,Thies,Mars 2023,25.89,35.72,19.28,2.71,52.96,3.63,6.84
DRS Thies,Thies,Avril 2023,25.62,34.02,20.37,6.66,61.58,4.43,7.05
DRS Thies,Thies,Mai 2023,27.67,35.27,22.6,5.43,61.66,4.22,6.63
DRS Thies,Thies,Juin 2023,28.54,34.73,24.29,8.96,66.6,3.92,6.62
DRS Thies,Thies,Juillet 2023,28.99,32.85,25.96,197.09,73.22,2.71,5.97
DRS Thies,Thies,Août 2023,28.11,31.16,25.73,303.28,81.49,2.72,5.46
DRS Thies,Thies,Septembre 2023,27.87,30.71,25.68,185.33,83.94,1.96,5.59
DRS Thies,Thies,Octobre 2023,28.06,31.56,25.36,33.94,79.69,1.71,5.59
DRS Thies,Thies,Novembre 2023,25.28,31.75,20.55,3.64,67.13,2.41,5.68
DRS Thies,Thies,Décembre 2023,23.46,31.18,17.91,10.92,51.67,3.18,5.24
DRS Thies,Thies,Janvier 2024,23.9,32.04,18.12,7.16,49.0,3.04,5.32
DRS Thies,Thies,Février 2024,25.57,34.87,19.02,1.07,42.12,3.73,5.99
DRS Thies,Thies,Mars 2024,23.23,31.93,17.95,0.07,66.03,4.29,6.6
DRS Thies,Thies,Avril 2024,25.94,34.79,20.15,0.61,59.61,4.4,6.9
DRS Thies,Thies,Mai 2024,27.13,35.29,21.74,1.7,63.32,4.06,6.74
DRS Thies,Thies,Juin 2024,27.34,33.36,22.94,37.1,67.96,3.65,6.48
DRS Thies,Thies,Juillet 2024,28.27,32.36,25.13,118.98,74.73,3.28,5.53
DRS Thies,Thies,Août 2024,28.54,32.04,25.96,96.11,77.39,3.01,5.24
DRS Thies,Thies,Septembre 2024,28.05,31.49,25.49,259.11,79.41,2.5,4.77
DRS Thies,Thies,Octobre 2024,27.93,32.04,24.7,82.29,77.05,1.94,5.55
DRS Thies,Thies,Novembre 2024,26.54,33.29,21.19,1.51,60.23,2.36,5.64
DRS Thies,Thies,Décembre 2024,24.02,30.54,19.03,0.84,46.35,3.39,4.49
DRS Thies,Thies,Janvier 2025,22.85,31.44,16.55,0.17,41.3,3.96,5.65
DRS Thies,Thies,Février 2025,22.43,31.38,16.22,9.48,46.07,4.38,6.18
DRS Thies,Thies,Mars 2025,21.68,28.99,17.54,37.26,69.64,5.13,6.51
DRS Thies,Thies,Avril 2025,24.02,32.07,19.32,8.41,68.84,4.68,6.81
DRS Thies,Thies,Mai 2025,25.69,33.19,20.96,4.61,66.95,4.18,6.47
DRS Thies,Thies,Juin 2025,27.88,34.06,23.3,128.07,69.6,3.17,6.52
DRS Thies,Thies,Juillet 2025,27.99,31.9,24.88,126.17,74.04,3.03,6.12
DRS Thies,Thies,Août 2025,28.1,31.43,25.45,220.77,80.12,2.5,5.45
DRS Thies,Thies,Septembre 2025,28.02,30.96,25.7,183.94,82.16,1.85,5.19
DRS Thies,Thies,Octobre 2025,28.18,32.06,25.11,51.51,78.19,1.77,6.01
DRS Thies,Thies,Novembre 2025,25.75,30.37,22.34,5.92,69.79,2.55,4.69
DRS Thies,Thies,Décembre 2025,21.17,26.75,16.83,7.82,59.87,3.88,4.89
DRS Thies,Thies,Janvier 2026,21.7,28.77,16.66,2.16,53.44,4.18,5.19
DRS Thies,Thies,Février 2026,23.75,33.0,17.33,3.15,46.65,3.69,6.11
DRS Thies,Thies,Mars 2026,22.47,30.06,17.89,3.36,66.65,4.37,6.62
DRS Thies,Thies,Avril 2026,24.36,33.11,19.04,28.75,60.74,4.73,7.21
DRS Thies,Thies,Mai 2026,25.85,34.2,20.51,6.46,64.58,3.99,6.82
DRS Thies,Thies,Juin 2026,28.47,35.45,23.58,6.48,65.06,3.29,6.18
DRS Thies,Thies,Juillet 2026,28.83,33.56,25.64,103.98,71.62,2.82,5.85
DRS Thies,Thies,Août 2026,29.0,33.35,26.09,4.49,72.51,3.38,6.12
DRS Thies,Tivaouane,Janvier 2021,21.26,28.32,16.35,0.46,52.27,3.84,5.45
DRS Thies,Tivaouane,Février 2021,22.08,30.57,16.9,12.3,52.32,3.95,5.52
DRS Thies,Tivaouane,Mars 2021,22.29,30.72,17.13,3.66,63.08,4.39,6.91
DRS Thies,Tivaouane,Avril 2021,23.38,32.31,18.13,8.62,68.5,4.53,7.27
DRS Thies,Tivaouane,Mai 2021,24.08,31.41,19.3,3.67,68.66,4.22,6.85
DRS Thies,Tivaouane,Juin 2021,27.43,33.72,22.93,52.99,67.75,3.29,6.24
DRS Thies,Tivaouane,Juillet 2021,28.09,33.17,24.35,16.53,68.52,3.21,6.31
DRS Thies,Tivaouane,Août 2021,27.89,31.17,25.29,262.92,79.03,2.39,5.61
DRS Thies,Tivaouane,Septembre 2021,27.94,31.4,25.32,177.11,81.57,1.89,5.91
DRS Thies,Tivaouane,Octobre 2021,27.73,32.09,24.45,38.53,75.42,1.97,5.47
DRS Thies,Tivaouane,Novembre 2021,26.68,32.33,22.7,11.57,66.98,2.56,5.43
DRS Thies,Tivaouane,Décembre 2021,24.74,31.5,19.66,8.7,50.8,3.0,4.73
DRS Thies,Tivaouane,Janvier 2022,24.22,31.41,18.89,9.41,48.33,3.63,5.17
DRS Thies,Tivaouane,Février 2022,23.61,31.52,18.02,8.51,46.47,4.37,6.15
DRS Thies,Tivaouane,Mars 2022,22.25,31.09,16.79,13.45,59.55,4.74,6.56
DRS Thies,Tivaouane,Avril 2022,23.66,32.32,18.3,2.49,64.33,4.84,7.06
DRS Thies,Tivaouane,Mai 2022,26.43,34.77,20.93,10.89,63.42,3.65,6.83
DRS Thies,Tivaouane,Juin 2022,28.24,34.48,23.87,44.41,66.93,3.38,6.21
DRS Thies,Tivaouane,Juillet 2022,28.2,32.66,25.01,107.89,72.0,3.35,5.83
DRS Thies,Tivaouane,Août 2022,27.92,31.06,25.44,172.68,78.65,2.76,4.88
DRS Thies,Tivaouane,Septembre 2022,27.77,31.01,25.35,156.25,81.9,2.21,5.53
DRS Thies,Tivaouane,Octobre 2022,27.86,31.9,24.7,60.13,76.5,1.75,5.66
DRS Thies,Tivaouane,Novembre 2022,25.73,32.36,20.42,1.37,56.15,2.25,5.28
DRS Thies,Tivaouane,Décembre 2022,24.33,31.64,18.73,4.54,53.08,3.13,5.44
DRS Thies,Tivaouane,Janvier 2023,23.33,30.79,17.82,21.14,45.49,3.69,5.16
DRS Thies,Tivaouane,Février 2023,22.34,30.88,17.24,12.17,58.84,4.67,5.66
DRS Thies,Tivaouane,Mars 2023,25.89,35.72,19.28,2.71,52.96,3.63,6.84
DRS Thies,Tivaouane,Avril 2023,25.62,34.02,20.37,6.66,61.58,4.43,7.05
DRS Thies,Tivaouane,Mai 2023,27.67,35.27,22.6,5.43,61.66,4.22,6.63
DRS Thies,Tivaouane,Juin 2023,28.54,34.73,24.29,8.96,66.6,3.92,6.62
DRS Thies,Tivaouane,Juillet 2023,28.99,32.85,25.96,197.09,73.22,2.71,5.97
DRS Thies,Tivaouane,Août 2023,28.11,31.16,25.73,303.28,81.49,2.72,5.46
DRS Thies,Tivaouane,Septembre 2023,27.87,30.71,25.68,185.33,83.94,1.96,5.59
DRS Thies,Tivaouane,Octobre 2023,28.06,31.56,25.36,33.94,79.69,1.71,5.59
DRS Thies,Tivaouane,Novembre 2023,25.28,31.75,20.55,3.64,67.13,2.41,5.68
DRS Thies,Tivaouane,Décembre 2023,23.46,31.18,17.91,10.92,51.67,3.18,5.24
DRS Thies,Tivaouane,Janvier 2024,23.9,32.04,18.12,7.16,49.0,3.04,5.32
DRS Thies,Tivaouane,Février 2024,25.57,34.87,19.02,1.07,42.12,3.73,5.99
DRS Thies,Tivaouane,Mars 2024,23.23,31.93,17.95,0.07,66.03,4.29,6.6
DRS Thies,Tivaouane,Avril 2024,25.94,34.79,20.15,0.61,59.61,4.4,6.9
DRS Thies,Tivaouane,Mai 2024,27.13,35.29,21.74,1.7,63.32,4.06,6.74
DRS Thies,Tivaouane,Juin 2024,27.34,33.36,22.94,37.1,67.96,3.65,6.48
DRS Thies,Tivaouane,Juillet 2024,28.27,32.36,25.13,118.98,74.73,3.28,5.53
DRS Thies,Tivaouane,Août 2024,28.54,32.04,25.96,96.11,77.39,3.01,5.24
DRS Thies,Tivaouane,Septembre 2024,28.05,31.49,25.49,259.11,79.41,2.5,4.77
DRS Thies,Tivaouane,Octobre 2024,27.93,32.04,24.7,82.29,77.05,1.94,5.55
DRS Thies,Tivaouane,Novembre 2024,26.54,33.29,21.19,1.51,60.23,2.36,5.64
DRS Thies,Tivaouane,Décembre 2024,24.02,30.54,19.03,0.84,46.35,3.39,4.49
DRS Thies,Tivaouane,Janvier 2025,22.85,31.44,16.55,0.17,41.3,3.96,5.65
DRS Thies,Tivaouane,Février 2025,22.43,31.38,16.22,9.48,46.07,4.38,6.18
DRS Thies,Tivaouane,Mars 2025,21.68,28.99,17.54,37.26,69.64,5.13,6.51
DRS Thies,Tivaouane,Avril 2025,24.02,32.07,19.32,8.41,68.84,4.68,6.81
DRS Thies,Tivaouane,Mai 2025,25.69,33.19,20.96,4.61,66.95,4.18,6.47
DRS Thies,Tivaouane,Juin 2025,27.88,34.06,23.3,128.07,69.6,3.17,6.52
DRS Thies,Tivaouane,Juillet 2025,27.99,31.9,24.88,126.17,74.04,3.03,6.12
DRS Thies,Tivaouane,Août 2025,28.1,31.43,25.45,220.77,80.12,2.5,5.45
DRS Thies,Tivaouane,Septembre 2025,28.02,30.96,25.7,183.94,82.16,1.85,5.19
DRS Thies,Tivaouane,Octobre 2025,28.18,32.06,25.11,51.51,78.19,1.77,6.01
DRS Thies,Tivaouane,Novembre 2025,25.75,30.37,22.34,5.92,69.79,2.55,4.69
DRS Thies,Tivaouane,Décembre 2025,21.17,26.75,16.83,7.82,59.87,3.88,4.89
DRS Thies,Tivaouane,Janvier 2026,21.7,28.77,16.66,2.16,53.44,4.18,5.19
DRS Thies,Tivaouane,Février 2026,23.75,33.0,17.33,3.15,46.65,3.69,6.11
DRS Thies,Tivaouane,Mars 2026,22.47,30.06,17.89,3.36,66.65,4.37,6.62
DRS Thies,Tivaouane,Avril 2026,24.36,33.11,19.04,28.75,60.74,4.73,7.21
DRS Thies,Tivaouane,Mai 2026,25.85,34.2,20.51,6.46,64.58,3.99,6.82
DRS Thies,Tivaouane,Juin 2026,28.47,35.45,23.58,6.48,65.06,3.29,6.18
DRS Thies,Tivaouane,Juillet 2026,28.83,33.56,25.64,103.98,71.62,2.82,5.85
DRS Thies,Tivaouane,Août 2026,29.0,33.35,26.09,4.49,72.51,3.38,6.12
DRS Ziguinchor,Bignona,Janvier 2021,22.72,30.64,15.77,0.0,56.65,0.94,5.62
DRS Ziguinchor,Bignona,Février 2021,24.48,33.62,17.13,0.0,49.75,0.87,5.46
DRS Ziguinchor,Bignona,Mars 2021,26.29,36.57,18.5,18.38,49.6,0.92,6.69
DRS Ziguinchor,Bignona,Avril 2021,28.68,39.65,20.33,0.0,50.56,0.91,7.03
DRS Ziguinchor,Bignona,Mai 2021,29.05,38.98,21.5,0.73,51.05,1.06,6.5
DRS Ziguinchor,Bignona,Juin 2021,28.35,34.47,23.83,163.85,71.98,0.84,5.64
DRS Ziguinchor,Bignona,Juillet 2021,27.0,31.0,24.2,342.78,84.81,0.7,5.17
DRS Ziguinchor,Bignona,Août 2021,26.41,29.76,24.2,329.59,89.04,0.68,4.55
DRS Ziguinchor,Bignona,Septembre 2021,26.6,29.88,24.18,318.4,89.85,0.54,5.26
DRS Ziguinchor,Bignona,Octobre 2021,26.46,29.53,23.95,139.0,88.95,0.54,4.91
DRS Ziguinchor,Bignona,Novembre 2021,26.05,30.37,22.19,7.79,80.53,0.57,5.35
DRS Ziguinchor,Bignona,Décembre 2021,23.77,29.41,18.6,0.0,69.19,0.78,5.03
DRS Ziguinchor,Bignona,Janvier 2022,23.01,30.45,16.7,0.0,61.48,0.87,5.35
DRS Ziguinchor,Bignona,Février 2022,23.96,33.38,16.56,0.0,52.17,0.97,6.2
DRS Ziguinchor,Bignona,Mars 2022,26.47,36.72,18.48,0.0,45.36,0.93,6.38
DRS Ziguinchor,Bignona,Avril 2022,28.82,39.49,20.42,0.0,46.12,1.02,6.61
DRS Ziguinchor,Bignona,Mai 2022,29.16,38.17,22.22,35.3,56.26,0.96,6.41
DRS Ziguinchor,Bignona,Juin 2022,28.25,33.92,24.17,121.04,74.55,0.81,5.36
DRS Ziguinchor,Bignona,Juillet 2022,26.83,30.41,24.42,381.05,86.48,0.79,4.65
DRS Ziguinchor,Bignona,Août 2022,26.27,29.22,24.35,479.32,90.89,0.78,4.35
DRS Ziguinchor,Bignona,Septembre 2022,26.26,29.23,24.09,346.63,91.19,0.59,5.03
DRS Ziguinchor,Bignona,Octobre 2022,26.43,29.6,23.72,207.74,88.29,0.51,5.14
DRS Ziguinchor,Bignona,Novembre 2022,24.48,29.47,20.12,0.0,74.83,0.65,5.21
DRS Ziguinchor,Bignona,Décembre 2022,23.05,29.3,17.63,2.58,72.51,0.76,5.15
DRS Ziguinchor,Bignona,Janvier 2023,21.98,29.3,15.84,0.0,62.77,0.9,5.54
DRS Ziguinchor,Bignona,Février 2023,24.34,33.47,17.32,0.0,56.05,0.84,5.7
DRS Ziguinchor,Bignona,Mars 2023,27.27,37.56,19.33,0.0,54.79,0.77,6.92
DRS Ziguinchor,Bignona,Avril 2023,29.71,39.53,21.99,0.07,48.92,0.98,6.67
DRS Ziguinchor,Bignona,Mai 2023,30.51,38.6,24.24,1.03,54.14,0.92,5.89
DRS Ziguinchor,Bignona,Juin 2023,29.12,35.09,24.76,118.73,71.02,0.95,5.49
DRS Ziguinchor,Bignona,Juillet 2023,27.51,31.06,25.04,266.89,86.39,0.7,4.86
DRS Ziguinchor,Bignona,Août 2023,27.08,30.26,24.89,474.17,89.55,0.71,4.51
DRS Ziguinchor,Bignona,Septembre 2023,26.95,29.73,24.8,331.54,91.01,0.56,4.96
DRS Ziguinchor,Bignona,Octobre 2023,26.94,29.93,24.6,102.34,89.61,0.51,5.16
DRS Ziguinchor,Bignona,Novembre 2023,25.42,30.44,20.67,2.93,76.1,0.66,5.56
DRS Ziguinchor,Bignona,Décembre 2023,22.57,28.59,16.99,0.0,65.65,0.78,5.21
DRS Ziguinchor,Bignona,Janvier 2024,23.5,31.3,16.81,0.0,60.56,0.8,5.33
DRS Ziguinchor,Bignona,Février 2024,26.0,35.68,18.03,0.0,50.07,0.87,6.12
DRS Ziguinchor,Bignona,Mars 2024,27.75,38.54,19.66,0.0,48.67,0.89,6.75
DRS Ziguinchor,Bignona,Avril 2024,30.09,40.56,21.93,0.46,46.84,0.96,6.62
DRS Ziguinchor,Bignona,Mai 2024,30.88,40.16,23.75,15.45,52.82,1.04,6.41
DRS Ziguinchor,Bignona,Juin 2024,28.05,34.29,23.61,152.55,74.34,0.88,5.6
DRS Ziguinchor,Bignona,Juillet 2024,27.11,30.59,24.79,391.11,87.55,0.85,4.26
DRS Ziguinchor,Bignona,Août 2024,26.78,30.13,24.56,365.27,89.5,0.77,4.55
DRS Ziguinchor,Bignona,Septembre 2024,26.67,29.61,24.51,489.75,90.56,0.64,4.27
DRS Ziguinchor,Bignona,Octobre 2024,26.66,29.84,23.99,211.28,88.15,0.53,5.07
DRS Ziguinchor,Bignona,Novembre 2024,26.17,31.06,21.45,0.0,76.19,0.61,5.64
DRS Ziguinchor,Bignona,Décembre 2024,22.22,28.37,17.05,3.04,69.57,0.85,4.91
DRS Ziguinchor,Bignona,Janvier 2025,22.5,30.87,15.55,0.0,55.88,0.94,5.49
DRS Ziguinchor,Bignona,Février 2025,24.38,34.19,16.79,0.0,45.45,0.98,6.03
DRS Ziguinchor,Bignona,Mars 2025,27.02,37.04,19.6,0.74,49.98,0.89,6.72
DRS Ziguinchor,Bignona,Avril 2025,29.89,39.76,22.25,0.03,47.14,1.01,6.68
DRS Ziguinchor,Bignona,Mai 2025,30.1,38.83,23.44,11.49,52.9,1.02,6.03
DRS Ziguinchor,Bignona,Juin 2025,29.77,36.82,24.44,66.49,67.67,0.86,5.79
DRS Ziguinchor,Bignona,Juillet 2025,27.1,30.93,24.51,267.98,85.49,0.81,4.69
DRS Ziguinchor,Bignona,Août 2025,26.54,29.88,24.27,543.39,89.65,0.74,4.42
DRS Ziguinchor,Bignona,Septembre 2025,26.78,29.81,24.46,293.55,89.94,0.58,4.74
DRS Ziguinchor,Bignona,Octobre 2025,27.26,30.73,24.5,100.29,87.55,0.51,5.48
DRS Ziguinchor,Bignona,Novembre 2025,24.98,29.27,21.26,9.23,78.52,0.64,4.72
DRS Ziguinchor,Bignona,Décembre 2025,21.82,27.85,16.62,0.07,65.63,0.82,4.92
DRS Ziguinchor,Bignona,Janvier 2026,23.03,30.82,16.63,1.08,54.83,0.96,5.28
DRS Ziguinchor,Bignona,Février 2026,25.32,35.31,17.18,0.0,47.27,0.88,5.94
DRS Ziguinchor,Bignona,Mars 2026,27.13,36.93,19.74,0.0,48.21,1.02,6.65
DRS Ziguinchor,Bignona,Avril 2026,29.66,40.35,20.9,1.81,40.39,1.01,6.88
DRS Ziguinchor,Bignona,Mai 2026,30.36,39.84,23.05,11.51,50.81,0.99,6.29
DRS Ziguinchor,Bignona,Juin 2026,30.77,37.99,25.11,15.54,59.42,0.94,5.48
DRS Ziguinchor,Bignona,Juillet 2026,28.32,32.86,25.34,243.59,80.64,1.42,4.88
DRS Ziguinchor,Bignona,Août 2026,27.54,31.75,24.99,25.7,83.6,1.74,3.51
DRS Ziguinchor,Diouloulou,Janvier 2021,23.48,27.56,19.91,1.71,62.22,2.62,5.54
DRS Ziguinchor,Diouloulou,Février 2021,23.26,28.94,19.75,6.09,63.2,2.53,5.49
DRS Ziguinchor,Diouloulou,Mars 2021,22.43,28.01,19.39,20.37,71.35,2.72,6.91
DRS Ziguinchor,Diouloulou,Avril 2021,22.88,27.11,20.36,0.52,79.36,2.65,7.23
DRS Ziguinchor,Diouloulou,Mai 2021,23.47,26.82,21.3,1.48,80.05,2.69,6.62
DRS Ziguinchor,Diouloulou,Juin 2021,26.28,28.51,24.84,136.39,82.77,2.34,5.66
DRS Ziguinchor,Diouloulou,Juillet 2021,27.32,28.71,26.36,332.54,83.2,2.68,5.66
DRS Ziguinchor,Diouloulou,Août 2021,27.19,28.34,26.4,317.79,85.46,2.9,5.04
DRS Ziguinchor,Diouloulou,Septembre 2021,27.54,28.79,26.65,296.45,84.45,2.15,5.54
DRS Ziguinchor,Diouloulou,Octobre 2021,28.04,29.09,27.1,125.07,81.35,2.0,5.11
DRS Ziguinchor,Diouloulou,Novembre 2021,27.29,28.97,25.78,10.58,77.72,2.14,5.48
DRS Ziguinchor,Diouloulou,Décembre 2021,24.89,27.47,22.32,1.25,71.06,2.17,4.94
DRS Ziguinchor,Diouloulou,Janvier 2022,24.38,27.85,21.3,1.03,67.26,2.56,5.29
DRS Ziguinchor,Diouloulou,Février 2022,23.38,28.03,19.95,0.46,64.44,2.7,6.3
DRS Ziguinchor,Diouloulou,Mars 2022,21.86,27.45,18.72,2.42,68.86,2.71,6.54
DRS Ziguinchor,Diouloulou,Avril 2022,22.57,28.04,19.61,0.61,75.64,2.53,6.8
DRS Ziguinchor,Diouloulou,Mai 2022,24.62,27.82,22.52,13.83,79.9,2.44,6.5
DRS Ziguinchor,Diouloulou,Juin 2022,26.82,28.71,25.48,142.81,83.25,2.51,5.62
DRS Ziguinchor,Diouloulou,Juillet 2022,27.36,28.54,26.53,301.35,84.06,3.21,5.1
DRS Ziguinchor,Diouloulou,Août 2022,27.17,28.07,26.47,482.57,87.62,3.28,4.61
DRS Ziguinchor,Diouloulou,Septembre 2022,27.22,28.2,26.46,317.82,86.05,2.55,5.19
DRS Ziguinchor,Diouloulou,Octobre 2022,27.73,28.82,26.78,185.73,82.04,1.84,5.39
DRS Ziguinchor,Diouloulou,Novembre 2022,26.74,28.77,24.72,6.75,70.69,1.85,5.34
DRS Ziguinchor,Diouloulou,Décembre 2022,24.48,27.23,21.97,1.46,73.48,2.38,5.37
DRS Ziguinchor,Diouloulou,Janvier 2023,23.01,26.23,20.1,2.29,68.07,2.61,5.47
DRS Ziguinchor,Diouloulou,Février 2023,22.03,27.36,18.97,2.39,69.69,2.48,5.69
DRS Ziguinchor,Diouloulou,Mars 2023,23.94,29.11,20.91,2.67,74.79,2.24,6.9
DRS Ziguinchor,Diouloulou,Avril 2023,24.45,29.26,21.75,3.09,75.95,2.65,6.79
DRS Ziguinchor,Diouloulou,Mai 2023,26.23,29.23,24.2,3.63,78.48,2.48,6.05
DRS Ziguinchor,Diouloulou,Juin 2023,27.65,29.5,26.35,84.48,80.12,3.04,6.01
DRS Ziguinchor,Diouloulou,Juillet 2023,28.01,29.15,27.18,254.02,84.54,2.71,5.36
DRS Ziguinchor,Diouloulou,Août 2023,27.86,28.9,27.11,483.25,85.99,2.88,4.89
DRS Ziguinchor,Diouloulou,Septembre 2023,28.02,28.93,27.29,273.39,85.24,2.2,5.34
DRS Ziguinchor,Diouloulou,Octobre 2023,28.31,29.21,27.51,90.41,82.49,1.98,5.37
DRS Ziguinchor,Diouloulou,Novembre 2023,27.45,29.33,25.62,4.99,71.94,2.06,5.71
DRS Ziguinchor,Diouloulou,Décembre 2023,24.47,27.1,21.83,1.19,68.52,2.31,5.29
DRS Ziguinchor,Diouloulou,Janvier 2024,24.53,28.09,21.31,4.6,67.88,2.36,5.32
DRS Ziguinchor,Diouloulou,Février 2024,25.6,30.88,21.71,2.01,62.4,2.34,6.11
DRS Ziguinchor,Diouloulou,Mars 2024,22.78,27.81,20.02,2.13,75.39,2.75,6.78
DRS Ziguinchor,Diouloulou,Avril 2024,24.03,28.8,21.3,0.75,75.85,2.39,6.68
DRS Ziguinchor,Diouloulou,Mai 2024,26.12,29.52,23.92,10.12,78.4,2.71,6.64
DRS Ziguinchor,Diouloulou,Juin 2024,26.72,28.72,25.31,80.91,81.61,2.76,5.98
DRS Ziguinchor,Diouloulou,Juillet 2024,27.55,28.66,26.74,324.13,85.81,3.23,4.71
DRS Ziguinchor,Diouloulou,Août 2024,27.56,28.66,26.81,299.3,86.6,3.15,4.77
DRS Ziguinchor,Diouloulou,Septembre 2024,27.6,28.66,26.76,425.63,86.27,2.76,4.66
DRS Ziguinchor,Diouloulou,Octobre 2024,27.89,29.13,26.89,202.13,82.84,2.0,5.22
DRS Ziguinchor,Diouloulou,Novembre 2024,27.85,29.86,25.76,2.48,74.74,1.72,5.64
DRS Ziguinchor,Diouloulou,Décembre 2024,24.04,26.74,21.39,40.4,71.52,2.54,4.63
DRS Ziguinchor,Diouloulou,Janvier 2025,23.27,27.52,19.65,0.3,63.1,2.62,5.67
DRS Ziguinchor,Diouloulou,Février 2025,22.6,27.9,19.01,0.14,60.6,2.75,6.13
DRS Ziguinchor,Diouloulou,Mars 2025,21.63,26.38,19.05,2.73,75.65,2.88,6.63
DRS Ziguinchor,Diouloulou,Avril 2025,23.18,27.66,20.64,1.43,77.32,2.59,6.65
DRS Ziguinchor,Diouloulou,Mai 2025,24.69,28.11,22.61,7.71,80.37,2.49,6.04
DRS Ziguinchor,Diouloulou,Juin 2025,27.43,29.7,25.8,50.66,80.56,2.67,6.02
DRS Ziguinchor,Diouloulou,Juillet 2025,27.47,28.78,26.55,233.4,84.16,3.17,5.27
DRS Ziguinchor,Diouloulou,Août 2025,27.15,28.37,26.34,431.17,87.2,3.03,4.94
DRS Ziguinchor,Diouloulou,Septembre 2025,27.59,28.66,26.78,229.29,86.26,2.3,5.06
DRS Ziguinchor,Diouloulou,Octobre 2025,28.5,29.67,27.53,84.51,80.99,1.88,5.72
DRS Ziguinchor,Diouloulou,Novembre 2025,27.15,28.79,25.62,16.36,74.97,2.4,4.73
DRS Ziguinchor,Diouloulou,Décembre 2025,23.09,26.05,20.61,6.14,68.07,2.75,4.98
DRS Ziguinchor,Diouloulou,Janvier 2026,23.3,27.54,19.97,2.47,61.2,2.67,5.34
DRS Ziguinchor,Diouloulou,Février 2026,24.24,30.33,20.16,2.02,60.34,2.31,6.05
DRS Ziguinchor,Diouloulou,Mars 2026,21.96,26.64,19.4,1.81,73.96,2.81,6.61
DRS Ziguinchor,Diouloulou,Avril 2026,23.61,29.85,20.33,7.11,71.48,2.69,7.05
DRS Ziguinchor,Diouloulou,Mai 2026,24.41,28.21,22.06,6.55,79.4,2.31,6.39
DRS Ziguinchor,Diouloulou,Juin 2026,27.42,30.06,25.59,21.84,78.41,2.66,5.76
DRS Ziguinchor,Diouloulou,Juillet 2026,28.24,29.85,27.19,263.79,80.18,2.84,5.37
DRS Ziguinchor,Diouloulou,Août 2026,28.19,29.29,27.43,15.82,80.33,3.72,5.58
DRS Ziguinchor,Oussouye,Janvier 2021,23.72,31.86,16.59,0.0,55.37,1.34,5.62
DRS Ziguinchor,Oussouye,Février 2021,25.54,34.29,18.33,0.0,48.23,1.23,5.46
DRS Ziguinchor,Oussouye,Mars 2021,26.77,36.63,19.05,21.88,49.34,1.32,6.69
DRS Ziguinchor,Oussouye,Avril 2021,28.78,39.2,20.88,0.0,51.2,1.39,7.03
DRS Ziguinchor,Oussouye,Mai 2021,29.19,38.75,22.01,0.99,51.2,1.49,6.5
DRS Ziguinchor,Oussouye,Juin 2021,28.29,33.72,24.27,144.89,73.23,1.2,5.64
DRS Ziguinchor,Oussouye,Juillet 2021,26.99,30.43,24.56,339.57,85.17,1.11,5.17
DRS Ziguinchor,Oussouye,Août 2021,26.31,29.24,24.32,287.09,89.1,1.2,4.55
DRS Ziguinchor,Oussouye,Septembre 2021,26.56,29.59,24.33,284.56,89.24,0.91,5.26
DRS Ziguinchor,Oussouye,Octobre 2021,26.61,29.49,24.25,141.4,88.44,0.8,4.91
DRS Ziguinchor,Oussouye,Novembre 2021,26.34,30.35,22.79,8.44,81.93,0.83,5.35
DRS Ziguinchor,Oussouye,Décembre 2021,24.11,29.92,19.02,0.0,70.64,1.09,5.03
DRS Ziguinchor,Oussouye,Janvier 2022,24.04,31.97,17.42,0.0,59.65,1.23,5.35
DRS Ziguinchor,Oussouye,Février 2022,25.25,34.83,17.59,0.0,49.23,1.39,6.2
DRS Ziguinchor,Oussouye,Mars 2022,27.36,37.34,19.3,0.0,42.98,1.38,6.38
DRS Ziguinchor,Oussouye,Avril 2022,28.94,39.46,20.74,0.0,46.75,1.45,6.61
DRS Ziguinchor,Oussouye,Mai 2022,29.32,37.84,22.86,29.75,56.5,1.43,6.41
DRS Ziguinchor,Oussouye,Juin 2022,28.28,33.24,24.72,144.87,74.98,1.28,5.36
DRS Ziguinchor,Oussouye,Juillet 2022,26.69,29.63,24.7,505.4,87.8,1.34,4.65
DRS Ziguinchor,Oussouye,Août 2022,26.13,28.53,24.55,710.58,91.78,1.43,4.35
DRS Ziguinchor,Oussouye,Septembre 2022,26.22,28.85,24.28,432.72,91.05,1.02,5.03
DRS Ziguinchor,Oussouye,Octobre 2022,26.55,29.45,24.05,280.05,87.98,0.74,5.14
DRS Ziguinchor,Oussouye,Novembre 2022,24.82,29.31,20.82,0.04,76.64,0.85,5.21
DRS Ziguinchor,Oussouye,Décembre 2022,23.45,29.51,18.17,4.31,73.57,1.05,5.15
DRS Ziguinchor,Oussouye,Janvier 2023,22.99,30.77,16.52,0.0,61.03,1.29,5.54
DRS Ziguinchor,Oussouye,Février 2023,25.51,34.63,18.23,0.0,52.08,1.19,5.7
DRS Ziguinchor,Oussouye,Mars 2023,27.93,37.79,20.15,0.03,54.11,1.18,6.92
DRS Ziguinchor,Oussouye,Avril 2023,29.79,39.21,22.41,0.06,50.27,1.49,6.67
DRS Ziguinchor,Oussouye,Mai 2023,30.48,37.88,24.76,1.55,55.38,1.39,5.89
DRS Ziguinchor,Oussouye,Juin 2023,28.91,34.02,25.23,148.22,73.3,1.38,5.49
DRS Ziguinchor,Oussouye,Juillet 2023,27.33,30.26,25.27,321.99,87.58,1.15,4.86
DRS Ziguinchor,Oussouye,Août 2023,26.94,29.64,25.01,539.9,90.22,1.17,4.51
DRS Ziguinchor,Oussouye,Septembre 2023,26.97,29.51,25.02,378.63,90.94,0.93,4.96
DRS Ziguinchor,Oussouye,Octobre 2023,27.06,29.77,24.88,124.89,89.13,0.8,5.16
DRS Ziguinchor,Oussouye,Novembre 2023,25.84,30.25,21.62,7.58,78.13,0.89,5.56
DRS Ziguinchor,Oussouye,Décembre 2023,23.17,29.01,17.84,0.0,68.32,1.0,5.21
DRS Ziguinchor,Oussouye,Janvier 2024,24.58,32.56,17.75,0.0,58.91,1.1,5.33
DRS Ziguinchor,Oussouye,Février 2024,26.97,36.27,19.16,0.0,49.15,1.17,6.12
DRS Ziguinchor,Oussouye,Mars 2024,28.25,38.59,20.19,0.0,48.16,1.28,6.75
DRS Ziguinchor,Oussouye,Avril 2024,30.01,39.99,22.35,0.43,48.99,1.43,6.62
DRS Ziguinchor,Oussouye,Mai 2024,30.91,39.57,24.34,18.99,54.11,1.55,6.41
DRS Ziguinchor,Oussouye,Juin 2024,28.35,33.93,24.28,137.4,74.19,1.26,5.6
DRS Ziguinchor,Oussouye,Juillet 2024,27.03,29.96,25.08,463.06,88.48,1.39,4.26
DRS Ziguinchor,Oussouye,Août 2024,26.65,29.36,24.8,458.95,90.67,1.37,4.55
DRS Ziguinchor,Oussouye,Septembre 2024,26.59,29.15,24.7,697.23,91.07,1.13,4.27
DRS Ziguinchor,Oussouye,Octobre 2024,26.68,29.53,24.32,357.79,88.22,0.82,5.07
DRS Ziguinchor,Oussouye,Novembre 2024,26.5,30.94,22.06,0.03,77.34,0.79,5.64
DRS Ziguinchor,Oussouye,Décembre 2024,22.71,29.13,17.3,1.42,70.97,1.19,4.91
DRS Ziguinchor,Oussouye,Janvier 2025,23.42,31.84,16.26,0.0,54.98,1.37,5.49
DRS Ziguinchor,Oussouye,Février 2025,25.15,34.5,17.46,0.0,43.78,1.46,6.03
DRS Ziguinchor,Oussouye,Mars 2025,27.48,37.27,20.09,1.82,49.19,1.36,6.72
DRS Ziguinchor,Oussouye,Avril 2025,29.8,39.41,22.49,0.02,48.81,1.5,6.68
DRS Ziguinchor,Oussouye,Mai 2025,30.06,38.34,23.9,9.31,54.22,1.56,6.03
DRS Ziguinchor,Oussouye,Juin 2025,29.72,35.95,25.06,64.12,68.62,1.33,5.79
DRS Ziguinchor,Oussouye,Juillet 2025,26.87,29.97,24.8,365.64,87.45,1.38,4.69
DRS Ziguinchor,Oussouye,Août 2025,26.4,29.34,24.44,529.31,90.42,1.3,4.42
DRS Ziguinchor,Oussouye,Septembre 2025,26.69,29.39,24.61,322.41,90.15,1.02,4.74
DRS Ziguinchor,Oussouye,Octobre 2025,27.39,30.56,24.75,114.52,86.63,0.76,5.48
DRS Ziguinchor,Oussouye,Novembre 2025,25.16,29.0,21.72,18.65,80.84,0.94,4.72
DRS Ziguinchor,Oussouye,Décembre 2025,21.91,27.74,16.81,0.04,69.61,1.23,4.92
DRS Ziguinchor,Oussouye,Janvier 2026,23.57,31.31,16.98,0.66,55.75,1.39,5.28
DRS Ziguinchor,Oussouye,Février 2026,26.07,35.65,18.01,0.0,47.56,1.2,5.94
DRS Ziguinchor,Oussouye,Mars 2026,27.48,36.89,20.22,0.0,47.59,1.55,6.65
DRS Ziguinchor,Oussouye,Avril 2026,29.61,40.05,21.07,1.17,42.98,1.4,6.88
DRS Ziguinchor,Oussouye,Mai 2026,29.99,38.88,23.35,23.0,53.71,1.44,6.29
DRS Ziguinchor,Oussouye,Juin 2026,30.44,36.81,25.5,21.59,62.19,1.36,5.48
DRS Ziguinchor,Oussouye,Juillet 2026,27.95,31.95,25.37,346.42,82.54,1.23,4.88
DRS Ziguinchor,Oussouye,Août 2026,27.1,30.71,24.74,30.79,85.84,1.46,3.51
DRS Ziguinchor,Thionck-Essyl,Janvier 2021,22.72,30.64,15.77,0.0,56.65,0.94,5.62
DRS Ziguinchor,Thionck-Essyl,Février 2021,24.48,33.62,17.13,0.0,49.75,0.87,5.46
DRS Ziguinchor,Thionck-Essyl,Mars 2021,26.29,36.57,18.5,18.38,49.6,0.92,6.69
DRS Ziguinchor,Thionck-Essyl,Avril 2021,28.68,39.65,20.33,0.0,50.56,0.91,7.03
DRS Ziguinchor,Thionck-Essyl,Mai 2021,29.05,38.98,21.5,0.73,51.05,1.06,6.5
DRS Ziguinchor,Thionck-Essyl,Juin 2021,28.35,34.47,23.83,163.85,71.98,0.84,5.64
DRS Ziguinchor,Thionck-Essyl,Juillet 2021,27.0,31.0,24.2,342.78,84.81,0.7,5.17
DRS Ziguinchor,Thionck-Essyl,Août 2021,26.41,29.76,24.2,329.59,89.04,0.68,4.55
DRS Ziguinchor,Thionck-Essyl,Septembre 2021,26.6,29.88,24.18,318.4,89.85,0.54,5.26
DRS Ziguinchor,Thionck-Essyl,Octobre 2021,26.46,29.53,23.95,139.0,88.95,0.54,4.91
DRS Ziguinchor,Thionck-Essyl,Novembre 2021,26.05,30.37,22.19,7.79,80.53,0.57,5.35
DRS Ziguinchor,Thionck-Essyl,Décembre 2021,23.77,29.41,18.6,0.0,69.19,0.78,5.03
DRS Ziguinchor,Thionck-Essyl,Janvier 2022,23.01,30.45,16.7,0.0,61.48,0.87,5.35
DRS Ziguinchor,Thionck-Essyl,Février 2022,23.96,33.38,16.56,0.0,52.17,0.97,6.2
DRS Ziguinchor,Thionck-Essyl,Mars 2022,26.47,36.72,18.48,0.0,45.36,0.93,6.38
DRS Ziguinchor,Thionck-Essyl,Avril 2022,28.82,39.49,20.42,0.0,46.12,1.02,6.61
DRS Ziguinchor,Thionck-Essyl,Mai 2022,29.16,38.17,22.22,35.3,56.26,0.96,6.41
DRS Ziguinchor,Thionck-Essyl,Juin 2022,28.25,33.92,24.17,121.04,74.55,0.81,5.36
DRS Ziguinchor,Thionck-Essyl,Juillet 2022,26.83,30.41,24.42,381.05,86.48,0.79,4.65
DRS Ziguinchor,Thionck-Essyl,Août 2022,26.27,29.22,24.35,479.32,90.89,0.78,4.35
DRS Ziguinchor,Thionck-Essyl,Septembre 2022,26.26,29.23,24.09,346.63,91.19,0.59,5.03
DRS Ziguinchor,Thionck-Essyl,Octobre 2022,26.43,29.6,23.72,207.74,88.29,0.51,5.14
DRS Ziguinchor,Thionck-Essyl,Novembre 2022,24.48,29.47,20.12,0.0,74.83,0.65,5.21
DRS Ziguinchor,Thionck-Essyl,Décembre 2022,23.05,29.3,17.63,2.58,72.51,0.76,5.15
DRS Ziguinchor,Thionck-Essyl,Janvier 2023,21.98,29.3,15.84,0.0,62.77,0.9,5.54
DRS Ziguinchor,Thionck-Essyl,Février 2023,24.34,33.47,17.32,0.0,56.05,0.84,5.7
DRS Ziguinchor,Thionck-Essyl,Mars 2023,27.27,37.56,19.33,0.0,54.79,0.77,6.92
DRS Ziguinchor,Thionck-Essyl,Avril 2023,29.71,39.53,21.99,0.07,48.92,0.98,6.67
DRS Ziguinchor,Thionck-Essyl,Mai 2023,30.51,38.6,24.24,1.03,54.14,0.92,5.89
DRS Ziguinchor,Thionck-Essyl,Juin 2023,29.12,35.09,24.76,118.73,71.02,0.95,5.49
DRS Ziguinchor,Thionck-Essyl,Juillet 2023,27.51,31.06,25.04,266.89,86.39,0.7,4.86
DRS Ziguinchor,Thionck-Essyl,Août 2023,27.08,30.26,24.89,474.17,89.55,0.71,4.51
DRS Ziguinchor,Thionck-Essyl,Septembre 2023,26.95,29.73,24.8,331.54,91.01,0.56,4.96
DRS Ziguinchor,Thionck-Essyl,Octobre 2023,26.94,29.93,24.6,102.34,89.61,0.51,5.16
DRS Ziguinchor,Thionck-Essyl,Novembre 2023,25.42,30.44,20.67,2.93,76.1,0.66,5.56
DRS Ziguinchor,Thionck-Essyl,Décembre 2023,22.57,28.59,16.99,0.0,65.65,0.78,5.21
DRS Ziguinchor,Thionck-Essyl,Janvier 2024,23.5,31.3,16.81,0.0,60.56,0.8,5.33
DRS Ziguinchor,Thionck-Essyl,Février 2024,26.0,35.68,18.03,0.0,50.07,0.87,6.12
DRS Ziguinchor,Thionck-Essyl,Mars 2024,27.75,38.54,19.66,0.0,48.67,0.89,6.75
DRS Ziguinchor,Thionck-Essyl,Avril 2024,30.09,40.56,21.93,0.46,46.84,0.96,6.62
DRS Ziguinchor,Thionck-Essyl,Mai 2024,30.88,40.16,23.75,15.45,52.82,1.04,6.41
DRS Ziguinchor,Thionck-Essyl,Juin 2024,28.05,34.29,23.61,152.55,74.34,0.88,5.6
DRS Ziguinchor,Thionck-Essyl,Juillet 2024,27.11,30.59,24.79,391.11,87.55,0.85,4.26
DRS Ziguinchor,Thionck-Essyl,Août 2024,26.78,30.13,24.56,365.27,89.5,0.77,4.55
DRS Ziguinchor,Thionck-Essyl,Septembre 2024,26.67,29.61,24.51,489.75,90.56,0.64,4.27
DRS Ziguinchor,Thionck-Essyl,Octobre 2024,26.66,29.84,23.99,211.28,88.15,0.53,5.07
DRS Ziguinchor,Thionck-Essyl,Novembre 2024,26.17,31.06,21.45,0.0,76.19,0.61,5.64
DRS Ziguinchor,Thionck-Essyl,Décembre 2024,22.22,28.37,17.05,3.04,69.57,0.85,4.91
DRS Ziguinchor,Thionck-Essyl,Janvier 2025,22.5,30.87,15.55,0.0,55.88,0.94,5.49
DRS Ziguinchor,Thionck-Essyl,Février 2025,24.38,34.19,16.79,0.0,45.45,0.98,6.03
DRS Ziguinchor,Thionck-Essyl,Mars 2025,27.02,37.04,19.6,0.74,49.98,0.89,6.72
DRS Ziguinchor,Thionck-Essyl,Avril 2025,29.89,39.76,22.25,0.03,47.14,1.01,6.68
DRS Ziguinchor,Thionck-Essyl,Mai 2025,30.1,38.83,23.44,11.49,52.9,1.02,6.03
DRS Ziguinchor,Thionck-Essyl,Juin 2025,29.77,36.82,24.44,66.49,67.67,0.86,5.79
DRS Ziguinchor,Thionck-Essyl,Juillet 2025,27.1,30.93,24.51,267.98,85.49,0.81,4.69
DRS Ziguinchor,Thionck-Essyl,Août 2025,26.54,29.88,24.27,543.39,89.65,0.74,4.42
DRS Ziguinchor,Thionck-Essyl,Septembre 2025,26.78,29.81,24.46,293.55,89.94,0.58,4.74
DRS Ziguinchor,Thionck-Essyl,Octobre 2025,27.26,30.73,24.5,100.29,87.55,0.51,5.48
DRS Ziguinchor,Thionck-Essyl,Novembre 2025,24.98,29.27,21.26,9.23,78.52,0.64,4.72
DRS Ziguinchor,Thionck-Essyl,Décembre 2025,21.82,27.85,16.62,0.07,65.63,0.82,4.92
DRS Ziguinchor,Thionck-Essyl,Janvier 2026,23.03,30.82,16.63,1.08,54.83,0.96,5.28
DRS Ziguinchor,Thionck-Essyl,Février 2026,25.32,35.31,17.18,0.0,47.27,0.88,5.94
DRS Ziguinchor,Thionck-Essyl,Mars 2026,27.13,36.93,19.74,0.0,48.21,1.02,6.65
DRS Ziguinchor,Thionck-Essyl,Avril 2026,29.66,40.35,20.9,1.81,40.39,1.01,6.88
DRS Ziguinchor,Thionck-Essyl,Mai 2026,30.36,39.84,23.05,11.51,50.81,0.99,6.29
DRS Ziguinchor,Thionck-Essyl,Juin 2026,30.77,37.99,25.11,15.54,59.42,0.94,5.48
DRS Ziguinchor,Thionck-Essyl,Juillet 2026,28.32,32.86,25.34,243.59,80.64,1.42,4.88
DRS Ziguinchor,Thionck-Essyl,Août 2026,27.54,31.75,24.99,25.7,83.6,1.74,3.51
DRS Ziguinchor,Ziguinchor,Janvier 2021,23.72,31.86,16.59,0.0,55.37,1.34,5.62
DRS Ziguinchor,Ziguinchor,Février 2021,25.54,34.29,18.33,0.0,48.23,1.23,5.46
DRS Ziguinchor,Ziguinchor,Mars 2021,26.77,36.63,19.05,21.88,49.34,1.32,6.69
DRS Ziguinchor,Ziguinchor,Avril 2021,28.78,39.2,20.88,0.0,51.2,1.39,7.03
DRS Ziguinchor,Ziguinchor,Mai 2021,29.19,38.75,22.01,0.99,51.2,1.49,6.5
DRS Ziguinchor,Ziguinchor,Juin 2021,28.29,33.72,24.27,144.89,73.23,1.2,5.64
DRS Ziguinchor,Ziguinchor,Juillet 2021,26.99,30.43,24.56,339.57,85.17,1.11,5.17
DRS Ziguinchor,Ziguinchor,Août 2021,26.31,29.24,24.32,287.09,89.1,1.2,4.55
DRS Ziguinchor,Ziguinchor,Septembre 2021,26.56,29.59,24.33,284.56,89.24,0.91,5.26
DRS Ziguinchor,Ziguinchor,Octobre 2021,26.61,29.49,24.25,141.4,88.44,0.8,4.91
DRS Ziguinchor,Ziguinchor,Novembre 2021,26.34,30.35,22.79,8.44,81.93,0.83,5.35
DRS Ziguinchor,Ziguinchor,Décembre 2021,24.11,29.92,19.02,0.0,70.64,1.09,5.03
DRS Ziguinchor,Ziguinchor,Janvier 2022,24.04,31.97,17.42,0.0,59.65,1.23,5.35
DRS Ziguinchor,Ziguinchor,Février 2022,25.25,34.83,17.59,0.0,49.23,1.39,6.2
DRS Ziguinchor,Ziguinchor,Mars 2022,27.36,37.34,19.3,0.0,42.98,1.38,6.38
DRS Ziguinchor,Ziguinchor,Avril 2022,28.94,39.46,20.74,0.0,46.75,1.45,6.61
DRS Ziguinchor,Ziguinchor,Mai 2022,29.32,37.84,22.86,29.75,56.5,1.43,6.41
DRS Ziguinchor,Ziguinchor,Juin 2022,28.28,33.24,24.72,144.87,74.98,1.28,5.36
DRS Ziguinchor,Ziguinchor,Juillet 2022,26.69,29.63,24.7,505.4,87.8,1.34,4.65
DRS Ziguinchor,Ziguinchor,Août 2022,26.13,28.53,24.55,710.58,91.78,1.43,4.35
DRS Ziguinchor,Ziguinchor,Septembre 2022,26.22,28.85,24.28,432.72,91.05,1.02,5.03
DRS Ziguinchor,Ziguinchor,Octobre 2022,26.55,29.45,24.05,280.05,87.98,0.74,5.14
DRS Ziguinchor,Ziguinchor,Novembre 2022,24.82,29.31,20.82,0.04,76.64,0.85,5.21
DRS Ziguinchor,Ziguinchor,Décembre 2022,23.45,29.51,18.17,4.31,73.57,1.05,5.15
DRS Ziguinchor,Ziguinchor,Janvier 2023,22.99,30.77,16.52,0.0,61.03,1.29,5.54
DRS Ziguinchor,Ziguinchor,Février 2023,25.51,34.63,18.23,0.0,52.08,1.19,5.7
DRS Ziguinchor,Ziguinchor,Mars 2023,27.93,37.79,20.15,0.03,54.11,1.18,6.92
DRS Ziguinchor,Ziguinchor,Avril 2023,29.79,39.21,22.41,0.06,50.27,1.49,6.67
DRS Ziguinchor,Ziguinchor,Mai 2023,30.48,37.88,24.76,1.55,55.38,1.39,5.89
DRS Ziguinchor,Ziguinchor,Juin 2023,28.91,34.02,25.23,148.22,73.3,1.38,5.49
DRS Ziguinchor,Ziguinchor,Juillet 2023,27.33,30.26,25.27,321.99,87.58,1.15,4.86
DRS Ziguinchor,Ziguinchor,Août 2023,26.94,29.64,25.01,539.9,90.22,1.17,4.51
DRS Ziguinchor,Ziguinchor,Septembre 2023,26.97,29.51,25.02,378.63,90.94,0.93,4.96
DRS Ziguinchor,Ziguinchor,Octobre 2023,27.06,29.77,24.88,124.89,89.13,0.8,5.16
DRS Ziguinchor,Ziguinchor,Novembre 2023,25.84,30.25,21.62,7.58,78.13,0.89,5.56
DRS Ziguinchor,Ziguinchor,Décembre 2023,23.17,29.01,17.84,0.0,68.32,1.0,5.21
DRS Ziguinchor,Ziguinchor,Janvier 2024,24.58,32.56,17.75,0.0,58.91,1.1,5.33
DRS Ziguinchor,Ziguinchor,Février 2024,26.97,36.27,19.16,0.0,49.15,1.17,6.12
DRS Ziguinchor,Ziguinchor,Mars 2024,28.25,38.59,20.19,0.0,48.16,1.28,6.75
DRS Ziguinchor,Ziguinchor,Avril 2024,30.01,39.99,22.35,0.43,48.99,1.43,6.62
DRS Ziguinchor,Ziguinchor,Mai 2024,30.91,39.57,24.34,18.99,54.11,1.55,6.41
DRS Ziguinchor,Ziguinchor,Juin 2024,28.35,33.93,24.28,137.4,74.19,1.26,5.6
DRS Ziguinchor,Ziguinchor,Juillet 2024,27.03,29.96,25.08,463.06,88.48,1.39,4.26
DRS Ziguinchor,Ziguinchor,Août 2024,26.65,29.36,24.8,458.95,90.67,1.37,4.55
DRS Ziguinchor,Ziguinchor,Septembre 2024,26.59,29.15,24.7,697.23,91.07,1.13,4.27
DRS Ziguinchor,Ziguinchor,Octobre 2024,26.68,29.53,24.32,357.79,88.22,0.82,5.07
DRS Ziguinchor,Ziguinchor,Novembre 2024,26.5,30.94,22.06,0.03,77.34,0.79,5.64
DRS Ziguinchor,Ziguinchor,Décembre 2024,22.71,29.13,17.3,1.42,70.97,1.19,4.91
DRS Ziguinchor,Ziguinchor,Janvier 2025,23.42,31.84,16.26,0.0,54.98,1.37,5.49
DRS Ziguinchor,Ziguinchor,Février 2025,25.15,34.5,17.46,0.0,43.78,1.46,6.03
DRS Ziguinchor,Ziguinchor,Mars 2025,27.48,37.27,20.09,1.82,49.19,1.36,6.72
DRS Ziguinchor,Ziguinchor,Avril 2025,29.8,39.41,22.49,0.02,48.81,1.5,6.68
DRS Ziguinchor,Ziguinchor,Mai 2025,30.06,38.34,23.9,9.31,54.22,1.56,6.03
DRS Ziguinchor,Ziguinchor,Juin 2025,29.72,35.95,25.06,64.12,68.62,1.33,5.79
DRS Ziguinchor,Ziguinchor,Juillet 2025,26.87,29.97,24.8,365.64,87.45,1.38,4.69
DRS Ziguinchor,Ziguinchor,Août 2025,26.4,29.34,24.44,529.31,90.42,1.3,4.42
DRS Ziguinchor,Ziguinchor,Septembre 2025,26.69,29.39,24.61,322.41,90.15,1.02,4.74
DRS Ziguinchor,Ziguinchor,Octobre 2025,27.39,30.56,24.75,114.52,86.63,0.76,5.48
DRS Ziguinchor,Ziguinchor,Novembre 2025,25.16,29.0,21.72,18.65,80.84,0.94,4.72
DRS Ziguinchor,Ziguinchor,Décembre 2025,21.91,27.74,16.81,0.04,69.61,1.23,4.92
DRS Ziguinchor,Ziguinchor,Janvier 2026,23.57,31.31,16.98,0.66,55.75,1.39,5.28
DRS Ziguinchor,Ziguinchor,Février 2026,26.07,35.65,18.01,0.0,47.56,1.2,5.94
DRS Ziguinchor,Ziguinchor,Mars 2026,27.48,36.89,20.22,0.0,47.59,1.55,6.65
DRS Ziguinchor,Ziguinchor,Avril 2026,29.61,40.05,21.07,1.17,42.98,1.4,6.88
DRS Ziguinchor,Ziguinchor,Mai 2026,29.99,38.88,23.35,23.0,53.71,1.44,6.29
DRS Ziguinchor,Ziguinchor,Juin 2026,30.44,36.81,25.5,21.59,62.19,1.36,5.48
DRS Ziguinchor,Ziguinchor,Juillet 2026,27.95,31.95,25.37,346.42,82.54,1.23,4.88
DRS Ziguinchor,Ziguinchor,Août 2026,27.1,30.71,24.74,30.79,85.84,1.46,3.51
