DRS,DISTRICT,PERIODE,temperature_moyenne,temperature_max,temperature_min,precipitation,humidite,vent,rayonnement_solaire
DRS Dakar,Dakar Centre,2021-01-01,21.04,23.28,19.53,0.06,71.73,5.4,5.13
DRS Dakar,Dakar Centre,2021-02-01,19.87,22.08,18.72,1.68,78.41,5.11,5.25
DRS Dakar,Dakar Centre,2021-03-01,19.75,21.1,18.93,8.03,84.41,5.43,6.81
DRS Dakar,Dakar Centre,2021-04-01,20.2,21.21,19.62,0.39,89.08,4.79,7.11
DRS Dakar,Dakar Centre,2021-05-01,21.0,21.63,20.55,0.97,89.98,4.55,6.59
DRS Dakar,Dakar Centre,2021-06-01,24.56,25.01,24.13,40.94,88.71,3.76,5.9
DRS Dakar,Dakar Centre,2021-07-01,26.46,26.84,26.12,37.93,82.61,4.11,5.92
DRS Dakar,Dakar Centre,2021-08-01,27.49,27.87,27.13,276.57,84.46,3.91,5.32
DRS Dakar,Dakar Centre,2021-09-01,28.19,28.59,27.79,198.16,82.51,3.25,5.81
DRS Dakar,Dakar Centre,2021-10-01,28.38,28.98,27.79,44.37,79.19,3.5,5.32
DRS Dakar,Dakar Centre,2021-11-01,27.18,28.03,26.43,5.22,76.25,4.24,5.22
DRS Dakar,Dakar Centre,2021-12-01,24.69,26.57,23.28,2.21,73.86,4.5,4.35
DRS Dakar,Dakar Centre,2022-01-01,24.16,25.9,22.71,1.09,70.39,5.0,4.85
DRS Dakar,Dakar Centre,2022-02-01,22.0,24.07,20.63,0.62,72.83,5.25,5.97
DRS Dakar,Dakar Centre,2022-03-01,18.91,20.28,18.08,1.64,84.11,5.55,6.46
DRS Dakar,Dakar Centre,2022-04-01,19.91,20.89,19.27,0.1,88.4,5.19,6.99
DRS Dakar,Dakar Centre,2022-05-01,22.37,23.06,21.84,18.51,89.7,4.05,6.58
DRS Dakar,Dakar Centre,2022-06-01,25.46,25.92,25.04,80.46,87.79,3.94,5.98
DRS Dakar,Dakar Centre,2022-07-01,26.98,27.32,26.6,123.7,84.09,4.54,5.59
DRS Dakar,Dakar Centre,2022-08-01,27.76,28.11,27.41,232.2,83.5,4.47,5.31
DRS Dakar,Dakar Centre,2022-09-01,27.91,28.27,27.54,231.06,83.65,4.02,5.36
DRS Dakar,Dakar Centre,2022-10-01,28.28,28.87,27.72,84.05,80.15,3.13,5.46
DRS Dakar,Dakar Centre,2022-11-01,27.42,28.88,26.02,0.96,68.77,3.8,5.08
DRS Dakar,Dakar Centre,2022-12-01,25.0,26.57,23.43,4.51,71.63,4.6,5.38
DRS Dakar,Dakar Centre,2023-01-01,22.75,24.72,21.15,1.86,69.1,4.64,4.94
DRS Dakar,Dakar Centre,2023-02-01,19.68,21.16,18.79,0.55,82.58,5.71,5.48
DRS Dakar,Dakar Centre,2023-03-01,21.04,22.76,20.1,0.61,86.09,3.75,6.82
DRS Dakar,Dakar Centre,2023-04-01,21.79,23.14,21.06,0.35,86.73,4.68,6.8
DRS Dakar,Dakar Centre,2023-05-01,24.18,24.93,23.57,0.54,86.15,4.6,6.52
DRS Dakar,Dakar Centre,2023-06-01,26.32,26.7,25.95,12.09,84.91,4.55,6.63
DRS Dakar,Dakar Centre,2023-07-01,28.02,28.43,27.6,152.82,83.01,3.77,5.71
DRS Dakar,Dakar Centre,2023-08-01,28.25,28.57,27.92,282.91,84.17,4.22,5.4
DRS Dakar,Dakar Centre,2023-09-01,28.7,29.13,28.25,187.15,81.79,3.25,5.45
DRS Dakar,Dakar Centre,2023-10-01,28.97,29.39,28.56,36.64,79.38,3.05,5.5
DRS Dakar,Dakar Centre,2023-11-01,27.58,28.69,26.48,0.89,73.43,4.19,5.53
DRS Dakar,Dakar Centre,2023-12-01,25.07,27.12,23.37,1.13,69.46,4.96,5.12
DRS Dakar,Dakar Centre,2024-01-01,24.26,26.45,22.61,1.75,72.33,4.34,5.15
DRS Dakar,Dakar Centre,2024-02-01,24.09,26.8,22.36,0.2,70.34,4.67,5.79
DRS Dakar,Dakar Centre,2024-03-01,20.79,21.63,20.15,0.0,86.83,5.32,6.67
DRS Dakar,Dakar Centre,2024-04-01,21.76,23.19,20.98,0.27,85.82,4.6,6.87
DRS Dakar,Dakar Centre,2024-05-01,23.62,24.33,23.11,0.52,87.53,4.31,6.76
DRS Dakar,Dakar Centre,2024-06-01,25.1,25.44,24.7,102.46,86.08,4.38,6.26
DRS Dakar,Dakar Centre,2024-07-01,27.13,27.43,26.8,109.11,85.24,4.37,5.43
DRS Dakar,Dakar Centre,2024-08-01,28.02,28.35,27.7,140.81,84.06,4.63,5.23
DRS Dakar,Dakar Centre,2024-09-01,27.99,28.38,27.58,234.28,83.62,3.99,4.95
DRS Dakar,Dakar Centre,2024-10-01,28.17,28.77,27.63,83.83,82.39,3.36,5.21
DRS Dakar,Dakar Centre,2024-11-01,27.33,28.66,26.09,0.15,76.78,3.51,5.49
DRS Dakar,Dakar Centre,2024-12-01,25.34,27.14,23.74,0.45,63.84,4.96,4.29
DRS Dakar,Dakar Nord,2021-01-01,21.04,23.28,19.53,0.06,71.73,5.4,5.13
DRS Dakar,Dakar Nord,2021-02-01,19.87,22.08,18.72,1.68,78.41,5.11,5.25
DRS Dakar,Dakar Nord,2021-03-01,19.75,21.1,18.93,8.03,84.41,5.43,6.81
DRS Dakar,Dakar Nord,2021-04-01,20.2,21.21,19.62,0.39,89.08,4.79,7.11
DRS Dakar,Dakar Nord,2021-05-01,21.0,21.63,20.55,0.97,89.98,4.55,6.59
DRS Dakar,Dakar Nord,2021-06-01,24.56,25.01,24.13,40.94,88.71,3.76,5.9
DRS Dakar,Dakar Nord,2021-07-01,26.46,26.84,26.12,37.93,82.61,4.11,5.92
DRS Dakar,Dakar Nord,2021-08-01,27.49,27.87,27.13,276.57,84.46,3.91,5.32
DRS Dakar,Dakar Nord,2021-09-01,28.19,28.59,27.79,198.16,82.51,3.25,5.81
DRS Dakar,Dakar Nord,2021-10-01,28.38,28.98,27.79,44.37,79.19,3.5,5.32
DRS Dakar,Dakar Nord,2021-11-01,27.18,28.03,26.43,5.22,76.25,4.24,5.22
DRS Dakar,Dakar Nord,2021-12-01,24.69,26.57,23.28,2.21,73.86,4.5,4.35
DRS Dakar,Dakar Nord,2022-01-01,24.16,25.9,22.71,1.09,70.39,5.0,4.85
DRS Dakar,Dakar Nord,2022-02-01,22.0,24.07,20.63,0.62,72.83,5.25,5.97
DRS Dakar,Dakar Nord,2022-03-01,18.91,20.28,18.08,1.64,84.11,5.55,6.46
DRS Dakar,Dakar Nord,2022-04-01,19.91,20.89,19.27,0.1,88.4,5.19,6.99
DRS Dakar,Dakar Nord,2022-05-01,22.37,23.06,21.84,18.51,89.7,4.05,6.58
DRS Dakar,Dakar Nord,2022-06-01,25.46,25.92,25.04,80.46,87.79,3.94,5.98
DRS Dakar,Dakar Nord,2022-07-01,26.98,27.32,26.6,123.7,84.09,4.54,5.59
DRS Dakar,Dakar Nord,2022-08-01,27.76,28.11,27.41,232.2,83.5,4.47,5.31
DRS Dakar,Dakar Nord,2022-09-01,27.91,28.27,27.54,231.06,83.65,4.02,5.36
DRS Dakar,Dakar Nord,2022-10-01,28.28,28.87,27.72,84.05,80.15,3.13,5.46
DRS Dakar,Dakar Nord,2022-11-01,27.42,28.88,26.02,0.96,68.77,3.8,5.08
DRS Dakar,Dakar Nord,2022-12-01,25.0,26.57,23.43,4.51,71.63,4.6,5.38
DRS Dakar,Dakar Nord,2023-01-01,22.75,24.72,21.15,1.86,69.1,4.64,4.94
DRS Dakar,Dakar Nord,2023-02-01,19.68,21.16,18.79,0.55,82.58,5.71,5.48
DRS Dakar,Dakar Nord,2023-03-01,21.04,22.76,20.1,0.61,86.09,3.75,6.82
DRS Dakar,Dakar Nord,2023-04-01,21.79,23.14,21.06,0.35,86.73,4.68,6.8
DRS Dakar,Dakar Nord,2023-05-01,24.18,24.93,23.57,0.54,86.15,4.6,6.52
DRS Dakar,Dakar Nord,2023-06-01,26.32,26.7,25.95,12.09,84.91,4.55,6.63
DRS Dakar,Dakar Nord,2023-07-01,28.02,28.43,27.6,152.82,83.01,3.77,5.71
DRS Dakar,Dakar Nord,2023-08-01,28.25,28.57,27.92,282.91,84.17,4.22,5.4
DRS Dakar,Dakar Nord,2023-09-01,28.7,29.13,28.25,187.15,81.79,3.25,5.45
DRS Dakar,Dakar Nord,2023-10-01,28.97,29.39,28.56,36.64,79.38,3.05,5.5
DRS Dakar,Dakar Nord,2023-11-01,27.58,28.69,26.48,0.89,73.43,4.19,5.53
DRS Dakar,Dakar Nord,2023-12-01,25.07,27.12,23.37,1.13,69.46,4.96,5.12
DRS Dakar,Dakar Nord,2024-01-01,24.26,26.45,22.61,1.75,72.33,4.34,5.15
DRS Dakar,Dakar Nord,2024-02-01,24.09,26.8,22.36,0.2,70.34,4.67,5.79
DRS Dakar,Dakar Nord,2024-03-01,20.79,21.63,20.15,0.0,86.83,5.32,6.67
DRS Dakar,Dakar Nord,2024-04-01,21.76,23.19,20.98,0.27,85.82,4.6,6.87
DRS Dakar,Dakar Nord,2024-05-01,23.62,24.33,23.11,0.52,87.53,4.31,6.76
DRS Dakar,Dakar Nord,2024-06-01,25.1,25.44,24.7,102.46,86.08,4.38,6.26
DRS Dakar,Dakar Nord,2024-07-01,27.13,27.43,26.8,109.11,85.24,4.37,5.43
DRS Dakar,Dakar Nord,2024-08-01,28.02,28.35,27.7,140.81,84.06,4.63,5.23
DRS Dakar,Dakar Nord,2024-09-01,27.99,28.38,27.58,234.28,83.62,3.99,4.95
DRS Dakar,Dakar Nord,2024-10-01,28.17,28.77,27.63,83.83,82.39,3.36,5.21
DRS Dakar,Dakar Nord,2024-11-01,27.33,28.66,26.09,0.15,76.78,3.51,5.49
DRS Dakar,Dakar Nord,2024-12-01,25.34,27.14,23.74,0.45,63.84,4.96,4.29
DRS Dakar,Dakar Ouest,2021-01-01,21.04,23.28,19.53,0.06,71.73,5.4,5.13
DRS Dakar,Dakar Ouest,2021-02-01,19.87,22.08,18.72,1.68,78.41,5.11,5.25
DRS Dakar,Dakar Ouest,2021-03-01,19.75,21.1,18.93,8.03,84.41,5.43,6.81
DRS Dakar,Dakar Ouest,2021-04-01,20.2,21.21,19.62,0.39,89.08,4.79,7.11
DRS Dakar,Dakar Ouest,2021-05-01,21.0,21.63,20.55,0.97,89.98,4.55,6.59
DRS Dakar,Dakar Ouest,2021-06-01,24.56,25.01,24.13,40.94,88.71,3.76,5.9
DRS Dakar,Dakar Ouest,2021-07-01,26.46,26.84,26.12,37.93,82.61,4.11,5.92
DRS Dakar,Dakar Ouest,2021-08-01,27.49,27.87,27.13,276.57,84.46,3.91,5.32
DRS Dakar,Dakar Ouest,2021-09-01,28.19,28.59,27.79,198.16,82.51,3.25,5.81
DRS Dakar,Dakar Ouest,2021-10-01,28.38,28.98,27.79,44.37,79.19,3.5,5.32
DRS Dakar,Dakar Ouest,2021-11-01,27.18,28.03,26.43,5.22,76.25,4.24,5.22
DRS Dakar,Dakar Ouest,2021-12-01,24.69,26.57,23.28,2.21,73.86,4.5,4.35
DRS Dakar,Dakar Ouest,2022-01-01,24.16,25.9,22.71,1.09,70.39,5.0,4.85
DRS Dakar,Dakar Ouest,2022-02-01,22.0,24.07,20.63,0.62,72.83,5.25,5.97
DRS Dakar,Dakar Ouest,2022-03-01,18.91,20.28,18.08,1.64,84.11,5.55,6.46
DRS Dakar,Dakar Ouest,2022-04-01,19.91,20.89,19.27,0.1,88.4,5.19,6.99
DRS Dakar,Dakar Ouest,2022-05-01,22.37,23.06,21.84,18.51,89.7,4.05,6.58
DRS Dakar,Dakar Ouest,2022-06-01,25.46,25.92,25.04,80.46,87.79,3.94,5.98
DRS Dakar,Dakar Ouest,2022-07-01,26.98,27.32,26.6,123.7,84.09,4.54,5.59
DRS Dakar,Dakar Ouest,2022-08-01,27.76,28.11,27.41,232.2,83.5,4.47,5.31
DRS Dakar,Dakar Ouest,2022-09-01,27.91,28.27,27.54,231.06,83.65,4.02,5.36
DRS Dakar,Dakar Ouest,2022-10-01,28.28,28.87,27.72,84.05,80.15,3.13,5.46
DRS Dakar,Dakar Ouest,2022-11-01,27.42,28.88,26.02,0.96,68.77,3.8,5.08
DRS Dakar,Dakar Ouest,2022-12-01,25.0,26.57,23.43,4.51,71.63,4.6,5.38
DRS Dakar,Dakar Ouest,2023-01-01,22.75,24.72,21.15,1.86,69.1,4.64,4.94
DRS Dakar,Dakar Ouest,2023-02-01,19.68,21.16,18.79,0.55,82.58,5.71,5.48
DRS Dakar,Dakar Ouest,2023-03-01,21.04,22.76,20.1,0.61,86.09,3.75,6.82
DRS Dakar,Dakar Ouest,2023-04-01,21.79,23.14,21.06,0.35,86.73,4.68,6.8
DRS Dakar,Dakar Ouest,2023-05-01,24.18,24.93,23.57,0.54,86.15,4.6,6.52
DRS Dakar,Dakar Ouest,2023-06-01,26.32,26.7,25.95,12.09,84.91,4.55,6.63
DRS Dakar,Dakar Ouest,2023-07-01,28.02,28.43,27.6,152.82,83.01,3.77,5.71
DRS Dakar,Dakar Ouest,2023-08-01,28.25,28.57,27.92,282.91,84.17,4.22,5.4
DRS Dakar,Dakar Ouest,2023-09-01,28.7,29.13,28.25,187.15,81.79,3.25,5.45
DRS Dakar,Dakar Ouest,2023-10-01,28.97,29.39,28.56,36.64,79.38,3.05,5.5
DRS Dakar,Dakar Ouest,2023-11-01,27.58,28.69,26.48,0.89,73.43,4.19,5.53
DRS Dakar,Dakar Ouest,2023-12-01,25.07,27.12,23.37,1.13,69.46,4.96,5.12
DRS Dakar,Dakar Ouest,2024-01-01,24.26,26.45,22.61,1.75,72.33,4.34,5.15
DRS Dakar,Dakar Ouest,2024-02-01,24.09,26.8,22.36,0.2,70.34,4.67,5.79
DRS Dakar,Dakar Ouest,2024-03-01,20.79,21.63,20.15,0.0,86.83,5.32,6.67
DRS Dakar,Dakar Ouest,2024-04-01,21.76,23.19,20.98,0.27,85.82,4.6,6.87
DRS Dakar,Dakar Ouest,2024-05-01,23.62,24.33,23.11,0.52,87.53,4.31,6.76
DRS Dakar,Dakar Ouest,2024-06-01,25.1,25.44,24.7,102.46,86.08,4.38,6.26
DRS Dakar,Dakar Ouest,2024-07-01,27.13,27.43,26.8,109.11,85.24,4.37,5.43
DRS Dakar,Dakar Ouest,2024-08-01,28.02,28.35,27.7,140.81,84.06,4.63,5.23
DRS Dakar,Dakar Ouest,2024-09-01,27.99,28.38,27.58,234.28,83.62,3.99,4.95
DRS Dakar,Dakar Ouest,2024-10-01,28.17,28.77,27.63,83.83,82.39,3.36,5.21
DRS Dakar,Dakar Ouest,2024-11-01,27.33,28.66,26.09,0.15,76.78,3.51,5.49
DRS Dakar,Dakar Ouest,2024-12-01,25.34,27.14,23.74,0.45,63.84,4.96,4.29
DRS Dakar,Dakar Sud,2021-01-01,21.04,23.28,19.53,0.06,71.73,5.4,5.13
DRS Dakar,Dakar Sud,2021-02-01,19.87,22.08,18.72,1.68,78.41,5.11,5.25
DRS Dakar,Dakar Sud,2021-03-01,19.75,21.1,18.93,8.03,84.41,5.43,6.81
DRS Dakar,Dakar Sud,2021-04-01,20.2,21.21,19.62,0.39,89.08,4.79,7.11
DRS Dakar,Dakar Sud,2021-05-01,21.0,21.63,20.55,0.97,89.98,4.55,6.59
DRS Dakar,Dakar Sud,2021-06-01,24.56,25.01,24.13,40.94,88.71,3.76,5.9
DRS Dakar,Dakar Sud,2021-07-01,26.46,26.84,26.12,37.93,82.61,4.11,5.92
DRS Dakar,Dakar Sud,2021-08-01,27.49,27.87,27.13,276.57,84.46,3.91,5.32
DRS Dakar,Dakar Sud,2021-09-01,28.19,28.59,27.79,198.16,82.51,3.25,5.81
DRS Dakar,Dakar Sud,2021-10-01,28.38,28.98,27.79,44.37,79.19,3.5,5.32
DRS Dakar,Dakar Sud,2021-11-01,27.18,28.03,26.43,5.22,76.25,4.24,5.22
DRS Dakar,Dakar Sud,2021-12-01,24.69,26.57,23.28,2.21,73.86,4.5,4.35
DRS Dakar,Dakar Sud,2022-01-01,24.16,25.9,22.71,1.09,70.39,5.0,4.85
DRS Dakar,Dakar Sud,2022-02-01,22.0,24.07,20.63,0.62,72.83,5.25,5.97
DRS Dakar,Dakar Sud,2022-03-01,18.91,20.28,18.08,1.64,84.11,5.55,6.46
DRS Dakar,Dakar Sud,2022-04-01,19.91,20.89,19.27,0.1,88.4,5.19,6.99
DRS Dakar,Dakar Sud,2022-05-01,22.37,23.06,21.84,18.51,89.7,4.05,6.58
DRS Dakar,Dakar Sud,2022-06-01,25.46,25.92,25.04,80.46,87.79,3.94,5.98
DRS Dakar,Dakar Sud,2022-07-01,26.98,27.32,26.6,123.7,84.09,4.54,5.59
DRS Dakar,Dakar Sud,2022-08-01,27.76,28.11,27.41,232.2,83.5,4.47,5.31
DRS Dakar,Dakar Sud,2022-09-01,27.91,28.27,27.54,231.06,83.65,4.02,5.36
DRS Dakar,Dakar Sud,2022-10-01,28.28,28.87,27.72,84.05,80.15,3.13,5.46
DRS Dakar,Dakar Sud,2022-11-01,27.42,28.88,26.02,0.96,68.77,3.8,5.08
DRS Dakar,Dakar Sud,2022-12-01,25.0,26.57,23.43,4.51,71.63,4.6,5.38
DRS Dakar,Dakar Sud,2023-01-01,22.75,24.72,21.15,1.86,69.1,4.64,4.94
DRS Dakar,Dakar Sud,2023-02-01,19.68,21.16,18.79,0.55,82.58,5.71,5.48
DRS Dakar,Dakar Sud,2023-03-01,21.04,22.76,20.1,0.61,86.09,3.75,6.82
DRS Dakar,Dakar Sud,2023-04-01,21.79,23.14,21.06,0.35,86.73,4.68,6.8
DRS Dakar,Dakar Sud,2023-05-01,24.18,24.93,23.57,0.54,86.15,4.6,6.52
DRS Dakar,Dakar Sud,2023-06-01,26.32,26.7,25.95,12.09,84.91,4.55,6.63
DRS Dakar,Dakar Sud,2023-07-01,28.02,28.43,27.6,152.82,83.01,3.77,5.71
DRS Dakar,Dakar Sud,2023-08-01,28.25,28.57,27.92,282.91,84.17,4.22,5.4
DRS Dakar,Dakar Sud,2023-09-01,28.7,29.13,28.25,187.15,81.79,3.25,5.45
DRS Dakar,Dakar Sud,2023-10-01,28.97,29.39,28.56,36.64,79.38,3.05,5.5
DRS Dakar,Dakar Sud,2023-11-01,27.58,28.69,26.48,0.89,73.43,4.19,5.53
DRS Dakar,Dakar Sud,2023-12-01,25.07,27.12,23.37,1.13,69.46,4.96,5.12
DRS Dakar,Dakar Sud,2024-01-01,24.26,26.45,22.61,1.75,72.33,4.34,5.15
DRS Dakar,Dakar Sud,2024-02-01,24.09,26.8,22.36,0.2,70.34,4.67,5.79
DRS Dakar,Dakar Sud,2024-03-01,20.79,21.63,20.15,0.0,86.83,5.32,6.67
DRS Dakar,Dakar Sud,2024-04-01,21.76,23.19,20.98,0.27,85.82,4.6,6.87
DRS Dakar,Dakar Sud,2024-05-01,23.62,24.33,23.11,0.52,87.53,4.31,6.76
DRS Dakar,Dakar Sud,2024-06-01,25.1,25.44,24.7,102.46,86.08,4.38,6.26
DRS Dakar,Dakar Sud,2024-07-01,27.13,27.43,26.8,109.11,85.24,4.37,5.43
DRS Dakar,Dakar Sud,2024-08-01,28.02,28.35,27.7,140.81,84.06,4.63,5.23
DRS Dakar,Dakar Sud,2024-09-01,27.99,28.38,27.58,234.28,83.62,3.99,4.95
DRS Dakar,Dakar Sud,2024-10-01,28.17,28.77,27.63,83.83,82.39,3.36,5.21
DRS Dakar,Dakar Sud,2024-11-01,27.33,28.66,26.09,0.15,76.78,3.51,5.49
DRS Dakar,Dakar Sud,2024-12-01,25.34,27.14,23.74,0.45,63.84,4.96,4.29
DRS Dakar,Diamniadio,2021-01-01,22.52,30.54,16.72,0.1,45.59,3.82,5.13
DRS Dakar,Diamniadio,2021-02-01,23.63,32.93,17.51,4.68,44.03,3.89,5.25
DRS Dakar,Diamniadio,2021-03-01,23.84,33.49,17.48,1.82,54.95,4.23,6.81
DRS Dakar,Diamniadio,2021-04-01,25.22,35.53,18.63,1.57,59.44,4.1,7.11
DRS Dakar,Diamniadio,2021-05-01,25.41,34.03,19.74,2.11,62.51,3.96,6.59
DRS Dakar,Diamniadio,2021-06-01,27.78,33.82,23.46,28.37,67.05,3.15,5.9
DRS Dakar,Diamniadio,2021-07-01,28.26,32.83,24.9,29.37,69.49,3.1,5.92
DRS Dakar,Diamniadio,2021-08-01,27.66,30.78,25.33,248.57,81.24,2.44,5.32
DRS Dakar,Diamniadio,2021-09-01,27.83,31.04,25.39,198.13,82.83,1.86,5.81
DRS Dakar,Diamniadio,2021-10-01,27.87,32.19,24.64,52.53,76.64,1.91,5.32
DRS Dakar,Diamniadio,2021-11-01,27.15,33.27,22.76,5.51,66.61,2.37,5.22
DRS Dakar,Diamniadio,2021-12-01,25.37,32.53,19.81,7.21,49.41,2.86,4.35
DRS Dakar,Diamniadio,2022-01-01,24.81,32.4,18.98,3.96,45.45,3.48,4.85
DRS Dakar,Diamniadio,2022-02-01,24.4,32.84,18.2,3.96,41.42,4.13,5.97
DRS Dakar,Diamniadio,2022-03-01,23.78,33.63,17.24,6.31,51.14,4.51,6.46
DRS Dakar,Diamniadio,2022-04-01,25.37,35.23,18.77,0.43,55.64,4.48,6.99
DRS Dakar,Diamniadio,2022-05-01,27.04,35.78,21.13,22.29,61.39,3.42,6.58
DRS Dakar,Diamniadio,2022-06-01,28.0,33.39,24.13,69.79,70.13,3.2,5.98
DRS Dakar,Diamniadio,2022-07-01,28.2,32.11,25.36,104.12,74.01,3.28,5.59
DRS Dakar,Diamniadio,2022-08-01,27.73,30.62,25.58,208.86,81.16,2.78,5.31
DRS Dakar,Diamniadio,2022-09-01,27.53,30.43,25.38,210.32,83.72,2.27,5.36
DRS Dakar,Diamniadio,2022-10-01,27.68,31.45,24.67,89.55,79.08,1.67,5.46
DRS Dakar,Diamniadio,2022-11-01,25.67,32.33,20.18,2.07,58.34,2.14,5.08
DRS Dakar,Diamniadio,2022-12-01,24.24,31.79,18.32,4.25,54.81,2.84,5.38
DRS Dakar,Diamniadio,2023-01-01,23.46,31.11,17.58,7.13,45.53,3.44,4.94
DRS Dakar,Diamniadio,2023-02-01,23.76,33.06,17.59,2.67,50.79,4.34,5.48
DRS Dakar,Diamniadio,2023-03-01,26.35,36.52,19.41,0.89,50.42,3.27,6.82
DRS Dakar,Diamniadio,2023-04-01,26.79,35.88,20.73,1.94,55.96,4.08,6.8
DRS Dakar,Diamniadio,2023-05-01,28.5,36.52,22.95,1.77,58.31,3.73,6.52
DRS Dakar,Diamniadio,2023-06-01,28.93,35.0,24.73,10.16,65.78,3.71,6.63
DRS Dakar,Diamniadio,2023-07-01,28.81,32.37,26.14,150.5,75.41,2.6,5.71
DRS Dakar,Diamniadio,2023-08-01,28.1,31.02,25.95,269.57,82.5,2.73,5.4
DRS Dakar,Diamniadio,2023-09-01,27.97,30.79,25.81,186.79,83.96,1.9,5.45
DRS Dakar,Diamniadio,2023-10-01,28.18,31.66,25.53,41.41,79.99,1.66,5.5
DRS Dakar,Diamniadio,2023-11-01,26.08,33.25,20.68,1.99,64.33,2.33,5.53
DRS Dakar,Diamniadio,2023-12-01,24.04,32.17,17.85,5.21,48.85,3.0,5.12
DRS Dakar,Diamniadio,2024-01-01,24.43,32.91,18.13,3.55,47.2,2.98,5.15
DRS Dakar,Diamniadio,2024-02-01,26.34,35.82,19.28,0.5,38.81,3.47,5.79
DRS Dakar,Diamniadio,2024-03-01,24.69,34.55,18.34,0.03,58.03,4.18,6.67
DRS Dakar,Diamniadio,2024-04-01,26.97,36.67,20.43,0.32,54.66,3.99,6.87
DRS Dakar,Diamniadio,2024-05-01,28.17,36.9,22.29,0.67,59.32,3.76,6.76
DRS Dakar,Diamniadio,2024-06-01,27.53,33.33,23.24,40.97,68.54,3.43,6.26
DRS Dakar,Diamniadio,2024-07-01,28.11,31.65,25.43,101.02,77.33,3.17,5.43
DRS Dakar,Diamniadio,2024-08-01,28.26,31.36,26.06,136.2,79.89,2.99,5.23
DRS Dakar,Diamniadio,2024-09-01,27.99,31.21,25.64,239.65,81.4,2.43,4.95
DRS Dakar,Diamniadio,2024-10-01,27.94,32.01,24.74,82.45,78.45,1.88,5.21
DRS Dakar,Diamniadio,2024-11-01,27.49,34.38,21.91,0.45,61.27,2.04,5.49
DRS Dakar,Diamniadio,2024-12-01,24.59,31.52,19.18,0.33,45.34,3.21,4.29
DRS Dakar,Guediawaye,2021-01-01,20.77,22.87,19.31,0.16,72.73,5.53,5.13
DRS Dakar,Guediawaye,2021-02-01,19.81,22.05,18.6,2.28,78.49,5.27,5.25
DRS Dakar,Guediawaye,2021-03-01,19.99,21.51,18.97,11.94,82.97,5.69,6.81
DRS Dakar,Guediawaye,2021-04-01,20.58,21.78,19.79,1.15,86.83,5.34,7.11
DRS Dakar,Guediawaye,2021-05-01,21.35,22.29,20.65,1.04,87.25,4.68,6.59
DRS Dakar,Guediawaye,2021-06-01,24.5,25.43,23.75,68.34,86.39,3.81,5.9
DRS Dakar,Guediawaye,2021-07-01,26.27,26.9,25.64,22.4,81.1,4.01,5.92
DRS Dakar,Guediawaye,2021-08-01,27.55,28.02,27.06,291.42,83.69,3.65,5.32
DRS Dakar,Guediawaye,2021-09-01,28.23,28.82,27.73,177.58,82.31,3.22,5.81
DRS Dakar,Guediawaye,2021-10-01,28.13,29.06,27.37,29.26,79.72,3.54,5.32
DRS Dakar,Guediawaye,2021-11-01,26.8,27.99,25.89,8.41,76.67,4.22,5.22
DRS Dakar,Guediawaye,2021-12-01,24.37,26.66,22.83,2.63,73.54,4.63,4.35
DRS Dakar,Guediawaye,2022-01-01,23.93,26.07,22.39,2.12,69.77,5.06,4.85
DRS Dakar,Guediawaye,2022-02-01,22.25,24.71,20.74,1.48,71.65,5.6,5.97
DRS Dakar,Guediawaye,2022-03-01,19.31,20.77,18.34,2.39,83.19,5.79,6.46
DRS Dakar,Guediawaye,2022-04-01,20.39,21.55,19.56,0.33,86.14,5.51,6.99
DRS Dakar,Guediawaye,2022-05-01,22.63,24.05,21.76,6.91,86.63,3.98,6.58
DRS Dakar,Guediawaye,2022-06-01,25.21,26.16,24.49,52.69,86.8,3.77,5.98
DRS Dakar,Guediawaye,2022-07-01,26.78,27.37,26.19,130.08,82.73,4.31,5.59
DRS Dakar,Guediawaye,2022-08-01,27.79,28.21,27.33,200.89,82.44,4.13,5.31
DRS Dakar,Guediawaye,2022-09-01,27.96,28.48,27.44,182.5,83.49,3.82,5.36
DRS Dakar,Guediawaye,2022-10-01,28.19,29.02,27.44,55.53,80.23,3.14,5.46
DRS Dakar,Guediawaye,2022-11-01,27.08,28.93,25.48,0.53,70.09,3.92,5.08
DRS Dakar,Guediawaye,2022-12-01,25.05,26.98,23.42,5.29,70.66,4.83,5.38
DRS Dakar,Guediawaye,2023-01-01,22.8,24.96,21.17,4.42,68.29,4.98,4.94
DRS Dakar,Guediawaye,2023-02-01,19.82,21.24,18.88,2.04,81.78,5.96,5.48
DRS Dakar,Guediawaye,2023-03-01,21.57,23.69,20.32,0.62,83.47,3.94,6.82
DRS Dakar,Guediawaye,2023-04-01,22.25,23.89,21.34,1.09,84.09,4.82,6.8
DRS Dakar,Guediawaye,2023-05-01,24.34,25.45,23.52,0.91,83.41,4.93,6.52
DRS Dakar,Guediawaye,2023-06-01,26.16,26.96,25.5,5.74,83.63,4.49,6.63
DRS Dakar,Guediawaye,2023-07-01,28.0,28.52,27.44,213.99,81.81,3.65,5.71
DRS Dakar,Guediawaye,2023-08-01,28.15,28.58,27.67,324.81,84.07,4.04,5.4
DRS Dakar,Guediawaye,2023-09-01,28.68,29.2,28.19,192.78,81.9,3.28,5.45
DRS Dakar,Guediawaye,2023-10-01,28.85,29.36,28.35,32.87,80.05,3.14,5.5
DRS Dakar,Guediawaye,2023-11-01,27.16,28.48,26.02,0.79,73.56,4.24,5.53
DRS Dakar,Guediawaye,2023-12-01,24.6,26.66,22.99,1.99,70.36,5.08,5.12
DRS Dakar,Guediawaye,2024-01-01,23.92,26.38,22.21,1.58,73.19,4.36,5.15
DRS Dakar,Guediawaye,2024-02-01,23.93,27.07,21.98,0.24,70.57,4.84,5.79
DRS Dakar,Guediawaye,2024-03-01,21.04,22.13,20.21,0.0,84.64,5.34,6.67
DRS Dakar,Guediawaye,2024-04-01,22.55,24.44,21.39,0.3,82.55,5.0,6.87
DRS Dakar,Guediawaye,2024-05-01,23.95,25.08,23.12,0.45,84.63,4.49,6.76
DRS Dakar,Guediawaye,2024-06-01,25.02,25.8,24.33,44.51,84.45,4.41,6.26
DRS Dakar,Guediawaye,2024-07-01,27.01,27.53,26.45,125.27,84.38,4.2,5.43
DRS Dakar,Guediawaye,2024-08-01,28.09,28.51,27.65,103.83,82.89,4.41,5.23
DRS Dakar,Guediawaye,2024-09-01,28.01,28.59,27.44,245.85,82.93,3.88,4.95
DRS Dakar,Guediawaye,2024-10-01,28.12,28.98,27.38,83.74,82.32,3.37,5.21
DRS Dakar,Guediawaye,2024-11-01,26.92,29.06,25.21,0.31,75.45,3.75,5.49
DRS Dakar,Guediawaye,2024-12-01,24.75,26.81,23.02,0.36,64.61,5.05,4.29
DRS Dakar,Keur Massar,2021-01-01,20.77,22.87,19.31,0.16,72.73,5.53,5.13
DRS Dakar,Keur Massar,2021-02-01,19.81,22.05,18.6,2.28,78.49,5.27,5.25
DRS Dakar,Keur Massar,2021-03-01,19.99,21.51,18.97,11.94,82.97,5.69,6.81
DRS Dakar,Keur Massar,2021-04-01,20.58,21.78,19.79,1.15,86.83,5.34,7.11
DRS Dakar,Keur Massar,2021-05-01,21.35,22.29,20.65,1.04,87.25,4.68,6.59
DRS Dakar,Keur Massar,2021-06-01,24.5,25.43,23.75,68.34,86.39,3.81,5.9
DRS Dakar,Keur Massar,2021-07-01,26.27,26.9,25.64,22.4,81.1,4.01,5.92
DRS Dakar,Keur Massar,2021-08-01,27.55,28.02,27.06,291.42,83.69,3.65,5.32
DRS Dakar,Keur Massar,2021-09-01,28.23,28.82,27.73,177.58,82.31,3.22,5.81
DRS Dakar,Keur Massar,2021-10-01,28.13,29.06,27.37,29.26,79.72,3.54,5.32
DRS Dakar,Keur Massar,2021-11-01,26.8,27.99,25.89,8.41,76.67,4.22,5.22
DRS Dakar,Keur Massar,2021-12-01,24.37,26.66,22.83,2.63,73.54,4.63,4.35
DRS Dakar,Keur Massar,2022-01-01,23.93,26.07,22.39,2.12,69.77,5.06,4.85
DRS Dakar,Keur Massar,2022-02-01,22.25,24.71,20.74,1.48,71.65,5.6,5.97
DRS Dakar,Keur Massar,2022-03-01,19.31,20.77,18.34,2.39,83.19,5.79,6.46
DRS Dakar,Keur Massar,2022-04-01,20.39,21.55,19.56,0.33,86.14,5.51,6.99
DRS Dakar,Keur Massar,2022-05-01,22.63,24.05,21.76,6.91,86.63,3.98,6.58
DRS Dakar,Keur Massar,2022-06-01,25.21,26.16,24.49,52.69,86.8,3.77,5.98
DRS Dakar,Keur Massar,2022-07-01,26.78,27.37,26.19,130.08,82.73,4.31,5.59
DRS Dakar,Keur Massar,2022-08-01,27.79,28.21,27.33,200.89,82.44,4.13,5.31
DRS Dakar,Keur Massar,2022-09-01,27.96,28.48,27.44,182.5,83.49,3.82,5.36
DRS Dakar,Keur Massar,2022-10-01,28.19,29.02,27.44,55.53,80.23,3.14,5.46
DRS Dakar,Keur Massar,2022-11-01,27.08,28.93,25.48,0.53,70.09,3.92,5.08
DRS Dakar,Keur Massar,2022-12-01,25.05,26.98,23.42,5.29,70.66,4.83,5.38
DRS Dakar,Keur Massar,2023-01-01,22.8,24.96,21.17,4.42,68.29,4.98,4.94
DRS Dakar,Keur Massar,2023-02-01,19.82,21.24,18.88,2.04,81.78,5.96,5.48
DRS Dakar,Keur Massar,2023-03-01,21.57,23.69,20.32,0.62,83.47,3.94,6.82
DRS Dakar,Keur Massar,2023-04-01,22.25,23.89,21.34,1.09,84.09,4.82,6.8
DRS Dakar,Keur Massar,2023-05-01,24.34,25.45,23.52,0.91,83.41,4.93,6.52
DRS Dakar,Keur Massar,2023-06-01,26.16,26.96,25.5,5.74,83.63,4.49,6.63
DRS Dakar,Keur Massar,2023-07-01,28.0,28.52,27.44,213.99,81.81,3.65,5.71
DRS Dakar,Keur Massar,2023-08-01,28.15,28.58,27.67,324.81,84.07,4.04,5.4
DRS Dakar,Keur Massar,2023-09-01,28.68,29.2,28.19,192.78,81.9,3.28,5.45
DRS Dakar,Keur Massar,2023-10-01,28.85,29.36,28.35,32.87,80.05,3.14,5.5
DRS Dakar,Keur Massar,2023-11-01,27.16,28.48,26.02,0.79,73.56,4.24,5.53
DRS Dakar,Keur Massar,2023-12-01,24.6,26.66,22.99,1.99,70.36,5.08,5.12
DRS Dakar,Keur Massar,2024-01-01,23.92,26.38,22.21,1.58,73.19,4.36,5.15
DRS Dakar,Keur Massar,2024-02-01,23.93,27.07,21.98,0.24,70.57,4.84,5.79
DRS Dakar,Keur Massar,2024-03-01,21.04,22.13,20.21,0.0,84.64,5.34,6.67
DRS Dakar,Keur Massar,2024-04-01,22.55,24.44,21.39,0.3,82.55,5.0,6.87
DRS Dakar,Keur Massar,2024-05-01,23.95,25.08,23.12,0.45,84.63,4.49,6.76
DRS Dakar,Keur Massar,2024-06-01,25.02,25.8,24.33,44.51,84.45,4.41,6.26
DRS Dakar,Keur Massar,2024-07-01,27.01,27.53,26.45,125.27,84.38,4.2,5.43
DRS Dakar,Keur Massar,2024-08-01,28.09,28.51,27.65,103.83,82.89,4.41,5.23
DRS Dakar,Keur Massar,2024-09-01,28.01,28.59,27.44,245.85,82.93,3.88,4.95
DRS Dakar,Keur Massar,2024-10-01,28.12,28.98,27.38,83.74,82.32,3.37,5.21
DRS Dakar,Keur Massar,2024-11-01,26.92,29.06,25.21,0.31,75.45,3.75,5.49
DRS Dakar,Keur Massar,2024-12-01,24.75,26.81,23.02,0.36,64.61,5.05,4.29
DRS Dakar,Mbao,2021-01-01,21.04,23.28,19.53,0.06,71.73,5.4,5.13
DRS Dakar,Mbao,2021-02-01,19.87,22.08,18.72,1.68,78.41,5.11,5.25
DRS Dakar,Mbao,2021-03-01,19.75,21.1,18.93,8.03,84.41,5.43,6.81
DRS Dakar,Mbao,2021-04-01,20.2,21.21,19.62,0.39,89.08,4.79,7.11
DRS Dakar,Mbao,2021-05-01,21.0,21.63,20.55,0.97,89.98,4.55,6.59
DRS Dakar,Mbao,2021-06-01,24.56,25.01,24.13,40.94,88.71,3.76,5.9
DRS Dakar,Mbao,2021-07-01,26.46,26.84,26.12,37.93,82.61,4.11,5.92
DRS Dakar,Mbao,2021-08-01,27.49,27.87,27.13,276.57,84.46,3.91,5.32
DRS Dakar,Mbao,2021-09-01,28.19,28.59,27.79,198.16,82.51,3.25,5.81
DRS Dakar,Mbao,2021-10-01,28.38,28.98,27.79,44.37,79.19,3.5,5.32
DRS Dakar,Mbao,2021-11-01,27.18,28.03,26.43,5.22,76.25,4.24,5.22
DRS Dakar,Mbao,2021-12-01,24.69,26.57,23.28,2.21,73.86,4.5,4.35
DRS Dakar,Mbao,2022-01-01,24.16,25.9,22.71,1.09,70.39,5.0,4.85
DRS Dakar,Mbao,2022-02-01,22.0,24.07,20.63,0.62,72.83,5.25,5.97
DRS Dakar,Mbao,2022-03-01,18.91,20.28,18.08,1.64,84.11,5.55,6.46
DRS Dakar,Mbao,2022-04-01,19.91,20.89,19.27,0.1,88.4,5.19,6.99
DRS Dakar,Mbao,2022-05-01,22.37,23.06,21.84,18.51,89.7,4.05,6.58
DRS Dakar,Mbao,2022-06-01,25.46,25.92,25.04,80.46,87.79,3.94,5.98
DRS Dakar,Mbao,2022-07-01,26.98,27.32,26.6,123.7,84.09,4.54,5.59
DRS Dakar,Mbao,2022-08-01,27.76,28.11,27.41,232.2,83.5,4.47,5.31
DRS Dakar,Mbao,2022-09-01,27.91,28.27,27.54,231.06,83.65,4.02,5.36
DRS Dakar,Mbao,2022-10-01,28.28,28.87,27.72,84.05,80.15,3.13,5.46
DRS Dakar,Mbao,2022-11-01,27.42,28.88,26.02,0.96,68.77,3.8,5.08
DRS Dakar,Mbao,2022-12-01,25.0,26.57,23.43,4.51,71.63,4.6,5.38
DRS Dakar,Mbao,2023-01-01,22.75,24.72,21.15,1.86,69.1,4.64,4.94
DRS Dakar,Mbao,2023-02-01,19.68,21.16,18.79,0.55,82.58,5.71,5.48
DRS Dakar,Mbao,2023-03-01,21.04,22.76,20.1,0.61,86.09,3.75,6.82
DRS Dakar,Mbao,2023-04-01,21.79,23.14,21.06,0.35,86.73,4.68,6.8
DRS Dakar,Mbao,2023-05-01,24.18,24.93,23.57,0.54,86.15,4.6,6.52
DRS Dakar,Mbao,2023-06-01,26.32,26.7,25.95,12.09,84.91,4.55,6.63
DRS Dakar,Mbao,2023-07-01,28.02,28.43,27.6,152.82,83.01,3.77,5.71
DRS Dakar,Mbao,2023-08-01,28.25,28.57,27.92,282.91,84.17,4.22,5.4
DRS Dakar,Mbao,2023-09-01,28.7,29.13,28.25,187.15,81.79,3.25,5.45
DRS Dakar,Mbao,2023-10-01,28.97,29.39,28.56,36.64,79.38,3.05,5.5
DRS Dakar,Mbao,2023-11-01,27.58,28.69,26.48,0.89,73.43,4.19,5.53
DRS Dakar,Mbao,2023-12-01,25.07,27.12,23.37,1.13,69.46,4.96,5.12
DRS Dakar,Mbao,2024-01-01,24.26,26.45,22.61,1.75,72.33,4.34,5.15
DRS Dakar,Mbao,2024-02-01,24.09,26.8,22.36,0.2,70.34,4.67,5.79
DRS Dakar,Mbao,2024-03-01,20.79,21.63,20.15,0.0,86.83,5.32,6.67
DRS Dakar,Mbao,2024-04-01,21.76,23.19,20.98,0.27,85.82,4.6,6.87
DRS Dakar,Mbao,2024-05-01,23.62,24.33,23.11,0.52,87.53,4.31,6.76
DRS Dakar,Mbao,2024-06-01,25.1,25.44,24.7,102.46,86.08,4.38,6.26
DRS Dakar,Mbao,2024-07-01,27.13,27.43,26.8,109.11,85.24,4.37,5.43
DRS Dakar,Mbao,2024-08-01,28.02,28.35,27.7,140.81,84.06,4.63,5.23
DRS Dakar,Mbao,2024-09-01,27.99,28.38,27.58,234.28,83.62,3.99,4.95
DRS Dakar,Mbao,2024-10-01,28.17,28.77,27.63,83.83,82.39,3.36,5.21
DRS Dakar,Mbao,2024-11-01,27.33,28.66,26.09,0.15,76.78,3.51,5.49
DRS Dakar,Mbao,2024-12-01,25.34,27.14,23.74,0.45,63.84,4.96,4.29
DRS Dakar,Pikine,2021-01-01,20.77,22.87,19.31,0.16,72.73,5.53,5.13
DRS Dakar,Pikine,2021-02-01,19.81,22.05,18.6,2.28,78.49,5.27,5.25
DRS Dakar,Pikine,2021-03-01,19.99,21.51,18.97,11.94,82.97,5.69,6.81
DRS Dakar,Pikine,2021-04-01,20.58,21.78,19.79,1.15,86.83,5.34,7.11
DRS Dakar,Pikine,2021-05-01,21.35,22.29,20.65,1.04,87.25,4.68,6.59
DRS Dakar,Pikine,2021-06-01,24.5,25.43,23.75,68.34,86.39,3.81,5.9
DRS Dakar,Pikine,2021-07-01,26.27,26.9,25.64,22.4,81.1,4.01,5.92
DRS Dakar,Pikine,2021-08-01,27.55,28.02,27.06,291.42,83.69,3.65,5.32
DRS Dakar,Pikine,2021-09-01,28.23,28.82,27.73,177.58,82.31,3.22,5.81
DRS Dakar,Pikine,2021-10-01,28.13,29.06,27.37,29.26,79.72,3.54,5.32
DRS Dakar,Pikine,2021-11-01,26.8,27.99,25.89,8.41,76.67,4.22,5.22
DRS Dakar,Pikine,2021-12-01,24.37,26.66,22.83,2.63,73.54,4.63,4.35
DRS Dakar,Pikine,2022-01-01,23.93,26.07,22.39,2.12,69.77,5.06,4.85
DRS Dakar,Pikine,2022-02-01,22.25,24.71,20.74,1.48,71.65,5.6,5.97
DRS Dakar,Pikine,2022-03-01,19.31,20.77,18.34,2.39,83.19,5.79,6.46
DRS Dakar,Pikine,2022-04-01,20.39,21.55,19.56,0.33,86.14,5.51,6.99
DRS Dakar,Pikine,2022-05-01,22.63,24.05,21.76,6.91,86.63,3.98,6.58
DRS Dakar,Pikine,2022-06-01,25.21,26.16,24.49,52.69,86.8,3.77,5.98
DRS Dakar,Pikine,2022-07-01,26.78,27.37,26.19,130.08,82.73,4.31,5.59
DRS Dakar,Pikine,2022-08-01,27.79,28.21,27.33,200.89,82.44,4.13,5.31
DRS Dakar,Pikine,2022-09-01,27.96,28.48,27.44,182.5,83.49,3.82,5.36
DRS Dakar,Pikine,2022-10-01,28.19,29.02,27.44,55.53,80.23,3.14,5.46
DRS Dakar,Pikine,2022-11-01,27.08,28.93,25.48,0.53,70.09,3.92,5.08
DRS Dakar,Pikine,2022-12-01,25.05,26.98,23.42,5.29,70.66,4.83,5.38
DRS Dakar,Pikine,2023-01-01,22.8,24.96,21.17,4.42,68.29,4.98,4.94
DRS Dakar,Pikine,2023-02-01,19.82,21.24,18.88,2.04,81.78,5.96,5.48
DRS Dakar,Pikine,2023-03-01,21.57,23.69,20.32,0.62,83.47,3.94,6.82
DRS Dakar,Pikine,2023-04-01,22.25,23.89,21.34,1.09,84.09,4.82,6.8
DRS Dakar,Pikine,2023-05-01,24.34,25.45,23.52,0.91,83.41,4.93,6.52
DRS Dakar,Pikine,2023-06-01,26.16,26.96,25.5,5.74,83.63,4.49,6.63
DRS Dakar,Pikine,2023-07-01,28.0,28.52,27.44,213.99,81.81,3.65,5.71
DRS Dakar,Pikine,2023-08-01,28.15,28.58,27.67,324.81,84.07,4.04,5.4
DRS Dakar,Pikine,2023-09-01,28.68,29.2,28.19,192.78,81.9,3.28,5.45
DRS Dakar,Pikine,2023-10-01,28.85,29.36,28.35,32.87,80.05,3.14,5.5
DRS Dakar,Pikine,2023-11-01,27.16,28.48,26.02,0.79,73.56,4.24,5.53
DRS Dakar,Pikine,2023-12-01,24.6,26.66,22.99,1.99,70.36,5.08,5.12
DRS Dakar,Pikine,2024-01-01,23.92,26.38,22.21,1.58,73.19,4.36,5.15
DRS Dakar,Pikine,2024-02-01,23.93,27.07,21.98,0.24,70.57,4.84,5.79
DRS Dakar,Pikine,2024-03-01,21.04,22.13,20.21,0.0,84.64,5.34,6.67
DRS Dakar,Pikine,2024-04-01,22.55,24.44,21.39,0.3,82.55,5.0,6.87
DRS Dakar,Pikine,2024-05-01,23.95,25.08,23.12,0.45,84.63,4.49,6.76
DRS Dakar,Pikine,2024-06-01,25.02,25.8,24.33,44.51,84.45,4.41,6.26
DRS Dakar,Pikine,2024-07-01,27.01,27.53,26.45,125.27,84.38,4.2,5.43
DRS Dakar,Pikine,2024-08-01,28.09,28.51,27.65,103.83,82.89,4.41,5.23
DRS Dakar,Pikine,2024-09-01,28.01,28.59,27.44,245.85,82.93,3.88,4.95
DRS Dakar,Pikine,2024-10-01,28.12,28.98,27.38,83.74,82.32,3.37,5.21
DRS Dakar,Pikine,2024-11-01,26.92,29.06,25.21,0.31,75.45,3.75,5.49
DRS Dakar,Pikine,2024-12-01,24.75,26.81,23.02,0.36,64.61,5.05,4.29
DRS Dakar,Rufisque,2021-01-01,21.04,23.28,19.53,0.06,71.73,5.4,5.13
DRS Dakar,Rufisque,2021-02-01,19.87,22.08,18.72,1.68,78.41,5.11,5.25
DRS Dakar,Rufisque,2021-03-01,19.75,21.1,18.93,8.03,84.41,5.43,6.81
DRS Dakar,Rufisque,2021-04-01,20.2,21.21,19.62,0.39,89.08,4.79,7.11
DRS Dakar,Rufisque,2021-05-01,21.0,21.63,20.55,0.97,89.98,4.55,6.59
DRS Dakar,Rufisque,2021-06-01,24.56,25.01,24.13,40.94,88.71,3.76,5.9
DRS Dakar,Rufisque,2021-07-01,26.46,26.84,26.12,37.93,82.61,4.11,5.92
DRS Dakar,Rufisque,2021-08-01,27.49,27.87,27.13,276.57,84.46,3.91,5.32
DRS Dakar,Rufisque,2021-09-01,28.19,28.59,27.79,198.16,82.51,3.25,5.81
DRS Dakar,Rufisque,2021-10-01,28.38,28.98,27.79,44.37,79.19,3.5,5.32
DRS Dakar,Rufisque,2021-11-01,27.18,28.03,26.43,5.22,76.25,4.24,5.22
DRS Dakar,Rufisque,2021-12-01,24.69,26.57,23.28,2.21,73.86,4.5,4.35
DRS Dakar,Rufisque,2022-01-01,24.16,25.9,22.71,1.09,70.39,5.0,4.85
DRS Dakar,Rufisque,2022-02-01,22.0,24.07,20.63,0.62,72.83,5.25,5.97
DRS Dakar,Rufisque,2022-03-01,18.91,20.28,18.08,1.64,84.11,5.55,6.46
DRS Dakar,Rufisque,2022-04-01,19.91,20.89,19.27,0.1,88.4,5.19,6.99
DRS Dakar,Rufisque,2022-05-01,22.37,23.06,21.84,18.51,89.7,4.05,6.58
DRS Dakar,Rufisque,2022-06-01,25.46,25.92,25.04,80.46,87.79,3.94,5.98
DRS Dakar,Rufisque,2022-07-01,26.98,27.32,26.6,123.7,84.09,4.54,5.59
DRS Dakar,Rufisque,2022-08-01,27.76,28.11,27.41,232.2,83.5,4.47,5.31
DRS Dakar,Rufisque,2022-09-01,27.91,28.27,27.54,231.06,83.65,4.02,5.36
DRS Dakar,Rufisque,2022-10-01,28.28,28.87,27.72,84.05,80.15,3.13,5.46
DRS Dakar,Rufisque,2022-11-01,27.42,28.88,26.02,0.96,68.77,3.8,5.08
DRS Dakar,Rufisque,2022-12-01,25.0,26.57,23.43,4.51,71.63,4.6,5.38
DRS Dakar,Rufisque,2023-01-01,22.75,24.72,21.15,1.86,69.1,4.64,4.94
DRS Dakar,Rufisque,2023-02-01,19.68,21.16,18.79,0.55,82.58,5.71,5.48
DRS Dakar,Rufisque,2023-03-01,21.04,22.76,20.1,0.61,86.09,3.75,6.82
DRS Dakar,Rufisque,2023-04-01,21.79,23.14,21.06,0.35,86.73,4.68,6.8
DRS Dakar,Rufisque,2023-05-01,24.18,24.93,23.57,0.54,86.15,4.6,6.52
DRS Dakar,Rufisque,2023-06-01,26.32,26.7,25.95,12.09,84.91,4.55,6.63
DRS Dakar,Rufisque,2023-07-01,28.02,28.43,27.6,152.82,83.01,3.77,5.71
DRS Dakar,Rufisque,2023-08-01,28.25,28.57,27.92,282.91,84.17,4.22,5.4
DRS Dakar,Rufisque,2023-09-01,28.7,29.13,28.25,187.15,81.79,3.25,5.45
DRS Dakar,Rufisque,2023-10-01,28.97,29.39,28.56,36.64,79.38,3.05,5.5
DRS Dakar,Rufisque,2023-11-01,27.58,28.69,26.48,0.89,73.43,4.19,5.53
DRS Dakar,Rufisque,2023-12-01,25.07,27.12,23.37,1.13,69.46,4.96,5.12
DRS Dakar,Rufisque,2024-01-01,24.26,26.45,22.61,1.75,72.33,4.34,5.15
DRS Dakar,Rufisque,2024-02-01,24.09,26.8,22.36,0.2,70.34,4.67,5.79
DRS Dakar,Rufisque,2024-03-01,20.79,21.63,20.15,0.0,86.83,5.32,6.67
DRS Dakar,Rufisque,2024-04-01,21.76,23.19,20.98,0.27,85.82,4.6,6.87
DRS Dakar,Rufisque,2024-05-01,23.62,24.33,23.11,0.52,87.53,4.31,6.76
DRS Dakar,Rufisque,2024-06-01,25.1,25.44,24.7,102.46,86.08,4.38,6.26
DRS Dakar,Rufisque,2024-07-01,27.13,27.43,26.8,109.11,85.24,4.37,5.43
DRS Dakar,Rufisque,2024-08-01,28.02,28.35,27.7,140.81,84.06,4.63,5.23
DRS Dakar,Rufisque,2024-09-01,27.99,28.38,27.58,234.28,83.62,3.99,4.95
DRS Dakar,Rufisque,2024-10-01,28.17,28.77,27.63,83.83,82.39,3.36,5.21
DRS Dakar,Rufisque,2024-11-01,27.33,28.66,26.09,0.15,76.78,3.51,5.49
DRS Dakar,Rufisque,2024-12-01,25.34,27.14,23.74,0.45,63.84,4.96,4.29
DRS Dakar,Sangalkam,2021-01-01,20.77,22.87,19.31,0.16,72.73,5.53,5.13
DRS Dakar,Sangalkam,2021-02-01,19.81,22.05,18.6,2.28,78.49,5.27,5.25
DRS Dakar,Sangalkam,2021-03-01,19.99,21.51,18.97,11.94,82.97,5.69,6.81
DRS Dakar,Sangalkam,2021-04-01,20.58,21.78,19.79,1.15,86.83,5.34,7.11
DRS Dakar,Sangalkam,2021-05-01,21.35,22.29,20.65,1.04,87.25,4.68,6.59
DRS Dakar,Sangalkam,2021-06-01,24.5,25.43,23.75,68.34,86.39,3.81,5.9
DRS Dakar,Sangalkam,2021-07-01,26.27,26.9,25.64,22.4,81.1,4.01,5.92
DRS Dakar,Sangalkam,2021-08-01,27.55,28.02,27.06,291.42,83.69,3.65,5.32
DRS Dakar,Sangalkam,2021-09-01,28.23,28.82,27.73,177.58,82.31,3.22,5.81
DRS Dakar,Sangalkam,2021-10-01,28.13,29.06,27.37,29.26,79.72,3.54,5.32
DRS Dakar,Sangalkam,2021-11-01,26.8,27.99,25.89,8.41,76.67,4.22,5.22
DRS Dakar,Sangalkam,2021-12-01,24.37,26.66,22.83,2.63,73.54,4.63,4.35
DRS Dakar,Sangalkam,2022-01-01,23.93,26.07,22.39,2.12,69.77,5.06,4.85
DRS Dakar,Sangalkam,2022-02-01,22.25,24.71,20.74,1.48,71.65,5.6,5.97
DRS Dakar,Sangalkam,2022-03-01,19.31,20.77,18.34,2.39,83.19,5.79,6.46
DRS Dakar,Sangalkam,2022-04-01,20.39,21.55,19.56,0.33,86.14,5.51,6.99
DRS Dakar,Sangalkam,2022-05-01,22.63,24.05,21.76,6.91,86.63,3.98,6.58
DRS Dakar,Sangalkam,2022-06-01,25.21,26.16,24.49,52.69,86.8,3.77,5.98
DRS Dakar,Sangalkam,2022-07-01,26.78,27.37,26.19,130.08,82.73,4.31,5.59
DRS Dakar,Sangalkam,2022-08-01,27.79,28.21,27.33,200.89,82.44,4.13,5.31
DRS Dakar,Sangalkam,2022-09-01,27.96,28.48,27.44,182.5,83.49,3.82,5.36
DRS Dakar,Sangalkam,2022-10-01,28.19,29.02,27.44,55.53,80.23,3.14,5.46
DRS Dakar,Sangalkam,2022-11-01,27.08,28.93,25.48,0.53,70.09,3.92,5.08
DRS Dakar,Sangalkam,2022-12-01,25.05,26.98,23.42,5.29,70.66,4.83,5.38
DRS Dakar,Sangalkam,2023-01-01,22.8,24.96,21.17,4.42,68.29,4.98,4.94
DRS Dakar,Sangalkam,2023-02-01,19.82,21.24,18.88,2.04,81.78,5.96,5.48
DRS Dakar,Sangalkam,2023-03-01,21.57,23.69,20.32,0.62,83.47,3.94,6.82
DRS Dakar,Sangalkam,2023-04-01,22.25,23.89,21.34,1.09,84.09,4.82,6.8
DRS Dakar,Sangalkam,2023-05-01,24.34,25.45,23.52,0.91,83.41,4.93,6.52
DRS Dakar,Sangalkam,2023-06-01,26.16,26.96,25.5,5.74,83.63,4.49,6.63
DRS Dakar,Sangalkam,2023-07-01,28.0,28.52,27.44,213.99,81.81,3.65,5.71
DRS Dakar,Sangalkam,2023-08-01,28.15,28.58,27.67,324.81,84.07,4.04,5.4
DRS Dakar,Sangalkam,2023-09-01,28.68,29.2,28.19,192.78,81.9,3.28,5.45
DRS Dakar,Sangalkam,2023-10-01,28.85,29.36,28.35,32.87,80.05,3.14,5.5
DRS Dakar,Sangalkam,2023-11-01,27.16,28.48,26.02,0.79,73.56,4.24,5.53
DRS Dakar,Sangalkam,2023-12-01,24.6,26.66,22.99,1.99,70.36,5.08,5.12
DRS Dakar,Sangalkam,2024-01-01,23.92,26.38,22.21,1.58,73.19,4.36,5.15
DRS Dakar,Sangalkam,2024-02-01,23.93,27.07,21.98,0.24,70.57,4.84,5.79
DRS Dakar,Sangalkam,2024-03-01,21.04,22.13,20.21,0.0,84.64,5.34,6.67
DRS Dakar,Sangalkam,2024-04-01,22.55,24.44,21.39,0.3,82.55,5.0,6.87
DRS Dakar,Sangalkam,2024-05-01,23.95,25.08,23.12,0.45,84.63,4.49,6.76
DRS Dakar,Sangalkam,2024-06-01,25.02,25.8,24.33,44.51,84.45,4.41,6.26
DRS Dakar,Sangalkam,2024-07-01,27.01,27.53,26.45,125.27,84.38,4.2,5.43
DRS Dakar,Sangalkam,2024-08-01,28.09,28.51,27.65,103.83,82.89,4.41,5.23
DRS Dakar,Sangalkam,2024-09-01,28.01,28.59,27.44,245.85,82.93,3.88,4.95
DRS Dakar,Sangalkam,2024-10-01,28.12,28.98,27.38,83.74,82.32,3.37,5.21
DRS Dakar,Sangalkam,2024-11-01,26.92,29.06,25.21,0.31,75.45,3.75,5.49
DRS Dakar,Sangalkam,2024-12-01,24.75,26.81,23.02,0.36,64.61,5.05,4.29
DRS Dakar,Yeumbeul,2021-01-01,20.77,22.87,19.31,0.16,72.73,5.53,5.13
DRS Dakar,Yeumbeul,2021-02-01,19.81,22.05,18.6,2.28,78.49,5.27,5.25
DRS Dakar,Yeumbeul,2021-03-01,19.99,21.51,18.97,11.94,82.97,5.69,6.81
DRS Dakar,Yeumbeul,2021-04-01,20.58,21.78,19.79,1.15,86.83,5.34,7.11
DRS Dakar,Yeumbeul,2021-05-01,21.35,22.29,20.65,1.04,87.25,4.68,6.59
DRS Dakar,Yeumbeul,2021-06-01,24.5,25.43,23.75,68.34,86.39,3.81,5.9
DRS Dakar,Yeumbeul,2021-07-01,26.27,26.9,25.64,22.4,81.1,4.01,5.92
DRS Dakar,Yeumbeul,2021-08-01,27.55,28.02,27.06,291.42,83.69,3.65,5.32
DRS Dakar,Yeumbeul,2021-09-01,28.23,28.82,27.73,177.58,82.31,3.22,5.81
DRS Dakar,Yeumbeul,2021-10-01,28.13,29.06,27.37,29.26,79.72,3.54,5.32
DRS Dakar,Yeumbeul,2021-11-01,26.8,27.99,25.89,8.41,76.67,4.22,5.22
DRS Dakar,Yeumbeul,2021-12-01,24.37,26.66,22.83,2.63,73.54,4.63,4.35
DRS Dakar,Yeumbeul,2022-01-01,23.93,26.07,22.39,2.12,69.77,5.06,4.85
DRS Dakar,Yeumbeul,2022-02-01,22.25,24.71,20.74,1.48,71.65,5.6,5.97
DRS Dakar,Yeumbeul,2022-03-01,19.31,20.77,18.34,2.39,83.19,5.79,6.46
DRS Dakar,Yeumbeul,2022-04-01,20.39,21.55,19.56,0.33,86.14,5.51,6.99
DRS Dakar,Yeumbeul,2022-05-01,22.63,24.05,21.76,6.91,86.63,3.98,6.58
DRS Dakar,Yeumbeul,2022-06-01,25.21,26.16,24.49,52.69,86.8,3.77,5.98
DRS Dakar,Yeumbeul,2022-07-01,26.78,27.37,26.19,130.08,82.73,4.31,5.59
DRS Dakar,Yeumbeul,2022-08-01,27.79,28.21,27.33,200.89,82.44,4.13,5.31
DRS Dakar,Yeumbeul,2022-09-01,27.96,28.48,27.44,182.5,83.49,3.82,5.36
DRS Dakar,Yeumbeul,2022-10-01,28.19,29.02,27.44,55.53,80.23,3.14,5.46
DRS Dakar,Yeumbeul,2022-11-01,27.08,28.93,25.48,0.53,70.09,3.92,5.08
DRS Dakar,Yeumbeul,2022-12-01,25.05,26.98,23.42,5.29,70.66,4.83,5.38
DRS Dakar,Yeumbeul,2023-01-01,22.8,24.96,21.17,4.42,68.29,4.98,4.94
DRS Dakar,Yeumbeul,2023-02-01,19.82,21.24,18.88,2.04,81.78,5.96,5.48
DRS Dakar,Yeumbeul,2023-03-01,21.57,23.69,20.32,0.62,83.47,3.94,6.82
DRS Dakar,Yeumbeul,2023-04-01,22.25,23.89,21.34,1.09,84.09,4.82,6.8
DRS Dakar,Yeumbeul,2023-05-01,24.34,25.45,23.52,0.91,83.41,4.93,6.52
DRS Dakar,Yeumbeul,2023-06-01,26.16,26.96,25.5,5.74,83.63,4.49,6.63
DRS Dakar,Yeumbeul,2023-07-01,28.0,28.52,27.44,213.99,81.81,3.65,5.71
DRS Dakar,Yeumbeul,2023-08-01,28.15,28.58,27.67,324.81,84.07,4.04,5.4
DRS Dakar,Yeumbeul,2023-09-01,28.68,29.2,28.19,192.78,81.9,3.28,5.45
DRS Dakar,Yeumbeul,2023-10-01,28.85,29.36,28.35,32.87,80.05,3.14,5.5
DRS Dakar,Yeumbeul,2023-11-01,27.16,28.48,26.02,0.79,73.56,4.24,5.53
DRS Dakar,Yeumbeul,2023-12-01,24.6,26.66,22.99,1.99,70.36,5.08,5.12
DRS Dakar,Yeumbeul,2024-01-01,23.92,26.38,22.21,1.58,73.19,4.36,5.15
DRS Dakar,Yeumbeul,2024-02-01,23.93,27.07,21.98,0.24,70.57,4.84,5.79
DRS Dakar,Yeumbeul,2024-03-01,21.04,22.13,20.21,0.0,84.64,5.34,6.67
DRS Dakar,Yeumbeul,2024-04-01,22.55,24.44,21.39,0.3,82.55,5.0,6.87
DRS Dakar,Yeumbeul,2024-05-01,23.95,25.08,23.12,0.45,84.63,4.49,6.76
DRS Dakar,Yeumbeul,2024-06-01,25.02,25.8,24.33,44.51,84.45,4.41,6.26
DRS Dakar,Yeumbeul,2024-07-01,27.01,27.53,26.45,125.27,84.38,4.2,5.43
DRS Dakar,Yeumbeul,2024-08-01,28.09,28.51,27.65,103.83,82.89,4.41,5.23
DRS Dakar,Yeumbeul,2024-09-01,28.01,28.59,27.44,245.85,82.93,3.88,4.95
DRS Dakar,Yeumbeul,2024-10-01,28.12,28.98,27.38,83.74,82.32,3.37,5.21
DRS Dakar,Yeumbeul,2024-11-01,26.92,29.06,25.21,0.31,75.45,3.75,5.49
DRS Dakar,Yeumbeul,2024-12-01,24.75,26.81,23.02,0.36,64.61,5.05,4.29
DRS Diourbel,Bambey,2021-01-01,24.26,33.75,17.11,0.0,31.98,3.59,5.45
DRS Diourbel,Bambey,2021-02-01,26.08,36.14,18.25,0.0,26.06,3.37,5.52
DRS Diourbel,Bambey,2021-03-01,27.03,37.96,18.58,6.48,37.19,3.78,6.91
DRS Diourbel,Bambey,2021-04-01,29.18,40.98,20.15,0.0,40.41,3.76,7.27
DRS Diourbel,Bambey,2021-05-01,29.22,40.09,20.78,0.32,45.3,3.97,6.85
DRS Diourbel,Bambey,2021-06-01,30.32,38.04,24.09,49.78,55.32,3.36,6.24
DRS Diourbel,Bambey,2021-07-01,29.65,35.84,24.81,39.09,62.25,3.08,6.31
DRS Diourbel,Bambey,2021-08-01,27.51,31.49,24.44,320.9,82.49,1.95,5.61
DRS Diourbel,Bambey,2021-09-01,27.55,31.47,24.37,193.98,83.86,1.51,5.91
DRS Diourbel,Bambey,2021-10-01,27.95,33.55,23.71,41.13,74.17,1.54,5.47
DRS Diourbel,Bambey,2021-11-01,27.67,34.98,21.85,2.96,56.83,1.84,5.43
DRS Diourbel,Bambey,2021-12-01,26.03,34.1,19.64,0.06,39.11,2.59,4.73
DRS Diourbel,Bambey,2022-01-01,25.59,34.64,18.45,0.0,31.91,3.17,5.17
DRS Diourbel,Bambey,2022-02-01,26.06,36.21,18.12,0.0,27.18,3.75,6.15
DRS Diourbel,Bambey,2022-03-01,27.15,38.16,18.39,0.0,32.6,3.94,6.56
DRS Diourbel,Bambey,2022-04-01,29.37,40.56,20.45,0.0,37.59,4.17,7.06
DRS Diourbel,Bambey,2022-05-01,30.54,40.56,22.37,18.19,44.7,3.43,6.83
DRS Diourbel,Bambey,2022-06-01,29.93,36.94,24.49,65.5,60.2,3.48,6.21
DRS Diourbel,Bambey,2022-07-01,29.1,34.26,25.0,155.53,69.19,3.01,5.83
DRS Diourbel,Bambey,2022-08-01,27.43,31.27,24.48,260.68,82.88,2.21,4.88
DRS Diourbel,Bambey,2022-09-01,27.15,30.83,24.26,257.51,85.96,1.67,5.53
DRS Diourbel,Bambey,2022-10-01,27.25,31.96,23.56,84.65,79.98,1.35,5.66
DRS Diourbel,Bambey,2022-11-01,25.32,33.31,19.02,0.0,54.49,1.8,5.28
DRS Diourbel,Bambey,2022-12-01,24.3,33.26,17.38,5.09,48.3,2.44,5.44
DRS Diourbel,Bambey,2023-01-01,24.09,33.23,17.12,0.02,36.02,3.15,5.16
DRS Diourbel,Bambey,2023-02-01,26.31,36.26,18.68,0.0,33.31,3.68,5.66
DRS Diourbel,Bambey,2023-03-01,29.19,39.9,20.52,0.0,32.7,3.1,6.84
DRS Diourbel,Bambey,2023-04-01,30.27,40.44,22.18,0.0,38.88,3.85,7.05
DRS Diourbel,Bambey,2023-05-01,31.73,40.79,24.26,0.16,42.62,3.63,6.63
DRS Diourbel,Bambey,2023-06-01,31.45,39.48,25.15,15.45,52.96,3.86,6.62
DRS Diourbel,Bambey,2023-07-01,29.38,34.21,25.65,146.3,71.98,2.43,5.97
DRS Diourbel,Bambey,2023-08-01,28.25,32.37,25.08,310.63,81.38,2.36,5.46
DRS Diourbel,Bambey,2023-09-01,27.52,31.02,24.74,183.96,85.86,1.52,5.59
DRS Diourbel,Bambey,2023-10-01,27.92,32.43,24.37,31.09,79.23,1.3,5.59
DRS Diourbel,Bambey,2023-11-01,26.45,35.54,19.27,0.15,51.56,1.9,5.68
DRS Diourbel,Bambey,2023-12-01,24.63,34.2,17.13,0.0,34.14,2.59,5.24
DRS Diourbel,Bambey,2024-01-01,25.14,35.26,17.39,0.0,33.48,2.71,5.32
DRS Diourbel,Bambey,2024-02-01,27.58,38.42,18.98,0.0,24.94,3.21,5.99
DRS Diourbel,Bambey,2024-03-01,27.96,39.45,19.22,0.0,39.16,3.69,6.6
DRS Diourbel,Bambey,2024-04-01,30.74,41.87,21.86,0.12,37.7,3.77,6.9
DRS Diourbel,Bambey,2024-05-01,31.87,42.26,23.43,0.35,41.7,3.72,6.74
DRS Diourbel,Bambey,2024-06-01,29.25,37.1,23.18,100.19,60.99,3.52,6.48
DRS Diourbel,Bambey,2024-07-01,28.75,33.66,24.94,118.37,74.29,2.98,5.53
DRS Diourbel,Bambey,2024-08-01,28.29,32.56,25.06,146.35,79.53,2.49,5.24
DRS Diourbel,Bambey,2024-09-01,27.86,31.92,24.69,235.44,81.24,2.0,4.77
DRS Diourbel,Bambey,2024-10-01,28.03,33.29,23.93,82.48,75.2,1.56,5.55
DRS Diourbel,Bambey,2024-11-01,27.79,36.31,20.97,0.0,51.9,1.86,5.64
DRS Diourbel,Bambey,2024-12-01,24.94,33.26,18.62,0.65,35.67,2.89,4.49
DRS Diourbel,Diourbel,2021-01-01,24.26,33.75,17.11,0.0,31.98,3.59,5.45
DRS Diourbel,Diourbel,2021-02-01,26.08,36.14,18.25,0.0,26.06,3.37,5.52
DRS Diourbel,Diourbel,2021-03-01,27.03,37.96,18.58,6.48,37.19,3.78,6.91
DRS Diourbel,Diourbel,2021-04-01,29.18,40.98,20.15,0.0,40.41,3.76,7.27
DRS Diourbel,Diourbel,2021-05-01,29.22,40.09,20.78,0.32,45.3,3.97,6.85
DRS Diourbel,Diourbel,2021-06-01,30.32,38.04,24.09,49.78,55.32,3.36,6.24
DRS Diourbel,Diourbel,2021-07-01,29.65,35.84,24.81,39.09,62.25,3.08,6.31
DRS Diourbel,Diourbel,2021-08-01,27.51,31.49,24.44,320.9,82.49,1.95,5.61
DRS Diourbel,Diourbel,2021-09-01,27.55,31.47,24.37,193.98,83.86,1.51,5.91
DRS Diourbel,Diourbel,2021-10-01,27.95,33.55,23.71,41.13,74.17,1.54,5.47
DRS Diourbel,Diourbel,2021-11-01,27.67,34.98,21.85,2.96,56.83,1.84,5.43
DRS Diourbel,Diourbel,2021-12-01,26.03,34.1,19.64,0.06,39.11,2.59,4.73
DRS Diourbel,Diourbel,2022-01-01,25.59,34.64,18.45,0.0,31.91,3.17,5.17
DRS Diourbel,Diourbel,2022-02-01,26.06,36.21,18.12,0.0,27.18,3.75,6.15
DRS Diourbel,Diourbel,2022-03-01,27.15,38.16,18.39,0.0,32.6,3.94,6.56
DRS Diourbel,Diourbel,2022-04-01,29.37,40.56,20.45,0.0,37.59,4.17,7.06
DRS Diourbel,Diourbel,2022-05-01,30.54,40.56,22.37,18.19,44.7,3.43,6.83
DRS Diourbel,Diourbel,2022-06-01,29.93,36.94,24.49,65.5,60.2,3.48,6.21
DRS Diourbel,Diourbel,2022-07-01,29.1,34.26,25.0,155.53,69.19,3.01,5.83
DRS Diourbel,Diourbel,2022-08-01,27.43,31.27,24.48,260.68,82.88,2.21,4.88
DRS Diourbel,Diourbel,2022-09-01,27.15,30.83,24.26,257.51,85.96,1.67,5.53
DRS Diourbel,Diourbel,2022-10-01,27.25,31.96,23.56,84.65,79.98,1.35,5.66
DRS Diourbel,Diourbel,2022-11-01,25.32,33.31,19.02,0.0,54.49,1.8,5.28
DRS Diourbel,Diourbel,2022-12-01,24.3,33.26,17.38,5.09,48.3,2.44,5.44
DRS Diourbel,Diourbel,2023-01-01,24.09,33.23,17.12,0.02,36.02,3.15,5.16
DRS Diourbel,Diourbel,2023-02-01,26.31,36.26,18.68,0.0,33.31,3.68,5.66
DRS Diourbel,Diourbel,2023-03-01,29.19,39.9,20.52,0.0,32.7,3.1,6.84
DRS Diourbel,Diourbel,2023-04-01,30.27,40.44,22.18,0.0,38.88,3.85,7.05
DRS Diourbel,Diourbel,2023-05-01,31.73,40.79,24.26,0.16,42.62,3.63,6.63
DRS Diourbel,Diourbel,2023-06-01,31.45,39.48,25.15,15.45,52.96,3.86,6.62
DRS Diourbel,Diourbel,2023-07-01,29.38,34.21,25.65,146.3,71.98,2.43,5.97
DRS Diourbel,Diourbel,2023-08-01,28.25,32.37,25.08,310.63,81.38,2.36,5.46
DRS Diourbel,Diourbel,2023-09-01,27.52,31.02,24.74,183.96,85.86,1.52,5.59
DRS Diourbel,Diourbel,2023-10-01,27.92,32.43,24.37,31.09,79.23,1.3,5.59
DRS Diourbel,Diourbel,2023-11-01,26.45,35.54,19.27,0.15,51.56,1.9,5.68
DRS Diourbel,Diourbel,2023-12-01,24.63,34.2,17.13,0.0,34.14,2.59,5.24
DRS Diourbel,Diourbel,2024-01-01,25.14,35.26,17.39,0.0,33.48,2.71,5.32
DRS Diourbel,Diourbel,2024-02-01,27.58,38.42,18.98,0.0,24.94,3.21,5.99
DRS Diourbel,Diourbel,2024-03-01,27.96,39.45,19.22,0.0,39.16,3.69,6.6
DRS Diourbel,Diourbel,2024-04-01,30.74,41.87,21.86,0.12,37.7,3.77,6.9
DRS Diourbel,Diourbel,2024-05-01,31.87,42.26,23.43,0.35,41.7,3.72,6.74
DRS Diourbel,Diourbel,2024-06-01,29.25,37.1,23.18,100.19,60.99,3.52,6.48
DRS Diourbel,Diourbel,2024-07-01,28.75,33.66,24.94,118.37,74.29,2.98,5.53
DRS Diourbel,Diourbel,2024-08-01,28.29,32.56,25.06,146.35,79.53,2.49,5.24
DRS Diourbel,Diourbel,2024-09-01,27.86,31.92,24.69,235.44,81.24,2.0,4.77
DRS Diourbel,Diourbel,2024-10-01,28.03,33.29,23.93,82.48,75.2,1.56,5.55
DRS Diourbel,Diourbel,2024-11-01,27.79,36.31,20.97,0.0,51.9,1.86,5.64
DRS Diourbel,Diourbel,2024-12-01,24.94,33.26,18.62,0.65,35.67,2.89,4.49
DRS Diourbel,Mbacke,2021-01-01,24.46,33.58,17.23,0.0,28.62,3.91,5.47
DRS Diourbel,Mbacke,2021-02-01,26.44,36.07,18.48,0.0,21.67,3.5,5.55
DRS Diourbel,Mbacke,2021-03-01,28.02,38.22,19.48,2.57,29.04,3.63,6.73
DRS Diourbel,Mbacke,2021-04-01,30.75,41.6,21.52,0.0,30.74,3.84,7.19
DRS Diourbel,Mbacke,2021-05-01,30.78,41.16,22.04,0.06,36.58,4.06,6.78
DRS Diourbel,Mbacke,2021-06-01,31.74,39.5,24.78,61.7,46.91,3.43,6.19
DRS Diourbel,Mbacke,2021-07-01,30.57,37.21,24.78,39.02,56.08,3.13,6.31
DRS Diourbel,Mbacke,2021-08-01,27.55,31.48,24.28,469.03,81.57,1.92,5.78
DRS Diourbel,Mbacke,2021-09-01,27.39,31.17,24.07,170.91,83.96,1.56,5.87
DRS Diourbel,Mbacke,2021-10-01,27.28,32.37,23.16,29.02,76.12,1.54,5.37
DRS Diourbel,Mbacke,2021-11-01,27.03,33.9,21.43,0.46,54.81,1.86,5.4
DRS Diourbel,Mbacke,2021-12-01,25.77,33.59,19.62,0.16,35.84,2.79,4.82
DRS Diourbel,Mbacke,2022-01-01,25.62,34.41,18.42,0.01,25.75,3.4,5.25
DRS Diourbel,Mbacke,2022-02-01,26.23,36.01,18.38,0.0,22.47,3.82,6.16
DRS Diourbel,Mbacke,2022-03-01,27.83,38.07,19.1,0.0,25.32,3.83,6.5
DRS Diourbel,Mbacke,2022-04-01,30.55,40.82,21.7,0.0,29.77,4.22,7.09
DRS Diourbel,Mbacke,2022-05-01,32.01,41.36,23.47,4.63,34.61,3.53,6.95
DRS Diourbel,Mbacke,2022-06-01,31.98,39.14,25.61,40.31,47.79,3.66,6.26
DRS Diourbel,Mbacke,2022-07-01,29.94,35.5,25.08,158.07,63.34,2.97,5.83
DRS Diourbel,Mbacke,2022-08-01,27.74,31.75,24.36,208.54,79.55,2.14,5.34
DRS Diourbel,Mbacke,2022-09-01,27.18,30.79,24.11,208.65,84.82,1.58,5.6
DRS Diourbel,Mbacke,2022-10-01,27.24,32.1,23.33,51.86,77.06,1.45,5.61
DRS Diourbel,Mbacke,2022-11-01,25.33,33.3,19.0,0.0,49.19,1.97,5.27
DRS Diourbel,Mbacke,2022-12-01,24.91,33.93,17.69,14.75,39.49,2.69,5.35
DRS Diourbel,Mbacke,2023-01-01,24.55,33.44,17.55,0.01,28.98,3.47,5.27
DRS Diourbel,Mbacke,2023-02-01,27.04,36.21,19.55,0.0,24.77,3.81,5.67
DRS Diourbel,Mbacke,2023-03-01,30.03,40.07,21.19,0.0,24.46,3.32,6.81
DRS Diourbel,Mbacke,2023-04-01,31.25,40.67,22.98,0.01,31.22,3.97,7.0
DRS Diourbel,Mbacke,2023-05-01,32.84,41.4,25.1,0.32,34.79,3.62,6.48
DRS Diourbel,Mbacke,2023-06-01,33.19,41.27,25.95,8.96,42.91,3.85,6.61
DRS Diourbel,Mbacke,2023-07-01,30.71,35.97,26.17,161.12,62.8,2.6,6.09
DRS Diourbel,Mbacke,2023-08-01,28.36,32.62,24.8,290.82,79.38,2.34,5.61
DRS Diourbel,Mbacke,2023-09-01,27.53,30.99,24.57,151.12,84.52,1.61,5.81
DRS Diourbel,Mbacke,2023-10-01,27.86,32.41,23.85,19.13,75.86,1.35,5.5
DRS Diourbel,Mbacke,2023-11-01,26.79,35.94,19.34,0.0,40.67,2.0,5.69
DRS Diourbel,Mbacke,2023-12-01,25.41,34.99,17.97,0.0,24.2,3.02,5.19
DRS Diourbel,Mbacke,2024-01-01,25.76,35.6,18.09,0.0,23.41,3.01,5.27
DRS Diourbel,Mbacke,2024-02-01,27.94,38.37,19.47,0.0,16.65,3.46,6.07
DRS Diourbel,Mbacke,2024-03-01,29.01,39.61,20.23,0.0,29.18,3.49,6.53
DRS Diourbel,Mbacke,2024-04-01,31.95,42.35,23.03,0.0,29.9,3.94,6.85
DRS Diourbel,Mbacke,2024-05-01,33.19,43.11,24.42,0.0,32.95,3.68,6.87
DRS Diourbel,Mbacke,2024-06-01,31.75,40.32,24.31,17.39,46.09,3.91,6.45
DRS Diourbel,Mbacke,2024-07-01,29.91,35.43,25.28,134.69,65.8,3.17,5.6
DRS Diourbel,Mbacke,2024-08-01,28.9,33.53,25.02,121.4,74.48,2.51,5.45
DRS Diourbel,Mbacke,2024-09-01,28.12,32.5,24.6,194.91,77.41,2.07,4.92
DRS Diourbel,Mbacke,2024-10-01,28.18,33.61,23.69,58.5,70.34,1.59,5.6
DRS Diourbel,Mbacke,2024-11-01,27.51,36.39,20.51,0.0,45.59,2.24,5.65
DRS Diourbel,Mbacke,2024-12-01,25.02,33.15,18.67,4.56,30.59,3.27,4.52
DRS Diourbel,Touba,2021-01-01,24.46,33.58,17.23,0.0,28.62,3.91,5.47
DRS Diourbel,Touba,2021-02-01,26.44,36.07,18.48,0.0,21.67,3.5,5.55
DRS Diourbel,Touba,2021-03-01,28.02,38.22,19.48,2.57,29.04,3.63,6.73
DRS Diourbel,Touba,2021-04-01,30.75,41.6,21.52,0.0,30.74,3.84,7.19
DRS Diourbel,Touba,2021-05-01,30.78,41.16,22.04,0.06,36.58,4.06,6.78
DRS Diourbel,Touba,2021-06-01,31.74,39.5,24.78,61.7,46.91,3.43,6.19
DRS Diourbel,Touba,2021-07-01,30.57,37.21,24.78,39.02,56.08,3.13,6.31
DRS Diourbel,Touba,2021-08-01,27.55,31.48,24.28,469.03,81.57,1.92,5.78
DRS Diourbel,Touba,2021-09-01,27.39,31.17,24.07,170.91,83.96,1.56,5.87
DRS Diourbel,Touba,2021-10-01,27.28,32.37,23.16,29.02,76.12,1.54,5.37
DRS Diourbel,Touba,2021-11-01,27.03,33.9,21.43,0.46,54.81,1.86,5.4
DRS Diourbel,Touba,2021-12-01,25.77,33.59,19.62,0.16,35.84,2.79,4.82
DRS Diourbel,Touba,2022-01-01,25.62,34.41,18.42,0.01,25.75,3.4,5.25
DRS Diourbel,Touba,2022-02-01,26.23,36.01,18.38,0.0,22.47,3.82,6.16
DRS Diourbel,Touba,2022-03-01,27.83,38.07,19.1,0.0,25.32,3.83,6.5
DRS Diourbel,Touba,2022-04-01,30.55,40.82,21.7,0.0,29.77,4.22,7.09
DRS Diourbel,Touba,2022-05-01,32.01,41.36,23.47,4.63,34.61,3.53,6.95
DRS Diourbel,Touba,2022-06-01,31.98,39.14,25.61,40.31,47.79,3.66,6.26
DRS Diourbel,Touba,2022-07-01,29.94,35.5,25.08,158.07,63.34,2.97,5.83
DRS Diourbel,Touba,2022-08-01,27.74,31.75,24.36,208.54,79.55,2.14,5.34
DRS Diourbel,Touba,2022-09-01,27.18,30.79,24.11,208.65,84.82,1.58,5.6
DRS Diourbel,Touba,2022-10-01,27.24,32.1,23.33,51.86,77.06,1.45,5.61
DRS Diourbel,Touba,2022-11-01,25.33,33.3,19.0,0.0,49.19,1.97,5.27
DRS Diourbel,Touba,2022-12-01,24.91,33.93,17.69,14.75,39.49,2.69,5.35
DRS Diourbel,Touba,2023-01-01,24.55,33.44,17.55,0.01,28.98,3.47,5.27
DRS Diourbel,Touba,2023-02-01,27.04,36.21,19.55,0.0,24.77,3.81,5.67
DRS Diourbel,Touba,2023-03-01,30.03,40.07,21.19,0.0,24.46,3.32,6.81
DRS Diourbel,Touba,2023-04-01,31.25,40.67,22.98,0.01,31.22,3.97,7.0
DRS Diourbel,Touba,2023-05-01,32.84,41.4,25.1,0.32,34.79,3.62,6.48
DRS Diourbel,Touba,2023-06-01,33.19,41.27,25.95,8.96,42.91,3.85,6.61
DRS Diourbel,Touba,2023-07-01,30.71,35.97,26.17,161.12,62.8,2.6,6.09
DRS Diourbel,Touba,2023-08-01,28.36,32.62,24.8,290.82,79.38,2.34,5.61
DRS Diourbel,Touba,2023-09-01,27.53,30.99,24.57,151.12,84.52,1.61,5.81
DRS Diourbel,Touba,2023-10-01,27.86,32.41,23.85,19.13,75.86,1.35,5.5
DRS Diourbel,Touba,2023-11-01,26.79,35.94,19.34,0.0,40.67,2.0,5.69
DRS Diourbel,Touba,2023-12-01,25.41,34.99,17.97,0.0,24.2,3.02,5.19
DRS Diourbel,Touba,2024-01-01,25.76,35.6,18.09,0.0,23.41,3.01,5.27
DRS Diourbel,Touba,2024-02-01,27.94,38.37,19.47,0.0,16.65,3.46,6.07
DRS Diourbel,Touba,2024-03-01,29.01,39.61,20.23,0.0,29.18,3.49,6.53
DRS Diourbel,Touba,2024-04-01,31.95,42.35,23.03,0.0,29.9,3.94,6.85
DRS Diourbel,Touba,2024-05-01,33.19,43.11,24.42,0.0,32.95,3.68,6.87
DRS Diourbel,Touba,2024-06-01,31.75,40.32,24.31,17.39,46.09,3.91,6.45
DRS Diourbel,Touba,2024-07-01,29.91,35.43,25.28,134.69,65.8,3.17,5.6
DRS Diourbel,Touba,2024-08-01,28.9,33.53,25.02,121.4,74.48,2.51,5.45
DRS Diourbel,Touba,2024-09-01,28.12,32.5,24.6,194.91,77.41,2.07,4.92
DRS Diourbel,Touba,2024-10-01,28.18,33.61,23.69,58.5,70.34,1.59,5.6
DRS Diourbel,Touba,2024-11-01,27.51,36.39,20.51,0.0,45.59,2.24,5.65
DRS Diourbel,Touba,2024-12-01,25.02,33.15,18.67,4.56,30.59,3.27,4.52
DRS Fatick,Diakhao,2021-01-01,24.26,33.75,17.11,0.0,31.98,3.59,5.45
DRS Fatick,Diakhao,2021-02-01,26.08,36.14,18.25,0.0,26.06,3.37,5.52
DRS Fatick,Diakhao,2021-03-01,27.03,37.96,18.58,6.48,37.19,3.78,6.91
DRS Fatick,Diakhao,2021-04-01,29.18,40.98,20.15,0.0,40.41,3.76,7.27
DRS Fatick,Diakhao,2021-05-01,29.22,40.09,20.78,0.32,45.3,3.97,6.85
DRS Fatick,Diakhao,2021-06-01,30.32,38.04,24.09,49.78,55.32,3.36,6.24
DRS Fatick,Diakhao,2021-07-01,29.65,35.84,24.81,39.09,62.25,3.08,6.31
DRS Fatick,Diakhao,2021-08-01,27.51,31.49,24.44,320.9,82.49,1.95,5.61
DRS Fatick,Diakhao,2021-09-01,27.55,31.47,24.37,193.98,83.86,1.51,5.91
DRS Fatick,Diakhao,2021-10-01,27.95,33.55,23.71,41.13,74.17,1.54,5.47
DRS Fatick,Diakhao,2021-11-01,27.67,34.98,21.85,2.96,56.83,1.84,5.43
DRS Fatick,Diakhao,2021-12-01,26.03,34.1,19.64,0.06,39.11,2.59,4.73
DRS Fatick,Diakhao,2022-01-01,25.59,34.64,18.45,0.0,31.91,3.17,5.17
DRS Fatick,Diakhao,2022-02-01,26.06,36.21,18.12,0.0,27.18,3.75,6.15
DRS Fatick,Diakhao,2022-03-01,27.15,38.16,18.39,0.0,32.6,3.94,6.56
DRS Fatick,Diakhao,2022-04-01,29.37,40.56,20.45,0.0,37.59,4.17,7.06
DRS Fatick,Diakhao,2022-05-01,30.54,40.56,22.37,18.19,44.7,3.43,6.83
DRS Fatick,Diakhao,2022-06-01,29.93,36.94,24.49,65.5,60.2,3.48,6.21
DRS Fatick,Diakhao,2022-07-01,29.1,34.26,25.0,155.53,69.19,3.01,5.83
DRS Fatick,Diakhao,2022-08-01,27.43,31.27,24.48,260.68,82.88,2.21,4.88
DRS Fatick,Diakhao,2022-09-01,27.15,30.83,24.26,257.51,85.96,1.67,5.53
DRS Fatick,Diakhao,2022-10-01,27.25,31.96,23.56,84.65,79.98,1.35,5.66
DRS Fatick,Diakhao,2022-11-01,25.32,33.31,19.02,0.0,54.49,1.8,5.28
DRS Fatick,Diakhao,2022-12-01,24.3,33.26,17.38,5.09,48.3,2.44,5.44
DRS Fatick,Diakhao,2023-01-01,24.09,33.23,17.12,0.02,36.02,3.15,5.16
DRS Fatick,Diakhao,2023-02-01,26.31,36.26,18.68,0.0,33.31,3.68,5.66
DRS Fatick,Diakhao,2023-03-01,29.19,39.9,20.52,0.0,32.7,3.1,6.84
DRS Fatick,Diakhao,2023-04-01,30.27,40.44,22.18,0.0,38.88,3.85,7.05
DRS Fatick,Diakhao,2023-05-01,31.73,40.79,24.26,0.16,42.62,3.63,6.63
DRS Fatick,Diakhao,2023-06-01,31.45,39.48,25.15,15.45,52.96,3.86,6.62
DRS Fatick,Diakhao,2023-07-01,29.38,34.21,25.65,146.3,71.98,2.43,5.97
DRS Fatick,Diakhao,2023-08-01,28.25,32.37,25.08,310.63,81.38,2.36,5.46
DRS Fatick,Diakhao,2023-09-01,27.52,31.02,24.74,183.96,85.86,1.52,5.59
DRS Fatick,Diakhao,2023-10-01,27.92,32.43,24.37,31.09,79.23,1.3,5.59
DRS Fatick,Diakhao,2023-11-01,26.45,35.54,19.27,0.15,51.56,1.9,5.68
DRS Fatick,Diakhao,2023-12-01,24.63,34.2,17.13,0.0,34.14,2.59,5.24
DRS Fatick,Diakhao,2024-01-01,25.14,35.26,17.39,0.0,33.48,2.71,5.32
DRS Fatick,Diakhao,2024-02-01,27.58,38.42,18.98,0.0,24.94,3.21,5.99
DRS Fatick,Diakhao,2024-03-01,27.96,39.45,19.22,0.0,39.16,3.69,6.6
DRS Fatick,Diakhao,2024-04-01,30.74,41.87,21.86,0.12,37.7,3.77,6.9
DRS Fatick,Diakhao,2024-05-01,31.87,42.26,23.43,0.35,41.7,3.72,6.74
DRS Fatick,Diakhao,2024-06-01,29.25,37.1,23.18,100.19,60.99,3.52,6.48
DRS Fatick,Diakhao,2024-07-01,28.75,33.66,24.94,118.37,74.29,2.98,5.53
DRS Fatick,Diakhao,2024-08-01,28.29,32.56,25.06,146.35,79.53,2.49,5.24
DRS Fatick,Diakhao,2024-09-01,27.86,31.92,24.69,235.44,81.24,2.0,4.77
DRS Fatick,Diakhao,2024-10-01,28.03,33.29,23.93,82.48,75.2,1.56,5.55
DRS Fatick,Diakhao,2024-11-01,27.79,36.31,20.97,0.0,51.9,1.86,5.64
DRS Fatick,Diakhao,2024-12-01,24.94,33.26,18.62,0.65,35.67,2.89,4.49
DRS Fatick,Dioffior,2021-01-01,23.04,28.39,18.86,0.01,53.63,3.86,5.45
DRS Fatick,Dioffior,2021-02-01,23.15,30.13,18.97,3.36,52.84,3.65,5.52
DRS Fatick,Dioffior,2021-03-01,22.66,29.4,18.63,4.88,63.59,3.87,6.91
DRS Fatick,Dioffior,2021-04-01,23.44,30.37,19.6,0.74,70.06,3.51,7.27
DRS Fatick,Dioffior,2021-05-01,23.48,28.3,20.56,1.67,74.73,3.67,6.85
DRS Fatick,Dioffior,2021-06-01,26.34,29.02,24.43,45.86,78.65,3.29,6.24
DRS Fatick,Dioffior,2021-07-01,27.5,29.28,26.14,91.25,78.29,3.59,6.31
DRS Fatick,Dioffior,2021-08-01,27.66,29.06,26.61,265.27,82.89,3.36,5.61
DRS Fatick,Dioffior,2021-09-01,28.13,29.61,26.92,246.55,81.8,2.54,5.91
DRS Fatick,Dioffior,2021-10-01,28.46,30.51,26.82,70.46,76.91,2.54,5.47
DRS Fatick,Dioffior,2021-11-01,27.45,30.73,24.91,5.2,71.29,2.76,5.43
DRS Fatick,Dioffior,2021-12-01,25.28,29.52,21.63,3.82,59.83,2.95,4.73
DRS Fatick,Dioffior,2022-01-01,24.56,29.19,20.77,1.0,57.38,3.54,5.17
DRS Fatick,Dioffior,2022-02-01,23.63,29.37,19.54,0.69,53.31,3.88,6.15
DRS Fatick,Dioffior,2022-03-01,22.27,29.03,18.09,3.7,60.45,3.99,6.56
DRS Fatick,Dioffior,2022-04-01,23.34,29.92,19.46,0.2,66.19,3.72,7.06
DRS Fatick,Dioffior,2022-05-01,24.75,29.27,21.92,26.07,75.21,3.3,6.83
DRS Fatick,Dioffior,2022-06-01,26.78,29.02,25.13,102.32,80.48,3.45,6.21
DRS Fatick,Dioffior,2022-07-01,27.72,29.31,26.54,122.47,80.13,4.0,5.83
DRS Fatick,Dioffior,2022-08-01,27.82,29.08,26.86,263.48,83.14,3.8,4.88
DRS Fatick,Dioffior,2022-09-01,27.81,29.12,26.78,246.87,82.9,3.1,5.53
DRS Fatick,Dioffior,2022-10-01,28.21,30.02,26.66,114.97,78.44,2.23,5.66
DRS Fatick,Dioffior,2022-11-01,26.65,30.22,23.34,2.66,64.47,2.53,5.28
DRS Fatick,Dioffior,2022-12-01,24.51,28.8,20.77,2.73,64.63,3.08,5.44
DRS Fatick,Dioffior,2023-01-01,23.08,27.41,19.41,1.41,58.04,3.56,5.16
DRS Fatick,Dioffior,2023-02-01,22.62,29.47,18.49,0.31,59.58,3.73,5.66
DRS Fatick,Dioffior,2023-03-01,24.19,31.15,20.36,1.62,64.95,3.02,6.84
DRS Fatick,Dioffior,2023-04-01,24.83,30.77,21.36,0.3,67.86,3.58,7.05
DRS Fatick,Dioffior,2023-05-01,26.42,30.77,23.61,1.18,72.11,3.37,6.63
DRS Fatick,Dioffior,2023-06-01,27.61,30.19,25.74,22.88,76.88,4.0,6.62
DRS Fatick,Dioffior,2023-07-01,28.44,29.87,27.3,177.32,80.48,3.28,5.97
DRS Fatick,Dioffior,2023-08-01,28.27,29.52,27.32,294.45,83.7,3.61,5.46
DRS Fatick,Dioffior,2023-09-01,28.55,29.8,27.51,184.89,81.59,2.57,5.59
DRS Fatick,Dioffior,2023-10-01,28.85,30.39,27.57,53.87,78.18,2.32,5.59
DRS Fatick,Dioffior,2023-11-01,27.23,31.19,23.85,2.08,67.05,2.77,5.68
DRS Fatick,Dioffior,2023-12-01,24.51,29.09,20.5,2.23,57.49,3.22,5.24
DRS Fatick,Dioffior,2024-01-01,24.44,29.3,20.42,4.25,58.13,3.18,5.32
DRS Fatick,Dioffior,2024-02-01,25.54,31.86,21.03,0.44,52.51,3.35,5.99
DRS Fatick,Dioffior,2024-03-01,23.07,29.73,19.26,0.04,67.45,3.83,6.6
DRS Fatick,Dioffior,2024-04-01,24.7,30.9,21.05,0.61,67.1,3.44,6.9
DRS Fatick,Dioffior,2024-05-01,26.12,30.81,23.25,1.07,72.74,3.61,6.74
DRS Fatick,Dioffior,2024-06-01,26.35,28.86,24.45,32.81,78.95,3.58,6.48
DRS Fatick,Dioffior,2024-07-01,27.74,29.16,26.62,142.56,82.52,3.84,5.53
DRS Fatick,Dioffior,2024-08-01,28.17,29.46,27.21,203.19,82.52,3.91,5.24
DRS Fatick,Dioffior,2024-09-01,28.12,29.6,27.0,250.65,82.53,3.25,4.77
DRS Fatick,Dioffior,2024-10-01,28.29,30.26,26.65,95.26,79.65,2.45,5.55
DRS Fatick,Dioffior,2024-11-01,27.96,31.65,24.73,0.25,69.27,2.21,5.64
DRS Fatick,Dioffior,2024-12-01,24.58,28.56,21.09,2.72,57.76,3.39,4.49
DRS Fatick,Fatick,2021-01-01,24.26,33.75,17.11,0.0,31.98,3.59,5.45
DRS Fatick,Fatick,2021-02-01,26.08,36.14,18.25,0.0,26.06,3.37,5.52
DRS Fatick,Fatick,2021-03-01,27.03,37.96,18.58,6.48,37.19,3.78,6.91
DRS Fatick,Fatick,2021-04-01,29.18,40.98,20.15,0.0,40.41,3.76,7.27
DRS Fatick,Fatick,2021-05-01,29.22,40.09,20.78,0.32,45.3,3.97,6.85
DRS Fatick,Fatick,2021-06-01,30.32,38.04,24.09,49.78,55.32,3.36,6.24
DRS Fatick,Fatick,2021-07-01,29.65,35.84,24.81,39.09,62.25,3.08,6.31
DRS Fatick,Fatick,2021-08-01,27.51,31.49,24.44,320.9,82.49,1.95,5.61
DRS Fatick,Fatick,2021-09-01,27.55,31.47,24.37,193.98,83.86,1.51,5.91
DRS Fatick,Fatick,2021-10-01,27.95,33.55,23.71,41.13,74.17,1.54,5.47
DRS Fatick,Fatick,2021-11-01,27.67,34.98,21.85,2.96,56.83,1.84,5.43
DRS Fatick,Fatick,2021-12-01,26.03,34.1,19.64,0.06,39.11,2.59,4.73
DRS Fatick,Fatick,2022-01-01,25.59,34.64,18.45,0.0,31.91,3.17,5.17
DRS Fatick,Fatick,2022-02-01,26.06,36.21,18.12,0.0,27.18,3.75,6.15
DRS Fatick,Fatick,2022-03-01,27.15,38.16,18.39,0.0,32.6,3.94,6.56
DRS Fatick,Fatick,2022-04-01,29.37,40.56,20.45,0.0,37.59,4.17,7.06
DRS Fatick,Fatick,2022-05-01,30.54,40.56,22.37,18.19,44.7,3.43,6.83
DRS Fatick,Fatick,2022-06-01,29.93,36.94,24.49,65.5,60.2,3.48,6.21
DRS Fatick,Fatick,2022-07-01,29.1,34.26,25.0,155.53,69.19,3.01,5.83
DRS Fatick,Fatick,2022-08-01,27.43,31.27,24.48,260.68,82.88,2.21,4.88
DRS Fatick,Fatick,2022-09-01,27.15,30.83,24.26,257.51,85.96,1.67,5.53
DRS Fatick,Fatick,2022-10-01,27.25,31.96,23.56,84.65,79.98,1.35,5.66
DRS Fatick,Fatick,2022-11-01,25.32,33.31,19.02,0.0,54.49,1.8,5.28
DRS Fatick,Fatick,2022-12-01,24.3,33.26,17.38,5.09,48.3,2.44,5.44
DRS Fatick,Fatick,2023-01-01,24.09,33.23,17.12,0.02,36.02,3.15,5.16
DRS Fatick,Fatick,2023-02-01,26.31,36.26,18.68,0.0,33.31,3.68,5.66
DRS Fatick,Fatick,2023-03-01,29.19,39.9,20.52,0.0,32.7,3.1,6.84
DRS Fatick,Fatick,2023-04-01,30.27,40.44,22.18,0.0,38.88,3.85,7.05
DRS Fatick,Fatick,2023-05-01,31.73,40.79,24.26,0.16,42.62,3.63,6.63
DRS Fatick,Fatick,2023-06-01,31.45,39.48,25.15,15.45,52.96,3.86,6.62
DRS Fatick,Fatick,2023-07-01,29.38,34.21,25.65,146.3,71.98,2.43,5.97
DRS Fatick,Fatick,2023-08-01,28.25,32.37,25.08,310.63,81.38,2.36,5.46
DRS Fatick,Fatick,2023-09-01,27.52,31.02,24.74,183.96,85.86,1.52,5.59
DRS Fatick,Fatick,2023-10-01,27.92,32.43,24.37,31.09,79.23,1.3,5.59
DRS Fatick,Fatick,2023-11-01,26.45,35.54,19.27,0.15,51.56,1.9,5.68
DRS Fatick,Fatick,2023-12-01,24.63,34.2,17.13,0.0,34.14,2.59,5.24
DRS Fatick,Fatick,2024-01-01,25.14,35.26,17.39,0.0,33.48,2.71,5.32
DRS Fatick,Fatick,2024-02-01,27.58,38.42,18.98,0.0,24.94,3.21,5.99
DRS Fatick,Fatick,2024-03-01,27.96,39.45,19.22,0.0,39.16,3.69,6.6
DRS Fatick,Fatick,2024-04-01,30.74,41.87,21.86,0.12,37.7,3.77,6.9
DRS Fatick,Fatick,2024-05-01,31.87,42.26,23.43,0.35,41.7,3.72,6.74
DRS Fatick,Fatick,2024-06-01,29.25,37.1,23.18,100.19,60.99,3.52,6.48
DRS Fatick,Fatick,2024-07-01,28.75,33.66,24.94,118.37,74.29,2.98,5.53
DRS Fatick,Fatick,2024-08-01,28.29,32.56,25.06,146.35,79.53,2.49,5.24
DRS Fatick,Fatick,2024-09-01,27.86,31.92,24.69,235.44,81.24,2.0,4.77
DRS Fatick,Fatick,2024-10-01,28.03,33.29,23.93,82.48,75.2,1.56,5.55
DRS Fatick,Fatick,2024-11-01,27.79,36.31,20.97,0.0,51.9,1.86,5.64
DRS Fatick,Fatick,2024-12-01,24.94,33.26,18.62,0.65,35.67,2.89,4.49
DRS Fatick,Foundiougne,2021-01-01,23.92,33.02,16.68,0.0,39.02,3.06,5.45
DRS Fatick,Foundiougne,2021-02-01,25.97,35.53,18.18,0.0,31.46,2.85,5.52
DRS Fatick,Foundiougne,2021-03-01,27.13,37.42,18.95,2.76,39.4,3.29,6.91
DRS Fatick,Foundiougne,2021-04-01,29.15,40.06,20.64,0.0,43.69,3.09,7.27
DRS Fatick,Foundiougne,2021-05-01,28.97,38.89,21.4,0.56,48.23,3.51,6.85
DRS Fatick,Foundiougne,2021-06-01,29.45,36.09,24.42,74.38,62.07,3.08,6.24
DRS Fatick,Foundiougne,2021-07-01,28.38,33.05,24.91,85.68,72.79,2.62,6.31
DRS Fatick,Foundiougne,2021-08-01,27.1,30.36,24.65,345.45,85.74,1.97,5.61
DRS Fatick,Foundiougne,2021-09-01,27.32,30.65,24.62,245.94,85.84,1.45,5.91
DRS Fatick,Foundiougne,2021-10-01,27.31,31.59,23.93,69.27,80.57,1.44,5.47
DRS Fatick,Foundiougne,2021-11-01,26.62,32.4,21.73,3.02,68.58,1.58,5.43
DRS Fatick,Foundiougne,2021-12-01,25.1,32.2,19.03,0.01,50.94,2.21,4.73
DRS Fatick,Foundiougne,2022-01-01,24.62,33.13,17.75,0.0,42.16,2.69,5.17
DRS Fatick,Foundiougne,2022-02-01,25.53,35.23,17.65,0.0,34.06,3.21,6.15
DRS Fatick,Foundiougne,2022-03-01,27.11,37.41,18.79,0.0,35.02,3.36,6.56
DRS Fatick,Foundiougne,2022-04-01,29.33,39.66,20.99,0.0,39.55,3.47,7.06
DRS Fatick,Foundiougne,2022-05-01,29.7,38.87,22.54,41.49,51.12,3.09,6.83
DRS Fatick,Foundiougne,2022-06-01,28.76,34.52,24.48,77.02,69.0,3.03,6.21
DRS Fatick,Foundiougne,2022-07-01,28.05,32.08,25.01,183.71,77.26,2.66,5.83
DRS Fatick,Foundiougne,2022-08-01,26.98,30.13,24.67,324.63,86.71,2.18,4.88
DRS Fatick,Foundiougne,2022-09-01,26.96,30.12,24.48,284.48,87.18,1.72,5.53
DRS Fatick,Foundiougne,2022-10-01,27.17,31.13,23.92,122.86,82.14,1.34,5.66
DRS Fatick,Foundiougne,2022-11-01,24.8,31.56,19.23,0.0,63.62,1.67,5.28
DRS Fatick,Foundiougne,2022-12-01,23.57,31.37,17.1,2.54,58.97,2.12,5.44
DRS Fatick,Foundiougne,2023-01-01,22.96,31.3,16.29,0.0,47.59,2.68,5.16
DRS Fatick,Foundiougne,2023-02-01,25.59,34.93,18.29,0.0,40.77,2.94,5.66
DRS Fatick,Foundiougne,2023-03-01,28.14,38.54,20.04,0.0,42.18,2.64,6.84
DRS Fatick,Foundiougne,2023-04-01,29.97,39.45,22.48,0.0,42.74,3.3,7.05
DRS Fatick,Foundiougne,2023-05-01,31.03,39.22,24.5,0.41,48.27,3.15,6.63
DRS Fatick,Foundiougne,2023-06-01,30.31,37.07,25.28,33.53,60.7,3.47,6.62
DRS Fatick,Foundiougne,2023-07-01,28.6,32.52,25.71,201.25,78.47,2.19,5.97
DRS Fatick,Foundiougne,2023-08-01,27.7,30.98,25.27,355.73,85.81,2.21,5.46
DRS Fatick,Foundiougne,2023-09-01,27.53,30.51,25.14,191.46,86.41,1.51,5.59
DRS Fatick,Foundiougne,2023-10-01,27.76,31.44,24.83,50.31,82.51,1.31,5.59
DRS Fatick,Foundiougne,2023-11-01,25.92,33.2,19.57,0.4,61.32,1.67,5.68
DRS Fatick,Foundiougne,2023-12-01,23.64,31.8,16.65,0.0,45.16,2.19,5.24
DRS Fatick,Foundiougne,2024-01-01,24.36,33.58,16.8,0.0,43.74,2.35,5.32
DRS Fatick,Foundiougne,2024-02-01,26.89,37.24,18.37,0.0,33.71,2.71,5.99
DRS Fatick,Foundiougne,2024-03-01,27.92,38.65,19.54,0.0,41.4,3.2,6.6
DRS Fatick,Foundiougne,2024-04-01,30.44,40.7,22.3,0.27,41.32,3.21,6.9
DRS Fatick,Foundiougne,2024-05-01,31.18,40.65,23.91,1.16,47.42,3.38,6.74
DRS Fatick,Foundiougne,2024-06-01,28.84,35.61,23.75,78.68,65.16,3.24,6.48
DRS Fatick,Foundiougne,2024-07-01,27.97,31.74,25.16,171.29,81.07,2.73,5.53
DRS Fatick,Foundiougne,2024-08-01,27.63,31.03,25.21,247.13,84.97,2.34,5.24
DRS Fatick,Foundiougne,2024-09-01,27.49,30.82,24.96,259.72,85.26,1.91,4.77
DRS Fatick,Foundiougne,2024-10-01,27.48,31.56,24.24,110.3,81.19,1.47,5.55
DRS Fatick,Foundiougne,2024-11-01,26.88,33.92,21.05,0.0,64.02,1.61,5.64
DRS Fatick,Foundiougne,2024-12-01,23.76,31.48,17.71,2.16,48.09,2.43,4.49
DRS Fatick,Gossas,2021-01-01,24.26,33.75,17.11,0.0,31.98,3.59,5.45
DRS Fatick,Gossas,2021-02-01,26.08,36.14,18.25,0.0,26.06,3.37,5.52
DRS Fatick,Gossas,2021-03-01,27.03,37.96,18.58,6.48,37.19,3.78,6.91
DRS Fatick,Gossas,2021-04-01,29.18,40.98,20.15,0.0,40.41,3.76,7.27
DRS Fatick,Gossas,2021-05-01,29.22,40.09,20.78,0.32,45.3,3.97,6.85
DRS Fatick,Gossas,2021-06-01,30.32,38.04,24.09,49.78,55.32,3.36,6.24
DRS Fatick,Gossas,2021-07-01,29.65,35.84,24.81,39.09,62.25,3.08,6.31
DRS Fatick,Gossas,2021-08-01,27.51,31.49,24.44,320.9,82.49,1.95,5.61
DRS Fatick,Gossas,2021-09-01,27.55,31.47,24.37,193.98,83.86,1.51,5.91
DRS Fatick,Gossas,2021-10-01,27.95,33.55,23.71,41.13,74.17,1.54,5.47
DRS Fatick,Gossas,2021-11-01,27.67,34.98,21.85,2.96,56.83,1.84,5.43
DRS Fatick,Gossas,2021-12-01,26.03,34.1,19.64,0.06,39.11,2.59,4.73
DRS Fatick,Gossas,2022-01-01,25.59,34.64,18.45,0.0,31.91,3.17,5.17
DRS Fatick,Gossas,2022-02-01,26.06,36.21,18.12,0.0,27.18,3.75,6.15
DRS Fatick,Gossas,2022-03-01,27.15,38.16,18.39,0.0,32.6,3.94,6.56
DRS Fatick,Gossas,2022-04-01,29.37,40.56,20.45,0.0,37.59,4.17,7.06
DRS Fatick,Gossas,2022-05-01,30.54,40.56,22.37,18.19,44.7,3.43,6.83
DRS Fatick,Gossas,2022-06-01,29.93,36.94,24.49,65.5,60.2,3.48,6.21
DRS Fatick,Gossas,2022-07-01,29.1,34.26,25.0,155.53,69.19,3.01,5.83
DRS Fatick,Gossas,2022-08-01,27.43,31.27,24.48,260.68,82.88,2.21,4.88
DRS Fatick,Gossas,2022-09-01,27.15,30.83,24.26,257.51,85.96,1.67,5.53
DRS Fatick,Gossas,2022-10-01,27.25,31.96,23.56,84.65,79.98,1.35,5.66
DRS Fatick,Gossas,2022-11-01,25.32,33.31,19.02,0.0,54.49,1.8,5.28
DRS Fatick,Gossas,2022-12-01,24.3,33.26,17.38,5.09,48.3,2.44,5.44
DRS Fatick,Gossas,2023-01-01,24.09,33.23,17.12,0.02,36.02,3.15,5.16
DRS Fatick,Gossas,2023-02-01,26.31,36.26,18.68,0.0,33.31,3.68,5.66
DRS Fatick,Gossas,2023-03-01,29.19,39.9,20.52,0.0,32.7,3.1,6.84
DRS Fatick,Gossas,2023-04-01,30.27,40.44,22.18,0.0,38.88,3.85,7.05
DRS Fatick,Gossas,2023-05-01,31.73,40.79,24.26,0.16,42.62,3.63,6.63
DRS Fatick,Gossas,2023-06-01,31.45,39.48,25.15,15.45,52.96,3.86,6.62
DRS Fatick,Gossas,2023-07-01,29.38,34.21,25.65,146.3,71.98,2.43,5.97
DRS Fatick,Gossas,2023-08-01,28.25,32.37,25.08,310.63,81.38,2.36,5.46
DRS Fatick,Gossas,2023-09-01,27.52,31.02,24.74,183.96,85.86,1.52,5.59
DRS Fatick,Gossas,2023-10-01,27.92,32.43,24.37,31.09,79.23,1.3,5.59
DRS Fatick,Gossas,2023-11-01,26.45,35.54,19.27,0.15,51.56,1.9,5.68
DRS Fatick,Gossas,2023-12-01,24.63,34.2,17.13,0.0,34.14,2.59,5.24
DRS Fatick,Gossas,2024-01-01,25.14,35.26,17.39,0.0,33.48,2.71,5.32
DRS Fatick,Gossas,2024-02-01,27.58,38.42,18.98,0.0,24.94,3.21,5.99
DRS Fatick,Gossas,2024-03-01,27.96,39.45,19.22,0.0,39.16,3.69,6.6
DRS Fatick,Gossas,2024-04-01,30.74,41.87,21.86,0.12,37.7,3.77,6.9
DRS Fatick,Gossas,2024-05-01,31.87,42.26,23.43,0.35,41.7,3.72,6.74
DRS Fatick,Gossas,2024-06-01,29.25,37.1,23.18,100.19,60.99,3.52,6.48
DRS Fatick,Gossas,2024-07-01,28.75,33.66,24.94,118.37,74.29,2.98,5.53
DRS Fatick,Gossas,2024-08-01,28.29,32.56,25.06,146.35,79.53,2.49,5.24
DRS Fatick,Gossas,2024-09-01,27.86,31.92,24.69,235.44,81.24,2.0,4.77
DRS Fatick,Gossas,2024-10-01,28.03,33.29,23.93,82.48,75.2,1.56,5.55
DRS Fatick,Gossas,2024-11-01,27.79,36.31,20.97,0.0,51.9,1.86,5.64
DRS Fatick,Gossas,2024-12-01,24.94,33.26,18.62,0.65,35.67,2.89,4.49
DRS Fatick,Niakhar,2021-01-01,24.26,33.75,17.11,0.0,31.98,3.59,5.45
DRS Fatick,Niakhar,2021-02-01,26.08,36.14,18.25,0.0,26.06,3.37,5.52
DRS Fatick,Niakhar,2021-03-01,27.03,37.96,18.58,6.48,37.19,3.78,6.91
DRS Fatick,Niakhar,2021-04-01,29.18,40.98,20.15,0.0,40.41,3.76,7.27
DRS Fatick,Niakhar,2021-05-01,29.22,40.09,20.78,0.32,45.3,3.97,6.85
DRS Fatick,Niakhar,2021-06-01,30.32,38.04,24.09,49.78,55.32,3.36,6.24
DRS Fatick,Niakhar,2021-07-01,29.65,35.84,24.81,39.09,62.25,3.08,6.31
DRS Fatick,Niakhar,2021-08-01,27.51,31.49,24.44,320.9,82.49,1.95,5.61
DRS Fatick,Niakhar,2021-09-01,27.55,31.47,24.37,193.98,83.86,1.51,5.91
DRS Fatick,Niakhar,2021-10-01,27.95,33.55,23.71,41.13,74.17,1.54,5.47
DRS Fatick,Niakhar,2021-11-01,27.67,34.98,21.85,2.96,56.83,1.84,5.43
DRS Fatick,Niakhar,2021-12-01,26.03,34.1,19.64,0.06,39.11,2.59,4.73
DRS Fatick,Niakhar,2022-01-01,25.59,34.64,18.45,0.0,31.91,3.17,5.17
DRS Fatick,Niakhar,2022-02-01,26.06,36.21,18.12,0.0,27.18,3.75,6.15
DRS Fatick,Niakhar,2022-03-01,27.15,38.16,18.39,0.0,32.6,3.94,6.56
DRS Fatick,Niakhar,2022-04-01,29.37,40.56,20.45,0.0,37.59,4.17,7.06
DRS Fatick,Niakhar,2022-05-01,30.54,40.56,22.37,18.19,44.7,3.43,6.83
DRS Fatick,Niakhar,2022-06-01,29.93,36.94,24.49,65.5,60.2,3.48,6.21
DRS Fatick,Niakhar,2022-07-01,29.1,34.26,25.0,155.53,69.19,3.01,5.83
DRS Fatick,Niakhar,2022-08-01,27.43,31.27,24.48,260.68,82.88,2.21,4.88
DRS Fatick,Niakhar,2022-09-01,27.15,30.83,24.26,257.51,85.96,1.67,5.53
DRS Fatick,Niakhar,2022-10-01,27.25,31.96,23.56,84.65,79.98,1.35,5.66
DRS Fatick,Niakhar,2022-11-01,25.32,33.31,19.02,0.0,54.49,1.8,5.28
DRS Fatick,Niakhar,2022-12-01,24.3,33.26,17.38,5.09,48.3,2.44,5.44
DRS Fatick,Niakhar,2023-01-01,24.09,33.23,17.12,0.02,36.02,3.15,5.16
DRS Fatick,Niakhar,2023-02-01,26.31,36.26,18.68,0.0,33.31,3.68,5.66
DRS Fatick,Niakhar,2023-03-01,29.19,39.9,20.52,0.0,32.7,3.1,6.84
DRS Fatick,Niakhar,2023-04-01,30.27,40.44,22.18,0.0,38.88,3.85,7.05
DRS Fatick,Niakhar,2023-05-01,31.73,40.79,24.26,0.16,42.62,3.63,6.63
DRS Fatick,Niakhar,2023-06-01,31.45,39.48,25.15,15.45,52.96,3.86,6.62
DRS Fatick,Niakhar,2023-07-01,29.38,34.21,25.65,146.3,71.98,2.43,5.97
DRS Fatick,Niakhar,2023-08-01,28.25,32.37,25.08,310.63,81.38,2.36,5.46
DRS Fatick,Niakhar,2023-09-01,27.52,31.02,24.74,183.96,85.86,1.52,5.59
DRS Fatick,Niakhar,2023-10-01,27.92,32.43,24.37,31.09,79.23,1.3,5.59
DRS Fatick,Niakhar,2023-11-01,26.45,35.54,19.27,0.15,51.56,1.9,5.68
DRS Fatick,Niakhar,2023-12-01,24.63,34.2,17.13,0.0,34.14,2.59,5.24
DRS Fatick,Niakhar,2024-01-01,25.14,35.26,17.39,0.0,33.48,2.71,5.32
DRS Fatick,Niakhar,2024-02-01,27.58,38.42,18.98,0.0,24.94,3.21,5.99
DRS Fatick,Niakhar,2024-03-01,27.96,39.45,19.22,0.0,39.16,3.69,6.6
DRS Fatick,Niakhar,2024-04-01,30.74,41.87,21.86,0.12,37.7,3.77,6.9
DRS Fatick,Niakhar,2024-05-01,31.87,42.26,23.43,0.35,41.7,3.72,6.74
DRS Fatick,Niakhar,2024-06-01,29.25,37.1,23.18,100.19,60.99,3.52,6.48
DRS Fatick,Niakhar,2024-07-01,28.75,33.66,24.94,118.37,74.29,2.98,5.53
DRS Fatick,Niakhar,2024-08-01,28.29,32.56,25.06,146.35,79.53,2.49,5.24
DRS Fatick,Niakhar,2024-09-01,27.86,31.92,24.69,235.44,81.24,2.0,4.77
DRS Fatick,Niakhar,2024-10-01,28.03,33.29,23.93,82.48,75.2,1.56,5.55
DRS Fatick,Niakhar,2024-11-01,27.79,36.31,20.97,0.0,51.9,1.86,5.64
DRS Fatick,Niakhar,2024-12-01,24.94,33.26,18.62,0.65,35.67,2.89,4.49
DRS Fatick,Passy,2021-01-01,23.92,33.02,16.68,0.0,39.02,3.06,5.54
DRS Fatick,Passy,2021-02-01,25.97,35.53,18.18,0.0,31.46,2.85,5.49
DRS Fatick,Passy,2021-03-01,27.13,37.42,18.95,2.76,39.4,3.29,6.91
DRS Fatick,Passy,2021-04-01,29.15,40.06,20.64,0.0,43.69,3.09,7.23
DRS Fatick,Passy,2021-05-01,28.97,38.89,21.4,0.56,48.23,3.51,6.62
DRS Fatick,Passy,2021-06-01,29.45,36.09,24.42,74.38,62.07,3.08,5.66
DRS Fatick,Passy,2021-07-01,28.38,33.05,24.91,85.68,72.79,2.62,5.66
DRS Fatick,Passy,2021-08-01,27.1,30.36,24.65,345.45,85.74,1.97,5.04
DRS Fatick,Passy,2021-09-01,27.32,30.65,24.62,245.94,85.84,1.45,5.54
DRS Fatick,Passy,2021-10-01,27.31,31.59,23.93,69.27,80.57,1.44,5.11
DRS Fatick,Passy,2021-11-01,26.62,32.4,21.73,3.02,68.58,1.58,5.48
DRS Fatick,Passy,2021-12-01,25.1,32.2,19.03,0.01,50.94,2.21,4.94
DRS Fatick,Passy,2022-01-01,24.62,33.13,17.75,0.0,42.16,2.69,5.29
DRS Fatick,Passy,2022-02-01,25.53,35.23,17.65,0.0,34.06,3.21,6.3
DRS Fatick,Passy,2022-03-01,27.11,37.41,18.79,0.0,35.02,3.36,6.54
DRS Fatick,Passy,2022-04-01,29.33,39.66,20.99,0.0,39.55,3.47,6.8
DRS Fatick,Passy,2022-05-01,29.7,38.87,22.54,41.49,51.12,3.09,6.5
DRS Fatick,Passy,2022-06-01,28.76,34.52,24.48,77.02,69.0,3.03,5.62
DRS Fatick,Passy,2022-07-01,28.05,32.08,25.01,183.71,77.26,2.66,5.1
DRS Fatick,Passy,2022-08-01,26.98,30.13,24.67,324.63,86.71,2.18,4.61
DRS Fatick,Passy,2022-09-01,26.96,30.12,24.48,284.48,87.18,1.72,5.19
DRS Fatick,Passy,2022-10-01,27.17,31.13,23.92,122.86,82.14,1.34,5.39
DRS Fatick,Passy,2022-11-01,24.8,31.56,19.23,0.0,63.62,1.67,5.34
DRS Fatick,Passy,2022-12-01,23.57,31.37,17.1,2.54,58.97,2.12,5.37
DRS Fatick,Passy,2023-01-01,22.96,31.3,16.29,0.0,47.59,2.68,5.47
DRS Fatick,Passy,2023-02-01,25.59,34.93,18.29,0.0,40.77,2.94,5.69
DRS Fatick,Passy,2023-03-01,28.14,38.54,20.04,0.0,42.18,2.64,6.9
DRS Fatick,Passy,2023-04-01,29.97,39.45,22.48,0.0,42.74,3.3,6.79
DRS Fatick,Passy,2023-05-01,31.03,39.22,24.5,0.41,48.27,3.15,6.05
DRS Fatick,Passy,2023-06-01,30.31,37.07,25.28,33.53,60.7,3.47,6.01
DRS Fatick,Passy,2023-07-01,28.6,32.52,25.71,201.25,78.47,2.19,5.36
DRS Fatick,Passy,2023-08-01,27.7,30.98,25.27,355.73,85.81,2.21,4.89
DRS Fatick,Passy,2023-09-01,27.53,30.51,25.14,191.46,86.41,1.51,5.34
DRS Fatick,Passy,2023-10-01,27.76,31.44,24.83,50.31,82.51,1.31,5.37
DRS Fatick,Passy,2023-11-01,25.92,33.2,19.57,0.4,61.32,1.67,5.71
DRS Fatick,Passy,2023-12-01,23.64,31.8,16.65,0.0,45.16,2.19,5.29
DRS Fatick,Passy,2024-01-01,24.36,33.58,16.8,0.0,43.74,2.35,5.32
DRS Fatick,Passy,2024-02-01,26.89,37.24,18.37,0.0,33.71,2.71,6.11
DRS Fatick,Passy,2024-03-01,27.92,38.65,19.54,0.0,41.4,3.2,6.78
DRS Fatick,Passy,2024-04-01,30.44,40.7,22.3,0.27,41.32,3.21,6.68
DRS Fatick,Passy,2024-05-01,31.18,40.65,23.91,1.16,47.42,3.38,6.64
DRS Fatick,Passy,2024-06-01,28.84,35.61,23.75,78.68,65.16,3.24,5.98
DRS Fatick,Passy,2024-07-01,27.97,31.74,25.16,171.29,81.07,2.73,4.71
DRS Fatick,Passy,2024-08-01,27.63,31.03,25.21,247.13,84.97,2.34,4.77
DRS Fatick,Passy,2024-09-01,27.49,30.82,24.96,259.72,85.26,1.91,4.66
DRS Fatick,Passy,2024-10-01,27.48,31.56,24.24,110.3,81.19,1.47,5.22
DRS Fatick,Passy,2024-11-01,26.88,33.92,21.05,0.0,64.02,1.61,5.64
DRS Fatick,Passy,2024-12-01,23.76,31.48,17.71,2.16,48.09,2.43,4.63
DRS Fatick,Sokone,2021-01-01,23.92,33.02,16.68,0.0,39.02,3.06,5.54
DRS Fatick,Sokone,2021-02-01,25.97,35.53,18.18,0.0,31.46,2.85,5.49
DRS Fatick,Sokone,2021-03-01,27.13,37.42,18.95,2.76,39.4,3.29,6.91
DRS Fatick,Sokone,2021-04-01,29.15,40.06,20.64,0.0,43.69,3.09,7.23
DRS Fatick,Sokone,2021-05-01,28.97,38.89,21.4,0.56,48.23,3.51,6.62
DRS Fatick,Sokone,2021-06-01,29.45,36.09,24.42,74.38,62.07,3.08,5.66
DRS Fatick,Sokone,2021-07-01,28.38,33.05,24.91,85.68,72.79,2.62,5.66
DRS Fatick,Sokone,2021-08-01,27.1,30.36,24.65,345.45,85.74,1.97,5.04
DRS Fatick,Sokone,2021-09-01,27.32,30.65,24.62,245.94,85.84,1.45,5.54
DRS Fatick,Sokone,2021-10-01,27.31,31.59,23.93,69.27,80.57,1.44,5.11
DRS Fatick,Sokone,2021-11-01,26.62,32.4,21.73,3.02,68.58,1.58,5.48
DRS Fatick,Sokone,2021-12-01,25.1,32.2,19.03,0.01,50.94,2.21,4.94
DRS Fatick,Sokone,2022-01-01,24.62,33.13,17.75,0.0,42.16,2.69,5.29
DRS Fatick,Sokone,2022-02-01,25.53,35.23,17.65,0.0,34.06,3.21,6.3
DRS Fatick,Sokone,2022-03-01,27.11,37.41,18.79,0.0,35.02,3.36,6.54
DRS Fatick,Sokone,2022-04-01,29.33,39.66,20.99,0.0,39.55,3.47,6.8
DRS Fatick,Sokone,2022-05-01,29.7,38.87,22.54,41.49,51.12,3.09,6.5
DRS Fatick,Sokone,2022-06-01,28.76,34.52,24.48,77.02,69.0,3.03,5.62
DRS Fatick,Sokone,2022-07-01,28.05,32.08,25.01,183.71,77.26,2.66,5.1
DRS Fatick,Sokone,2022-08-01,26.98,30.13,24.67,324.63,86.71,2.18,4.61
DRS Fatick,Sokone,2022-09-01,26.96,30.12,24.48,284.48,87.18,1.72,5.19
DRS Fatick,Sokone,2022-10-01,27.17,31.13,23.92,122.86,82.14,1.34,5.39
DRS Fatick,Sokone,2022-11-01,24.8,31.56,19.23,0.0,63.62,1.67,5.34
DRS Fatick,Sokone,2022-12-01,23.57,31.37,17.1,2.54,58.97,2.12,5.37
DRS Fatick,Sokone,2023-01-01,22.96,31.3,16.29,0.0,47.59,2.68,5.47
DRS Fatick,Sokone,2023-02-01,25.59,34.93,18.29,0.0,40.77,2.94,5.69
DRS Fatick,Sokone,2023-03-01,28.14,38.54,20.04,0.0,42.18,2.64,6.9
DRS Fatick,Sokone,2023-04-01,29.97,39.45,22.48,0.0,42.74,3.3,6.79
DRS Fatick,Sokone,2023-05-01,31.03,39.22,24.5,0.41,48.27,3.15,6.05
DRS Fatick,Sokone,2023-06-01,30.31,37.07,25.28,33.53,60.7,3.47,6.01
DRS Fatick,Sokone,2023-07-01,28.6,32.52,25.71,201.25,78.47,2.19,5.36
DRS Fatick,Sokone,2023-08-01,27.7,30.98,25.27,355.73,85.81,2.21,4.89
DRS Fatick,Sokone,2023-09-01,27.53,30.51,25.14,191.46,86.41,1.51,5.34
DRS Fatick,Sokone,2023-10-01,27.76,31.44,24.83,50.31,82.51,1.31,5.37
DRS Fatick,Sokone,2023-11-01,25.92,33.2,19.57,0.4,61.32,1.67,5.71
DRS Fatick,Sokone,2023-12-01,23.64,31.8,16.65,0.0,45.16,2.19,5.29
DRS Fatick,Sokone,2024-01-01,24.36,33.58,16.8,0.0,43.74,2.35,5.32
DRS Fatick,Sokone,2024-02-01,26.89,37.24,18.37,0.0,33.71,2.71,6.11
DRS Fatick,Sokone,2024-03-01,27.92,38.65,19.54,0.0,41.4,3.2,6.78
DRS Fatick,Sokone,2024-04-01,30.44,40.7,22.3,0.27,41.32,3.21,6.68
DRS Fatick,Sokone,2024-05-01,31.18,40.65,23.91,1.16,47.42,3.38,6.64
DRS Fatick,Sokone,2024-06-01,28.84,35.61,23.75,78.68,65.16,3.24,5.98
DRS Fatick,Sokone,2024-07-01,27.97,31.74,25.16,171.29,81.07,2.73,4.71
DRS Fatick,Sokone,2024-08-01,27.63,31.03,25.21,247.13,84.97,2.34,4.77
DRS Fatick,Sokone,2024-09-01,27.49,30.82,24.96,259.72,85.26,1.91,4.66
DRS Fatick,Sokone,2024-10-01,27.48,31.56,24.24,110.3,81.19,1.47,5.22
DRS Fatick,Sokone,2024-11-01,26.88,33.92,21.05,0.0,64.02,1.61,5.64
DRS Fatick,Sokone,2024-12-01,23.76,31.48,17.71,2.16,48.09,2.43,4.63
DRS Kaffrine,Birkelane,2021-01-01,24.3,34.03,16.72,0.0,35.76,3.19,5.47
DRS Kaffrine,Birkelane,2021-02-01,26.48,36.29,18.27,0.0,27.04,2.86,5.55
DRS Kaffrine,Birkelane,2021-03-01,28.42,38.59,19.77,0.06,29.99,3.15,6.73
DRS Kaffrine,Birkelane,2021-04-01,30.9,41.37,21.72,0.0,33.36,2.83,7.19
DRS Kaffrine,Birkelane,2021-05-01,30.91,40.69,22.43,0.0,37.44,3.33,6.78
DRS Kaffrine,Birkelane,2021-06-01,30.54,37.45,24.77,93.01,56.91,3.05,6.19
DRS Kaffrine,Birkelane,2021-07-01,28.34,33.3,24.46,101.26,73.56,2.53,6.31
DRS Kaffrine,Birkelane,2021-08-01,26.96,30.51,24.16,440.65,86.2,1.86,5.78
DRS Kaffrine,Birkelane,2021-09-01,27.07,30.62,24.04,248.97,86.4,1.44,5.87
DRS Kaffrine,Birkelane,2021-10-01,26.91,31.38,23.2,59.3,81.85,1.33,5.37
DRS Kaffrine,Birkelane,2021-11-01,26.16,31.86,21.06,0.94,69.7,1.44,5.4
DRS Kaffrine,Birkelane,2021-12-01,24.56,31.85,18.43,0.0,52.53,2.19,4.82
DRS Kaffrine,Birkelane,2022-01-01,24.33,33.37,17.08,0.0,39.46,2.71,5.25
DRS Kaffrine,Birkelane,2022-02-01,25.7,35.81,17.35,0.0,29.95,3.09,6.16
DRS Kaffrine,Birkelane,2022-03-01,28.1,38.35,19.43,0.0,27.07,3.16,6.5
DRS Kaffrine,Birkelane,2022-04-01,30.75,40.86,21.94,0.0,30.68,3.28,7.09
DRS Kaffrine,Birkelane,2022-05-01,31.32,40.35,23.27,33.3,41.33,2.99,6.95
DRS Kaffrine,Birkelane,2022-06-01,29.45,35.62,24.52,57.06,64.72,3.08,6.26
DRS Kaffrine,Birkelane,2022-07-01,28.18,32.72,24.69,218.67,76.48,2.63,5.83
DRS Kaffrine,Birkelane,2022-08-01,26.85,30.37,24.19,340.57,86.73,2.12,5.34
DRS Kaffrine,Birkelane,2022-09-01,26.72,30.1,23.94,279.37,87.81,1.6,5.6
DRS Kaffrine,Birkelane,2022-10-01,26.82,31.14,23.31,108.92,82.93,1.32,5.61
DRS Kaffrine,Birkelane,2022-11-01,24.36,31.27,18.62,0.0,64.25,1.59,5.27
DRS Kaffrine,Birkelane,2022-12-01,23.47,31.67,16.83,2.11,57.11,2.1,5.35
DRS Kaffrine,Birkelane,2023-01-01,23.07,32.08,16.0,0.0,43.52,2.74,5.27
DRS Kaffrine,Birkelane,2023-02-01,26.33,36.04,18.61,0.0,33.88,2.93,5.67
DRS Kaffrine,Birkelane,2023-03-01,29.12,39.51,20.3,0.0,32.72,2.54,6.81
DRS Kaffrine,Birkelane,2023-04-01,31.36,40.73,23.17,0.0,33.88,3.07,7.0
DRS Kaffrine,Birkelane,2023-05-01,32.42,40.39,25.34,1.12,40.55,2.88,6.48
DRS Kaffrine,Birkelane,2023-06-01,31.24,38.34,25.48,46.1,55.61,3.36,6.61
DRS Kaffrine,Birkelane,2023-07-01,28.66,33.02,25.31,204.96,77.54,2.16,6.09
DRS Kaffrine,Birkelane,2023-08-01,27.62,31.25,24.75,440.1,85.62,2.15,5.61
DRS Kaffrine,Birkelane,2023-09-01,27.3,30.61,24.55,169.48,86.8,1.48,5.81
DRS Kaffrine,Birkelane,2023-10-01,27.32,31.22,24.03,44.28,83.61,1.23,5.5
DRS Kaffrine,Birkelane,2023-11-01,25.57,32.99,18.88,0.32,60.41,1.55,5.69
DRS Kaffrine,Birkelane,2023-12-01,23.62,32.3,16.21,0.0,42.43,2.17,5.19
DRS Kaffrine,Birkelane,2024-01-01,24.59,34.46,16.56,0.0,38.5,2.37,5.27
DRS Kaffrine,Birkelane,2024-02-01,27.36,38.12,18.37,0.0,26.1,2.75,6.07
DRS Kaffrine,Birkelane,2024-03-01,29.24,39.8,20.24,0.0,30.65,2.92,6.53
DRS Kaffrine,Birkelane,2024-04-01,32.06,41.99,23.4,0.04,32.24,3.07,6.85
DRS Kaffrine,Birkelane,2024-05-01,32.95,42.28,24.68,0.9,37.79,3.2,6.87
DRS Kaffrine,Birkelane,2024-06-01,30.48,38.13,24.25,40.18,56.2,3.41,6.45
DRS Kaffrine,Birkelane,2024-07-01,28.21,32.5,24.89,188.95,79.54,2.8,5.6
DRS Kaffrine,Birkelane,2024-08-01,27.62,31.54,24.68,196.86,84.43,2.29,5.45
DRS Kaffrine,Birkelane,2024-09-01,27.27,31.03,24.33,257.31,85.5,1.89,4.92
DRS Kaffrine,Birkelane,2024-10-01,27.2,31.61,23.6,121.7,81.06,1.42,5.6
DRS Kaffrine,Birkelane,2024-11-01,26.42,34.23,20.41,0.0,62.68,1.62,5.65
DRS Kaffrine,Birkelane,2024-12-01,23.95,32.4,17.57,3.28,44.85,2.57,4.52
DRS Kaffrine,Kaffrine,2021-01-01,24.3,34.03,16.72,0.0,35.76,3.19,5.47
DRS Kaffrine,Kaffrine,2021-02-01,26.48,36.29,18.27,0.0,27.04,2.86,5.55
DRS Kaffrine,Kaffrine,2021-03-01,28.42,38.59,19.77,0.06,29.99,3.15,6.73
DRS Kaffrine,Kaffrine,2021-04-01,30.9,41.37,21.72,0.0,33.36,2.83,7.19
DRS Kaffrine,Kaffrine,2021-05-01,30.91,40.69,22.43,0.0,37.44,3.33,6.78
DRS Kaffrine,Kaffrine,2021-06-01,30.54,37.45,24.77,93.01,56.91,3.05,6.19
DRS Kaffrine,Kaffrine,2021-07-01,28.34,33.3,24.46,101.26,73.56,2.53,6.31
DRS Kaffrine,Kaffrine,2021-08-01,26.96,30.51,24.16,440.65,86.2,1.86,5.78
DRS Kaffrine,Kaffrine,2021-09-01,27.07,30.62,24.04,248.97,86.4,1.44,5.87
DRS Kaffrine,Kaffrine,2021-10-01,26.91,31.38,23.2,59.3,81.85,1.33,5.37
DRS Kaffrine,Kaffrine,2021-11-01,26.16,31.86,21.06,0.94,69.7,1.44,5.4
DRS Kaffrine,Kaffrine,2021-12-01,24.56,31.85,18.43,0.0,52.53,2.19,4.82
DRS Kaffrine,Kaffrine,2022-01-01,24.33,33.37,17.08,0.0,39.46,2.71,5.25
DRS Kaffrine,Kaffrine,2022-02-01,25.7,35.81,17.35,0.0,29.95,3.09,6.16
DRS Kaffrine,Kaffrine,2022-03-01,28.1,38.35,19.43,0.0,27.07,3.16,6.5
DRS Kaffrine,Kaffrine,2022-04-01,30.75,40.86,21.94,0.0,30.68,3.28,7.09
DRS Kaffrine,Kaffrine,2022-05-01,31.32,40.35,23.27,33.3,41.33,2.99,6.95
DRS Kaffrine,Kaffrine,2022-06-01,29.45,35.62,24.52,57.06,64.72,3.08,6.26
DRS Kaffrine,Kaffrine,2022-07-01,28.18,32.72,24.69,218.67,76.48,2.63,5.83
DRS Kaffrine,Kaffrine,2022-08-01,26.85,30.37,24.19,340.57,86.73,2.12,5.34
DRS Kaffrine,Kaffrine,2022-09-01,26.72,30.1,23.94,279.37,87.81,1.6,5.6
DRS Kaffrine,Kaffrine,2022-10-01,26.82,31.14,23.31,108.92,82.93,1.32,5.61
DRS Kaffrine,Kaffrine,2022-11-01,24.36,31.27,18.62,0.0,64.25,1.59,5.27
DRS Kaffrine,Kaffrine,2022-12-01,23.47,31.67,16.83,2.11,57.11,2.1,5.35
DRS Kaffrine,Kaffrine,2023-01-01,23.07,32.08,16.0,0.0,43.52,2.74,5.27
DRS Kaffrine,Kaffrine,2023-02-01,26.33,36.04,18.61,0.0,33.88,2.93,5.67
DRS Kaffrine,Kaffrine,2023-03-01,29.12,39.51,20.3,0.0,32.72,2.54,6.81
DRS Kaffrine,Kaffrine,2023-04-01,31.36,40.73,23.17,0.0,33.88,3.07,7.0
DRS Kaffrine,Kaffrine,2023-05-01,32.42,40.39,25.34,1.12,40.55,2.88,6.48
DRS Kaffrine,Kaffrine,2023-06-01,31.24,38.34,25.48,46.1,55.61,3.36,6.61
DRS Kaffrine,Kaffrine,2023-07-01,28.66,33.02,25.31,204.96,77.54,2.16,6.09
DRS Kaffrine,Kaffrine,2023-08-01,27.62,31.25,24.75,440.1,85.62,2.15,5.61
DRS Kaffrine,Kaffrine,2023-09-01,27.3,30.61,24.55,169.48,86.8,1.48,5.81
DRS Kaffrine,Kaffrine,2023-10-01,27.32,31.22,24.03,44.28,83.61,1.23,5.5
DRS Kaffrine,Kaffrine,2023-11-01,25.57,32.99,18.88,0.32,60.41,1.55,5.69
DRS Kaffrine,Kaffrine,2023-12-01,23.62,32.3,16.21,0.0,42.43,2.17,5.19
DRS Kaffrine,Kaffrine,2024-01-01,24.59,34.46,16.56,0.0,38.5,2.37,5.27
DRS Kaffrine,Kaffrine,2024-02-01,27.36,38.12,18.37,0.0,26.1,2.75,6.07
DRS Kaffrine,Kaffrine,2024-03-01,29.24,39.8,20.24,0.0,30.65,2.92,6.53
DRS Kaffrine,Kaffrine,2024-04-01,32.06,41.99,23.4,0.04,32.24,3.07,6.85
DRS Kaffrine,Kaffrine,2024-05-01,32.95,42.28,24.68,0.9,37.79,3.2,6.87
DRS Kaffrine,Kaffrine,2024-06-01,30.48,38.13,24.25,40.18,56.2,3.41,6.45
DRS Kaffrine,Kaffrine,2024-07-01,28.21,32.5,24.89,188.95,79.54,2.8,5.6
DRS Kaffrine,Kaffrine,2024-08-01,27.62,31.54,24.68,196.86,84.43,2.29,5.45
DRS Kaffrine,Kaffrine,2024-09-01,27.27,31.03,24.33,257.31,85.5,1.89,4.92
DRS Kaffrine,Kaffrine,2024-10-01,27.2,31.61,23.6,121.7,81.06,1.42,5.6
DRS Kaffrine,Kaffrine,2024-11-01,26.42,34.23,20.41,0.0,62.68,1.62,5.65
DRS Kaffrine,Kaffrine,2024-12-01,23.95,32.4,17.57,3.28,44.85,2.57,4.52
DRS Kaffrine,Koungheul,2021-01-01,25.41,35.16,17.68,0.0,30.22,3.46,5.71
DRS Kaffrine,Koungheul,2021-02-01,27.56,36.91,19.48,0.0,21.68,3.08,5.47
DRS Kaffrine,Koungheul,2021-03-01,29.79,39.32,21.24,0.01,23.36,3.17,6.85
DRS Kaffrine,Koungheul,2021-04-01,32.4,42.09,23.29,0.0,27.09,2.72,7.12
DRS Kaffrine,Koungheul,2021-05-01,32.53,41.49,24.04,0.0,30.44,3.2,6.54
DRS Kaffrine,Koungheul,2021-06-01,31.44,37.96,25.67,101.22,53.19,3.14,5.91
DRS Kaffrine,Koungheul,2021-07-01,28.49,33.29,24.65,122.25,73.51,2.63,5.75
DRS Kaffrine,Koungheul,2021-08-01,26.99,30.46,24.16,487.34,86.28,1.88,5.42
DRS Kaffrine,Koungheul,2021-09-01,26.98,30.35,24.02,276.57,87.08,1.5,5.75
DRS Kaffrine,Koungheul,2021-10-01,26.86,31.16,23.19,62.74,82.22,1.32,5.1
DRS Kaffrine,Koungheul,2021-11-01,26.21,31.9,21.1,1.6,70.17,1.46,5.34
DRS Kaffrine,Koungheul,2021-12-01,24.64,32.01,18.54,0.0,52.33,2.27,5.02
DRS Kaffrine,Koungheul,2022-01-01,24.83,33.96,17.36,0.0,34.39,2.85,5.44
DRS Kaffrine,Koungheul,2022-02-01,26.45,36.47,18.06,0.0,25.18,3.15,6.2
DRS Kaffrine,Koungheul,2022-03-01,29.43,39.19,20.81,0.0,21.03,3.21,6.48
DRS Kaffrine,Koungheul,2022-04-01,32.21,41.58,23.48,0.0,24.42,3.23,7.04
DRS Kaffrine,Koungheul,2022-05-01,32.64,41.0,24.63,21.33,34.42,2.93,6.61
DRS Kaffrine,Koungheul,2022-06-01,30.26,36.06,25.17,56.89,60.37,3.16,5.94
DRS Kaffrine,Koungheul,2022-07-01,28.4,32.88,24.87,180.69,75.51,2.67,5.28
DRS Kaffrine,Koungheul,2022-08-01,26.92,30.46,24.19,346.02,86.08,2.19,4.97
DRS Kaffrine,Koungheul,2022-09-01,26.66,29.87,23.9,257.91,87.97,1.6,5.28
DRS Kaffrine,Koungheul,2022-10-01,26.7,30.85,23.21,97.9,83.45,1.36,5.47
DRS Kaffrine,Koungheul,2022-11-01,24.27,30.96,18.63,0.01,64.12,1.67,5.31
DRS Kaffrine,Koungheul,2022-12-01,23.93,32.31,17.22,1.56,53.64,2.24,5.14
DRS Kaffrine,Koungheul,2023-01-01,24.05,33.33,16.76,0.0,35.99,3.01,5.39
DRS Kaffrine,Koungheul,2023-02-01,27.97,37.54,20.11,0.0,26.0,3.12,5.77
DRS Kaffrine,Koungheul,2023-03-01,30.38,40.29,21.35,0.0,25.1,2.61,6.95
DRS Kaffrine,Koungheul,2023-04-01,32.76,41.5,24.46,0.0,26.9,3.03,7.01
DRS Kaffrine,Koungheul,2023-05-01,33.53,40.89,26.49,2.11,35.9,2.89,6.26
DRS Kaffrine,Koungheul,2023-06-01,31.88,38.51,26.18,57.12,53.06,3.36,6.17
DRS Kaffrine,Koungheul,2023-07-01,28.97,33.29,25.47,185.07,75.67,2.26,5.8
DRS Kaffrine,Koungheul,2023-08-01,27.79,31.48,24.77,406.63,84.39,2.15,5.39
DRS Kaffrine,Koungheul,2023-09-01,27.37,30.64,24.53,151.44,86.36,1.54,5.39
DRS Kaffrine,Koungheul,2023-10-01,27.41,31.32,24.06,57.03,82.79,1.29,5.51
DRS Kaffrine,Koungheul,2023-11-01,26.22,34.02,19.23,0.51,56.29,1.62,5.69
DRS Kaffrine,Koungheul,2023-12-01,24.68,33.9,17.01,0.0,34.91,2.4,5.27
DRS Kaffrine,Koungheul,2024-01-01,26.04,36.01,17.88,0.0,28.36,2.64,5.4
DRS Kaffrine,Koungheul,2024-02-01,28.7,39.09,19.76,0.0,17.45,3.0,6.15
DRS Kaffrine,Koungheul,2024-03-01,30.84,40.75,21.9,0.0,22.77,2.91,6.6
DRS Kaffrine,Koungheul,2024-04-01,33.51,42.67,24.96,0.02,26.05,3.12,6.85
DRS Kaffrine,Koungheul,2024-05-01,34.37,42.92,26.01,1.0,31.76,3.14,6.85
DRS Kaffrine,Koungheul,2024-06-01,32.01,39.45,25.44,31.85,48.79,3.44,6.2
DRS Kaffrine,Koungheul,2024-07-01,28.63,33.02,25.16,173.31,77.33,2.92,4.95
DRS Kaffrine,Koungheul,2024-08-01,27.87,31.91,24.73,163.58,82.91,2.43,5.06
DRS Kaffrine,Koungheul,2024-09-01,27.3,31.04,24.38,251.55,85.11,1.89,4.92
DRS Kaffrine,Koungheul,2024-10-01,27.28,31.63,23.62,98.19,80.39,1.43,5.4
DRS Kaffrine,Koungheul,2024-11-01,26.47,34.5,20.39,0.0,60.41,1.8,5.69
DRS Kaffrine,Koungheul,2024-12-01,24.71,33.26,18.15,3.98,39.6,2.88,4.75
DRS Kaffrine,Malem Hodar,2021-01-01,25.41,35.16,17.68,0.0,30.22,3.46,5.47
DRS Kaffrine,Malem Hodar,2021-02-01,27.56,36.91,19.48,0.0,21.68,3.08,5.55
DRS Kaffrine,Malem Hodar,2021-03-01,29.79,39.32,21.24,0.01,23.36,3.17,6.73
DRS Kaffrine,Malem Hodar,2021-04-01,32.4,42.09,23.29,0.0,27.09,2.72,7.19
DRS Kaffrine,Malem Hodar,2021-05-01,32.53,41.49,24.04,0.0,30.44,3.2,6.78
DRS Kaffrine,Malem Hodar,2021-06-01,31.44,37.96,25.67,101.22,53.19,3.14,6.19
DRS Kaffrine,Malem Hodar,2021-07-01,28.49,33.29,24.65,122.25,73.51,2.63,6.31
DRS Kaffrine,Malem Hodar,2021-08-01,26.99,30.46,24.16,487.34,86.28,1.88,5.78
DRS Kaffrine,Malem Hodar,2021-09-01,26.98,30.35,24.02,276.57,87.08,1.5,5.87
DRS Kaffrine,Malem Hodar,2021-10-01,26.86,31.16,23.19,62.74,82.22,1.32,5.37
DRS Kaffrine,Malem Hodar,2021-11-01,26.21,31.9,21.1,1.6,70.17,1.46,5.4
DRS Kaffrine,Malem Hodar,2021-12-01,24.64,32.01,18.54,0.0,52.33,2.27,4.82
DRS Kaffrine,Malem Hodar,2022-01-01,24.83,33.96,17.36,0.0,34.39,2.85,5.25
DRS Kaffrine,Malem Hodar,2022-02-01,26.45,36.47,18.06,0.0,25.18,3.15,6.16
DRS Kaffrine,Malem Hodar,2022-03-01,29.43,39.19,20.81,0.0,21.03,3.21,6.5
DRS Kaffrine,Malem Hodar,2022-04-01,32.21,41.58,23.48,0.0,24.42,3.23,7.09
DRS Kaffrine,Malem Hodar,2022-05-01,32.64,41.0,24.63,21.33,34.42,2.93,6.95
DRS Kaffrine,Malem Hodar,2022-06-01,30.26,36.06,25.17,56.89,60.37,3.16,6.26
DRS Kaffrine,Malem Hodar,2022-07-01,28.4,32.88,24.87,180.69,75.51,2.67,5.83
DRS Kaffrine,Malem Hodar,2022-08-01,26.92,30.46,24.19,346.02,86.08,2.19,5.34
DRS Kaffrine,Malem Hodar,2022-09-01,26.66,29.87,23.9,257.91,87.97,1.6,5.6
DRS Kaffrine,Malem Hodar,2022-10-01,26.7,30.85,23.21,97.9,83.45,1.36,5.61
DRS Kaffrine,Malem Hodar,2022-11-01,24.27,30.96,18.63,0.01,64.12,1.67,5.27
DRS Kaffrine,Malem Hodar,2022-12-01,23.93,32.31,17.22,1.56,53.64,2.24,5.35
DRS Kaffrine,Malem Hodar,2023-01-01,24.05,33.33,16.76,0.0,35.99,3.01,5.27
DRS Kaffrine,Malem Hodar,2023-02-01,27.97,37.54,20.11,0.0,26.0,3.12,5.67
DRS Kaffrine,Malem Hodar,2023-03-01,30.38,40.29,21.35,0.0,25.1,2.61,6.81
DRS Kaffrine,Malem Hodar,2023-04-01,32.76,41.5,24.46,0.0,26.9,3.03,7.0
DRS Kaffrine,Malem Hodar,2023-05-01,33.53,40.89,26.49,2.11,35.9,2.89,6.48
DRS Kaffrine,Malem Hodar,2023-06-01,31.88,38.51,26.18,57.12,53.06,3.36,6.61
DRS Kaffrine,Malem Hodar,2023-07-01,28.97,33.29,25.47,185.07,75.67,2.26,6.09
DRS Kaffrine,Malem Hodar,2023-08-01,27.79,31.48,24.77,406.63,84.39,2.15,5.61
DRS Kaffrine,Malem Hodar,2023-09-01,27.37,30.64,24.53,151.44,86.36,1.54,5.81
DRS Kaffrine,Malem Hodar,2023-10-01,27.41,31.32,24.06,57.03,82.79,1.29,5.5
DRS Kaffrine,Malem Hodar,2023-11-01,26.22,34.02,19.23,0.51,56.29,1.62,5.69
DRS Kaffrine,Malem Hodar,2023-12-01,24.68,33.9,17.01,0.0,34.91,2.4,5.19
DRS Kaffrine,Malem Hodar,2024-01-01,26.04,36.01,17.88,0.0,28.36,2.64,5.27
DRS Kaffrine,Malem Hodar,2024-02-01,28.7,39.09,19.76,0.0,17.45,3.0,6.07
DRS Kaffrine,Malem Hodar,2024-03-01,30.84,40.75,21.9,0.0,22.77,2.91,6.53
DRS Kaffrine,Malem Hodar,2024-04-01,33.51,42.67,24.96,0.02,26.05,3.12,6.85
DRS Kaffrine,Malem Hodar,2024-05-01,34.37,42.92,26.01,1.0,31.76,3.14,6.87
DRS Kaffrine,Malem Hodar,2024-06-01,32.01,39.45,25.44,31.85,48.79,3.44,6.45
DRS Kaffrine,Malem Hodar,2024-07-01,28.63,33.02,25.16,173.31,77.33,2.92,5.6
DRS Kaffrine,Malem Hodar,2024-08-01,27.87,31.91,24.73,163.58,82.91,2.43,5.45
DRS Kaffrine,Malem Hodar,2024-09-01,27.3,31.04,24.38,251.55,85.11,1.89,4.92
DRS Kaffrine,Malem Hodar,2024-10-01,27.28,31.63,23.62,98.19,80.39,1.43,5.6
DRS Kaffrine,Malem Hodar,2024-11-01,26.47,34.5,20.39,0.0,60.41,1.8,5.65
DRS Kaffrine,Malem Hodar,2024-12-01,24.71,33.26,18.15,3.98,39.6,2.88,4.52
DRS Kaolack,Guinguineo,2021-01-01,24.26,33.75,17.11,0.0,31.98,3.59,5.47
DRS Kaolack,Guinguineo,2021-02-01,26.08,36.14,18.25,0.0,26.06,3.37,5.55
DRS Kaolack,Guinguineo,2021-03-01,27.03,37.96,18.58,6.48,37.19,3.78,6.73
DRS Kaolack,Guinguineo,2021-04-01,29.18,40.98,20.15,0.0,40.41,3.76,7.19
DRS Kaolack,Guinguineo,2021-05-01,29.22,40.09,20.78,0.32,45.3,3.97,6.78
DRS Kaolack,Guinguineo,2021-06-01,30.32,38.04,24.09,49.78,55.32,3.36,6.19
DRS Kaolack,Guinguineo,2021-07-01,29.65,35.84,24.81,39.09,62.25,3.08,6.31
DRS Kaolack,Guinguineo,2021-08-01,27.51,31.49,24.44,320.9,82.49,1.95,5.78
DRS Kaolack,Guinguineo,2021-09-01,27.55,31.47,24.37,193.98,83.86,1.51,5.87
DRS Kaolack,Guinguineo,2021-10-01,27.95,33.55,23.71,41.13,74.17,1.54,5.37
DRS Kaolack,Guinguineo,2021-11-01,27.67,34.98,21.85,2.96,56.83,1.84,5.4
DRS Kaolack,Guinguineo,2021-12-01,26.03,34.1,19.64,0.06,39.11,2.59,4.82
DRS Kaolack,Guinguineo,2022-01-01,25.59,34.64,18.45,0.0,31.91,3.17,5.25
DRS Kaolack,Guinguineo,2022-02-01,26.06,36.21,18.12,0.0,27.18,3.75,6.16
DRS Kaolack,Guinguineo,2022-03-01,27.15,38.16,18.39,0.0,32.6,3.94,6.5
DRS Kaolack,Guinguineo,2022-04-01,29.37,40.56,20.45,0.0,37.59,4.17,7.09
DRS Kaolack,Guinguineo,2022-05-01,30.54,40.56,22.37,18.19,44.7,3.43,6.95
DRS Kaolack,Guinguineo,2022-06-01,29.93,36.94,24.49,65.5,60.2,3.48,6.26
DRS Kaolack,Guinguineo,2022-07-01,29.1,34.26,25.0,155.53,69.19,3.01,5.83
DRS Kaolack,Guinguineo,2022-08-01,27.43,31.27,24.48,260.68,82.88,2.21,5.34
DRS Kaolack,Guinguineo,2022-09-01,27.15,30.83,24.26,257.51,85.96,1.67,5.6
DRS Kaolack,Guinguineo,2022-10-01,27.25,31.96,23.56,84.65,79.98,1.35,5.61
DRS Kaolack,Guinguineo,2022-11-01,25.32,33.31,19.02,0.0,54.49,1.8,5.27
DRS Kaolack,Guinguineo,2022-12-01,24.3,33.26,17.38,5.09,48.3,2.44,5.35
DRS Kaolack,Guinguineo,2023-01-01,24.09,33.23,17.12,0.02,36.02,3.15,5.27
DRS Kaolack,Guinguineo,2023-02-01,26.31,36.26,18.68,0.0,33.31,3.68,5.67
DRS Kaolack,Guinguineo,2023-03-01,29.19,39.9,20.52,0.0,32.7,3.1,6.81
DRS Kaolack,Guinguineo,2023-04-01,30.27,40.44,22.18,0.0,38.88,3.85,7.0
DRS Kaolack,Guinguineo,2023-05-01,31.73,40.79,24.26,0.16,42.62,3.63,6.48
DRS Kaolack,Guinguineo,2023-06-01,31.45,39.48,25.15,15.45,52.96,3.86,6.61
DRS Kaolack,Guinguineo,2023-07-01,29.38,34.21,25.65,146.3,71.98,2.43,6.09
DRS Kaolack,Guinguineo,2023-08-01,28.25,32.37,25.08,310.63,81.38,2.36,5.61
DRS Kaolack,Guinguineo,2023-09-01,27.52,31.02,24.74,183.96,85.86,1.52,5.81
DRS Kaolack,Guinguineo,2023-10-01,27.92,32.43,24.37,31.09,79.23,1.3,5.5
DRS Kaolack,Guinguineo,2023-11-01,26.45,35.54,19.27,0.15,51.56,1.9,5.69
DRS Kaolack,Guinguineo,2023-12-01,24.63,34.2,17.13,0.0,34.14,2.59,5.19
DRS Kaolack,Guinguineo,2024-01-01,25.14,35.26,17.39,0.0,33.48,2.71,5.27
DRS Kaolack,Guinguineo,2024-02-01,27.58,38.42,18.98,0.0,24.94,3.21,6.07
DRS Kaolack,Guinguineo,2024-03-01,27.96,39.45,19.22,0.0,39.16,3.69,6.53
DRS Kaolack,Guinguineo,2024-04-01,30.74,41.87,21.86,0.12,37.7,3.77,6.85
DRS Kaolack,Guinguineo,2024-05-01,31.87,42.26,23.43,0.35,41.7,3.72,6.87
DRS Kaolack,Guinguineo,2024-06-01,29.25,37.1,23.18,100.19,60.99,3.52,6.45
DRS Kaolack,Guinguineo,2024-07-01,28.75,33.66,24.94,118.37,74.29,2.98,5.6
DRS Kaolack,Guinguineo,2024-08-01,28.29,32.56,25.06,146.35,79.53,2.49,5.45
DRS Kaolack,Guinguineo,2024-09-01,27.86,31.92,24.69,235.44,81.24,2.0,4.92
DRS Kaolack,Guinguineo,2024-10-01,28.03,33.29,23.93,82.48,75.2,1.56,5.6
DRS Kaolack,Guinguineo,2024-11-01,27.79,36.31,20.97,0.0,51.9,1.86,5.65
DRS Kaolack,Guinguineo,2024-12-01,24.94,33.26,18.62,0.65,35.67,2.89,4.52
DRS Kaolack,Kaolack,2021-01-01,23.92,33.02,16.68,0.0,39.02,3.06,5.45
DRS Kaolack,Kaolack,2021-02-01,25.97,35.53,18.18,0.0,31.46,2.85,5.52
DRS Kaolack,Kaolack,2021-03-01,27.13,37.42,18.95,2.76,39.4,3.29,6.91
DRS Kaolack,Kaolack,2021-04-01,29.15,40.06,20.64,0.0,43.69,3.09,7.27
DRS Kaolack,Kaolack,2021-05-01,28.97,38.89,21.4,0.56,48.23,3.51,6.85
DRS Kaolack,Kaolack,2021-06-01,29.45,36.09,24.42,74.38,62.07,3.08,6.24
DRS Kaolack,Kaolack,2021-07-01,28.38,33.05,24.91,85.68,72.79,2.62,6.31
DRS Kaolack,Kaolack,2021-08-01,27.1,30.36,24.65,345.45,85.74,1.97,5.61
DRS Kaolack,Kaolack,2021-09-01,27.32,30.65,24.62,245.94,85.84,1.45,5.91
DRS Kaolack,Kaolack,2021-10-01,27.31,31.59,23.93,69.27,80.57,1.44,5.47
DRS Kaolack,Kaolack,2021-11-01,26.62,32.4,21.73,3.02,68.58,1.58,5.43
DRS Kaolack,Kaolack,2021-12-01,25.1,32.2,19.03,0.01,50.94,2.21,4.73
DRS Kaolack,Kaolack,2022-01-01,24.62,33.13,17.75,0.0,42.16,2.69,5.17
DRS Kaolack,Kaolack,2022-02-01,25.53,35.23,17.65,0.0,34.06,3.21,6.15
DRS Kaolack,Kaolack,2022-03-01,27.11,37.41,18.79,0.0,35.02,3.36,6.56
DRS Kaolack,Kaolack,2022-04-01,29.33,39.66,20.99,0.0,39.55,3.47,7.06
DRS Kaolack,Kaolack,2022-05-01,29.7,38.87,22.54,41.49,51.12,3.09,6.83
DRS Kaolack,Kaolack,2022-06-01,28.76,34.52,24.48,77.02,69.0,3.03,6.21
DRS Kaolack,Kaolack,2022-07-01,28.05,32.08,25.01,183.71,77.26,2.66,5.83
DRS Kaolack,Kaolack,2022-08-01,26.98,30.13,24.67,324.63,86.71,2.18,4.88
DRS Kaolack,Kaolack,2022-09-01,26.96,30.12,24.48,284.48,87.18,1.72,5.53
DRS Kaolack,Kaolack,2022-10-01,27.17,31.13,23.92,122.86,82.14,1.34,5.66
DRS Kaolack,Kaolack,2022-11-01,24.8,31.56,19.23,0.0,63.62,1.67,5.28
DRS Kaolack,Kaolack,2022-12-01,23.57,31.37,17.1,2.54,58.97,2.12,5.44
DRS Kaolack,Kaolack,2023-01-01,22.96,31.3,16.29,0.0,47.59,2.68,5.16
DRS Kaolack,Kaolack,2023-02-01,25.59,34.93,18.29,0.0,40.77,2.94,5.66
DRS Kaolack,Kaolack,2023-03-01,28.14,38.54,20.04,0.0,42.18,2.64,6.84
DRS Kaolack,Kaolack,2023-04-01,29.97,39.45,22.48,0.0,42.74,3.3,7.05
DRS Kaolack,Kaolack,2023-05-01,31.03,39.22,24.5,0.41,48.27,3.15,6.63
DRS Kaolack,Kaolack,2023-06-01,30.31,37.07,25.28,33.53,60.7,3.47,6.62
DRS Kaolack,Kaolack,2023-07-01,28.6,32.52,25.71,201.25,78.47,2.19,5.97
DRS Kaolack,Kaolack,2023-08-01,27.7,30.98,25.27,355.73,85.81,2.21,5.46
DRS Kaolack,Kaolack,2023-09-01,27.53,30.51,25.14,191.46,86.41,1.51,5.59
DRS Kaolack,Kaolack,2023-10-01,27.76,31.44,24.83,50.31,82.51,1.31,5.59
DRS Kaolack,Kaolack,2023-11-01,25.92,33.2,19.57,0.4,61.32,1.67,5.68
DRS Kaolack,Kaolack,2023-12-01,23.64,31.8,16.65,0.0,45.16,2.19,5.24
DRS Kaolack,Kaolack,2024-01-01,24.36,33.58,16.8,0.0,43.74,2.35,5.32
DRS Kaolack,Kaolack,2024-02-01,26.89,37.24,18.37,0.0,33.71,2.71,5.99
DRS Kaolack,Kaolack,2024-03-01,27.92,38.65,19.54,0.0,41.4,3.2,6.6
DRS Kaolack,Kaolack,2024-04-01,30.44,40.7,22.3,0.27,41.32,3.21,6.9
DRS Kaolack,Kaolack,2024-05-01,31.18,40.65,23.91,1.16,47.42,3.38,6.74
DRS Kaolack,Kaolack,2024-06-01,28.84,35.61,23.75,78.68,65.16,3.24,6.48
DRS Kaolack,Kaolack,2024-07-01,27.97,31.74,25.16,171.29,81.07,2.73,5.53
DRS Kaolack,Kaolack,2024-08-01,27.63,31.03,25.21,247.13,84.97,2.34,5.24
DRS Kaolack,Kaolack,2024-09-01,27.49,30.82,24.96,259.72,85.26,1.91,4.77
DRS Kaolack,Kaolack,2024-10-01,27.48,31.56,24.24,110.3,81.19,1.47,5.55
DRS Kaolack,Kaolack,2024-11-01,26.88,33.92,21.05,0.0,64.02,1.61,5.64
DRS Kaolack,Kaolack,2024-12-01,23.76,31.48,17.71,2.16,48.09,2.43,4.49
DRS Kaolack,Ndoffane,2021-01-01,24.3,34.03,16.72,0.0,35.76,3.19,5.58
DRS Kaolack,Ndoffane,2021-02-01,26.48,36.29,18.27,0.0,27.04,2.86,5.39
DRS Kaolack,Ndoffane,2021-03-01,28.42,38.59,19.77,0.06,29.99,3.15,6.73
DRS Kaolack,Ndoffane,2021-04-01,30.9,41.37,21.72,0.0,33.36,2.83,7.05
DRS Kaolack,Ndoffane,2021-05-01,30.91,40.69,22.43,0.0,37.44,3.33,6.58
DRS Kaolack,Ndoffane,2021-06-01,30.54,37.45,24.77,93.01,56.91,3.05,5.87
DRS Kaolack,Ndoffane,2021-07-01,28.34,33.3,24.46,101.26,73.56,2.53,5.91
DRS Kaolack,Ndoffane,2021-08-01,26.96,30.51,24.16,440.65,86.2,1.86,5.37
DRS Kaolack,Ndoffane,2021-09-01,27.07,30.62,24.04,248.97,86.4,1.44,5.68
DRS Kaolack,Ndoffane,2021-10-01,26.91,31.38,23.2,59.3,81.85,1.33,5.09
DRS Kaolack,Ndoffane,2021-11-01,26.16,31.86,21.06,0.94,69.7,1.44,5.36
DRS Kaolack,Ndoffane,2021-12-01,24.56,31.85,18.43,0.0,52.53,2.19,5.01
DRS Kaolack,Ndoffane,2022-01-01,24.33,33.37,17.08,0.0,39.46,2.71,5.41
DRS Kaolack,Ndoffane,2022-02-01,25.7,35.81,17.35,0.0,29.95,3.09,6.17
DRS Kaolack,Ndoffane,2022-03-01,28.1,38.35,19.43,0.0,27.07,3.16,6.45
DRS Kaolack,Ndoffane,2022-04-01,30.75,40.86,21.94,0.0,30.68,3.28,6.93
DRS Kaolack,Ndoffane,2022-05-01,31.32,40.35,23.27,33.3,41.33,2.99,6.67
DRS Kaolack,Ndoffane,2022-06-01,29.45,35.62,24.52,57.06,64.72,3.08,5.91
DRS Kaolack,Ndoffane,2022-07-01,28.18,32.72,24.69,218.67,76.48,2.63,5.29
DRS Kaolack,Ndoffane,2022-08-01,26.85,30.37,24.19,340.57,86.73,2.12,4.68
DRS Kaolack,Ndoffane,2022-09-01,26.72,30.1,23.94,279.37,87.81,1.6,5.33
DRS Kaolack,Ndoffane,2022-10-01,26.82,31.14,23.31,108.92,82.93,1.32,5.48
DRS Kaolack,Ndoffane,2022-11-01,24.36,31.27,18.62,0.0,64.25,1.59,5.29
DRS Kaolack,Ndoffane,2022-12-01,23.47,31.67,16.83,2.11,57.11,2.1,5.27
DRS Kaolack,Ndoffane,2023-01-01,23.07,32.08,16.0,0.0,43.52,2.74,5.41
DRS Kaolack,Ndoffane,2023-02-01,26.33,36.04,18.61,0.0,33.88,2.93,5.76
DRS Kaolack,Ndoffane,2023-03-01,29.12,39.51,20.3,0.0,32.72,2.54,6.9
DRS Kaolack,Ndoffane,2023-04-01,31.36,40.73,23.17,0.0,33.88,3.07,6.95
DRS Kaolack,Ndoffane,2023-05-01,32.42,40.39,25.34,1.12,40.55,2.88,6.26
DRS Kaolack,Ndoffane,2023-06-01,31.24,38.34,25.48,46.1,55.61,3.36,6.2
DRS Kaolack,Ndoffane,2023-07-01,28.66,33.02,25.31,204.96,77.54,2.16,5.79
DRS Kaolack,Ndoffane,2023-08-01,27.62,31.25,24.75,440.1,85.62,2.15,5.27
DRS Kaolack,Ndoffane,2023-09-01,27.3,30.61,24.55,169.48,86.8,1.48,5.42
DRS Kaolack,Ndoffane,2023-10-01,27.32,31.22,24.03,44.28,83.61,1.23,5.54
DRS Kaolack,Ndoffane,2023-11-01,25.57,32.99,18.88,0.32,60.41,1.55,5.71
DRS Kaolack,Ndoffane,2023-12-01,23.62,32.3,16.21,0.0,42.43,2.17,5.22
DRS Kaolack,Ndoffane,2024-01-01,24.59,34.46,16.56,0.0,38.5,2.37,5.33
DRS Kaolack,Ndoffane,2024-02-01,27.36,38.12,18.37,0.0,26.1,2.75,6.16
DRS Kaolack,Ndoffane,2024-03-01,29.24,39.8,20.24,0.0,30.65,2.92,6.56
DRS Kaolack,Ndoffane,2024-04-01,32.06,41.99,23.4,0.04,32.24,3.07,6.82
DRS Kaolack,Ndoffane,2024-05-01,32.95,42.28,24.68,0.9,37.79,3.2,6.8
DRS Kaolack,Ndoffane,2024-06-01,30.48,38.13,24.25,40.18,56.2,3.41,6.24
DRS Kaolack,Ndoffane,2024-07-01,28.21,32.5,24.89,188.95,79.54,2.8,4.85
DRS Kaolack,Ndoffane,2024-08-01,27.62,31.54,24.68,196.86,84.43,2.29,5.03
DRS Kaolack,Ndoffane,2024-09-01,27.27,31.03,24.33,257.31,85.5,1.89,4.86
DRS Kaolack,Ndoffane,2024-10-01,27.2,31.61,23.6,121.7,81.06,1.42,5.38
DRS Kaolack,Ndoffane,2024-11-01,26.42,34.23,20.41,0.0,62.68,1.62,5.64
DRS Kaolack,Ndoffane,2024-12-01,23.95,32.4,17.57,3.28,44.85,2.57,4.69
DRS Kaolack,Nioro,2021-01-01,23.27,32.2,15.73,0.0,46.68,2.72,5.58
DRS Kaolack,Nioro,2021-02-01,25.12,34.36,17.35,0.0,39.12,2.46,5.39
DRS Kaolack,Nioro,2021-03-01,27.45,37.6,18.99,0.16,38.92,2.78,6.73
DRS Kaolack,Nioro,2021-04-01,30.51,40.85,21.58,0.0,38.82,2.78,7.05
DRS Kaolack,Nioro,2021-05-01,30.73,40.26,22.57,0.06,40.77,3.21,6.58
DRS Kaolack,Nioro,2021-06-01,29.64,35.88,24.48,125.09,64.13,2.68,5.87
DRS Kaolack,Nioro,2021-07-01,27.42,31.5,24.2,187.63,81.75,2.12,5.91
DRS Kaolack,Nioro,2021-08-01,26.68,30.02,24.08,458.09,87.86,1.86,5.37
DRS Kaolack,Nioro,2021-09-01,26.94,30.36,24.04,311.12,87.31,1.4,5.68
DRS Kaolack,Nioro,2021-10-01,26.84,30.84,23.46,85.29,83.68,1.29,5.09
DRS Kaolack,Nioro,2021-11-01,26.34,31.62,21.5,3.22,73.41,1.38,5.36
DRS Kaolack,Nioro,2021-12-01,24.24,30.94,18.28,0.0,59.44,2.07,5.01
DRS Kaolack,Nioro,2022-01-01,23.44,31.69,16.21,0.0,49.9,2.41,5.41
DRS Kaolack,Nioro,2022-02-01,24.41,33.94,16.4,0.0,41.24,2.72,6.17
DRS Kaolack,Nioro,2022-03-01,27.39,37.51,18.78,0.0,34.5,2.79,6.45
DRS Kaolack,Nioro,2022-04-01,30.4,40.46,21.62,0.0,35.67,3.11,6.93
DRS Kaolack,Nioro,2022-05-01,30.85,39.6,23.18,61.26,46.36,2.92,6.67
DRS Kaolack,Nioro,2022-06-01,28.54,33.98,24.21,84.19,72.12,2.55,5.91
DRS Kaolack,Nioro,2022-07-01,27.34,31.18,24.44,280.9,83.24,2.38,5.29
DRS Kaolack,Nioro,2022-08-01,26.61,29.89,24.18,364.81,88.64,2.16,4.68
DRS Kaolack,Nioro,2022-09-01,26.63,29.96,23.97,302.52,88.33,1.62,5.33
DRS Kaolack,Nioro,2022-10-01,26.75,30.72,23.35,138.69,84.04,1.28,5.48
DRS Kaolack,Nioro,2022-11-01,24.46,30.7,19.18,0.0,67.37,1.52,5.29
DRS Kaolack,Nioro,2022-12-01,23.32,30.8,16.95,2.48,63.6,1.97,5.27
DRS Kaolack,Nioro,2023-01-01,22.3,30.54,15.35,0.0,53.11,2.49,5.41
DRS Kaolack,Nioro,2023-02-01,25.01,34.3,17.51,0.0,45.69,2.44,5.76
DRS Kaolack,Nioro,2023-03-01,27.82,38.0,19.31,0.01,45.04,2.26,6.9
DRS Kaolack,Nioro,2023-04-01,31.08,40.41,22.85,0.0,39.03,2.85,6.95
DRS Kaolack,Nioro,2023-05-01,31.98,39.68,25.3,1.79,45.2,2.75,6.26
DRS Kaolack,Nioro,2023-06-01,30.14,36.41,25.11,99.91,64.25,2.98,6.2
DRS Kaolack,Nioro,2023-07-01,28.01,31.8,25.07,242.09,82.95,2.0,5.79
DRS Kaolack,Nioro,2023-08-01,27.39,30.72,24.81,417.52,87.84,2.03,5.27
DRS Kaolack,Nioro,2023-09-01,27.3,30.53,24.63,206.08,87.48,1.49,5.42
DRS Kaolack,Nioro,2023-10-01,27.3,30.89,24.32,72.29,85.4,1.23,5.54
DRS Kaolack,Nioro,2023-11-01,25.76,32.32,19.54,1.05,65.34,1.47,5.71
DRS Kaolack,Nioro,2023-12-01,23.26,30.92,16.39,0.0,51.02,1.97,5.22
DRS Kaolack,Nioro,2024-01-01,24.13,33.29,16.38,0.0,47.39,2.13,5.33
DRS Kaolack,Nioro,2024-02-01,26.49,36.73,17.87,0.0,37.44,2.43,6.16
DRS Kaolack,Nioro,2024-03-01,29.04,39.56,20.2,0.0,35.43,2.7,6.56
DRS Kaolack,Nioro,2024-04-01,31.81,41.67,23.27,0.04,36.23,2.97,6.82
DRS Kaolack,Nioro,2024-05-01,32.55,41.65,24.67,7.73,42.75,3.15,6.8
DRS Kaolack,Nioro,2024-06-01,29.51,36.3,24.1,71.79,64.17,2.98,6.24
DRS Kaolack,Nioro,2024-07-01,27.63,31.41,24.78,320.47,84.45,2.6,4.85
DRS Kaolack,Nioro,2024-08-01,27.28,30.96,24.54,264.5,86.93,2.19,5.03
DRS Kaolack,Nioro,2024-09-01,27.02,30.49,24.36,297.77,87.66,1.83,4.86
DRS Kaolack,Nioro,2024-10-01,27.05,30.97,23.69,164.89,83.41,1.34,5.38
DRS Kaolack,Nioro,2024-11-01,26.15,32.88,20.55,0.0,69.16,1.49,5.64
DRS Kaolack,Nioro,2024-12-01,22.96,30.66,16.77,2.24,56.49,2.35,4.69
DRS Kedougou,Kedougou,2021-01-01,27.15,37.5,18.18,0.0,23.46,2.48,5.81
DRS Kedougou,Kedougou,2021-02-01,29.46,38.55,21.28,0.0,19.73,2.21,5.92
DRS Kedougou,Kedougou,2021-03-01,31.99,40.47,23.6,0.0,19.65,2.27,6.79
DRS Kedougou,Kedougou,2021-04-01,34.25,42.07,26.5,0.44,24.32,2.62,7.06
DRS Kedougou,Kedougou,2021-05-01,33.24,40.15,26.78,67.25,40.72,2.39,6.22
DRS Kedougou,Kedougou,2021-06-01,28.51,32.84,24.54,490.39,73.93,1.82,5.69
DRS Kedougou,Kedougou,2021-07-01,25.75,28.75,23.12,589.28,88.86,1.78,5.18
DRS Kedougou,Kedougou,2021-08-01,25.39,28.41,22.8,883.7,90.05,1.62,4.93
DRS Kedougou,Kedougou,2021-09-01,25.96,29.37,22.71,323.82,87.24,1.25,5.54
DRS Kedougou,Kedougou,2021-10-01,26.46,30.22,23.04,184.29,84.41,1.09,4.92
DRS Kedougou,Kedougou,2021-11-01,25.42,30.32,20.95,5.63,72.8,1.22,5.52
DRS Kedougou,Kedougou,2021-12-01,24.53,32.61,18.4,0.01,53.27,1.82,5.17
DRS Kedougou,Kedougou,2022-01-01,25.58,35.27,17.66,0.0,32.26,2.36,5.74
DRS Kedougou,Kedougou,2022-02-01,28.52,38.58,19.77,0.0,18.35,2.34,6.24
DRS Kedougou,Kedougou,2022-03-01,31.99,40.34,24.02,0.02,18.53,2.2,6.52
DRS Kedougou,Kedougou,2022-04-01,34.1,41.99,26.14,0.98,22.66,2.54,6.89
DRS Kedougou,Kedougou,2022-05-01,33.23,40.04,26.85,75.46,39.33,2.45,6.21
DRS Kedougou,Kedougou,2022-06-01,28.25,32.95,24.14,293.25,73.5,1.85,5.63
DRS Kedougou,Kedougou,2022-07-01,25.87,29.24,23.01,259.34,86.94,1.84,5.05
DRS Kedougou,Kedougou,2022-08-01,25.21,28.44,22.37,699.67,89.66,1.75,4.79
DRS Kedougou,Kedougou,2022-09-01,25.58,28.83,22.56,485.53,88.08,1.31,4.99
DRS Kedougou,Kedougou,2022-10-01,25.83,29.76,22.27,155.75,83.49,1.24,5.39
DRS Kedougou,Kedougou,2022-11-01,24.59,30.23,19.51,2.23,65.77,1.18,5.43
DRS Kedougou,Kedougou,2022-12-01,24.96,32.89,18.67,1.72,50.8,1.66,5.08
DRS Kedougou,Kedougou,2023-01-01,26.19,36.2,17.68,0.0,28.57,2.19,5.73
DRS Kedougou,Kedougou,2023-02-01,30.43,39.65,22.11,0.0,20.37,2.15,5.73
DRS Kedougou,Kedougou,2023-03-01,32.28,40.83,23.72,2.37,20.92,2.35,6.87
DRS Kedougou,Kedougou,2023-04-01,32.96,41.16,25.01,17.1,28.1,2.5,6.96
DRS Kedougou,Kedougou,2023-05-01,31.01,37.31,25.73,121.18,55.45,2.35,5.76
DRS Kedougou,Kedougou,2023-06-01,28.29,33.02,24.34,226.41,74.73,2.32,5.73
DRS Kedougou,Kedougou,2023-07-01,26.82,30.29,23.62,258.41,85.11,1.42,5.43
DRS Kedougou,Kedougou,2023-08-01,26.27,29.74,23.21,203.84,87.38,1.64,5.26
DRS Kedougou,Kedougou,2023-09-01,26.6,30.1,23.37,263.29,86.15,1.26,5.36
DRS Kedougou,Kedougou,2023-10-01,26.46,30.38,23.04,157.66,83.64,1.16,5.12
DRS Kedougou,Kedougou,2023-11-01,25.9,32.49,20.59,3.04,65.66,1.31,5.6
DRS Kedougou,Kedougou,2023-12-01,25.4,34.71,18.26,0.0,37.63,1.81,5.34
DRS Kedougou,Kedougou,2024-01-01,27.64,37.52,19.34,0.0,20.89,2.01,5.43
DRS Kedougou,Kedougou,2024-02-01,29.65,39.7,20.74,0.0,13.69,2.25,6.19
DRS Kedougou,Kedougou,2024-03-01,32.88,41.78,24.27,0.0,18.03,2.16,6.5
DRS Kedougou,Kedougou,2024-04-01,34.99,42.75,27.61,6.75,25.67,2.7,6.87
DRS Kedougou,Kedougou,2024-05-01,33.9,40.86,27.21,72.94,44.44,2.5,6.55
DRS Kedougou,Kedougou,2024-06-01,28.11,32.5,24.36,1078.62,77.48,1.94,5.66
DRS Kedougou,Kedougou,2024-07-01,26.19,29.64,23.34,478.78,88.04,2.05,4.74
DRS Kedougou,Kedougou,2024-08-01,25.71,28.71,23.14,638.28,90.55,2.0,4.69
DRS Kedougou,Kedougou,2024-09-01,25.63,28.83,22.84,589.76,89.29,1.62,4.79
DRS Kedougou,Kedougou,2024-10-01,26.13,30.03,22.62,211.37,84.27,1.24,4.95
DRS Kedougou,Kedougou,2024-11-01,24.53,31.53,18.8,2.33,69.6,1.55,5.77
DRS Kedougou,Kedougou,2024-12-01,23.79,33.33,16.65,0.04,51.39,2.3,5.11
DRS Kedougou,Salemata,2021-01-01,28.55,38.77,19.72,0.0,22.4,2.84,5.81
DRS Kedougou,Salemata,2021-02-01,30.26,39.57,22.06,0.0,20.7,2.43,5.92
DRS Kedougou,Salemata,2021-03-01,32.29,41.2,23.71,0.0,22.52,2.43,6.79
DRS Kedougou,Salemata,2021-04-01,33.93,42.15,25.91,0.05,29.67,2.64,7.06
DRS Kedougou,Salemata,2021-05-01,33.35,41.0,26.3,46.75,39.35,2.61,6.22
DRS Kedougou,Salemata,2021-06-01,29.25,33.93,25.1,309.84,71.76,1.93,5.69
DRS Kedougou,Salemata,2021-07-01,26.18,29.2,23.69,636.78,89.41,1.98,5.18
DRS Kedougou,Salemata,2021-08-01,25.73,28.58,23.33,937.56,91.3,1.86,4.93
DRS Kedougou,Salemata,2021-09-01,26.34,29.62,23.3,351.26,88.89,1.4,5.54
DRS Kedougou,Salemata,2021-10-01,26.65,30.45,23.41,161.51,86.19,1.08,4.92
DRS Kedougou,Salemata,2021-11-01,25.89,30.94,21.3,10.33,76.32,1.19,5.52
DRS Kedougou,Salemata,2021-12-01,25.18,33.47,19.23,0.01,56.71,1.91,5.17
DRS Kedougou,Salemata,2022-01-01,27.27,37.1,19.24,0.0,30.68,2.48,5.74
DRS Kedougou,Salemata,2022-02-01,29.51,39.7,20.77,0.0,20.11,2.67,6.24
DRS Kedougou,Salemata,2022-03-01,32.14,41.03,23.47,0.01,19.67,2.36,6.52
DRS Kedougou,Salemata,2022-04-01,33.98,42.43,25.52,0.56,26.01,2.57,6.89
DRS Kedougou,Salemata,2022-05-01,33.34,40.59,26.55,66.25,40.45,2.58,6.21
DRS Kedougou,Salemata,2022-06-01,27.93,32.3,24.25,309.92,78.34,1.99,5.63
DRS Kedougou,Salemata,2022-07-01,26.25,29.52,23.56,328.42,88.73,2.16,5.05
DRS Kedougou,Salemata,2022-08-01,25.64,28.7,23.12,839.81,91.19,2.19,4.79
DRS Kedougou,Salemata,2022-09-01,25.86,28.88,23.23,447.86,90.1,1.5,4.99
DRS Kedougou,Salemata,2022-10-01,26.5,30.48,22.92,164.22,84.29,1.12,5.39
DRS Kedougou,Salemata,2022-11-01,24.95,31.14,19.92,4.58,70.58,1.23,5.43
DRS Kedougou,Salemata,2022-12-01,25.16,33.6,18.74,2.15,55.99,1.64,5.08
DRS Kedougou,Salemata,2023-01-01,26.98,37.35,18.41,0.0,30.46,2.49,5.73
DRS Kedougou,Salemata,2023-02-01,30.79,40.28,22.16,0.0,23.06,2.12,5.73
DRS Kedougou,Salemata,2023-03-01,32.35,41.52,23.5,1.09,26.01,2.37,6.87
DRS Kedougou,Salemata,2023-04-01,33.85,42.07,25.99,6.13,29.7,2.48,6.96
DRS Kedougou,Salemata,2023-05-01,31.35,37.65,26.1,85.32,55.66,2.65,5.76
DRS Kedougou,Salemata,2023-06-01,28.44,33.19,24.72,247.06,77.37,2.43,5.73
DRS Kedougou,Salemata,2023-07-01,27.18,30.57,24.21,276.0,86.86,1.69,5.43
DRS Kedougou,Salemata,2023-08-01,26.7,29.97,23.82,301.59,88.82,1.72,5.26
DRS Kedougou,Salemata,2023-09-01,26.94,30.24,23.95,281.7,87.94,1.39,5.36
DRS Kedougou,Salemata,2023-10-01,26.77,30.25,23.67,176.07,86.68,1.1,5.12
DRS Kedougou,Salemata,2023-11-01,25.83,31.82,20.65,8.88,72.15,1.1,5.6
DRS Kedougou,Salemata,2023-12-01,25.64,34.58,18.33,0.0,47.52,1.54,5.34
DRS Kedougou,Salemata,2024-01-01,27.93,37.9,19.66,0.0,30.14,2.02,5.43
DRS Kedougou,Salemata,2024-02-01,30.88,40.95,21.82,0.0,17.23,2.24,6.19
DRS Kedougou,Salemata,2024-03-01,33.15,42.5,24.13,0.0,21.46,2.16,6.5
DRS Kedougou,Salemata,2024-04-01,35.01,43.34,26.88,0.53,27.01,2.78,6.87
DRS Kedougou,Salemata,2024-05-01,34.36,41.84,27.46,53.72,42.84,2.86,6.55
DRS Kedougou,Salemata,2024-06-01,28.03,32.08,24.56,1156.97,80.44,2.03,5.66
DRS Kedougou,Salemata,2024-07-01,26.59,29.75,24.07,508.09,89.69,2.28,4.74
DRS Kedougou,Salemata,2024-08-01,26.21,29.18,23.82,623.35,91.42,2.29,4.69
DRS Kedougou,Salemata,2024-09-01,26.15,29.27,23.51,627.09,90.33,1.82,4.79
DRS Kedougou,Salemata,2024-10-01,26.72,30.65,23.31,228.24,85.2,1.21,4.95
DRS Kedougou,Salemata,2024-11-01,25.59,32.36,20.02,3.07,70.58,1.37,5.77
DRS Kedougou,Salemata,2024-12-01,24.85,34.57,17.64,0.06,51.7,2.41,5.11
DRS Kedougou,Saraya,2021-01-01,26.99,37.51,17.86,0.0,25.15,2.99,6.07
DRS Kedougou,Saraya,2021-02-01,29.54,38.87,21.01,0.0,17.74,2.53,5.97
DRS Kedougou,Saraya,2021-03-01,32.35,41.01,23.74,0.0,18.19,2.62,6.78
DRS Kedougou,Saraya,2021-04-01,34.68,42.72,26.58,0.0,21.33,2.6,7.07
DRS Kedougou,Saraya,2021-05-01,34.62,41.62,27.84,21.74,33.41,2.6,6.17
DRS Kedougou,Saraya,2021-06-01,29.74,34.28,25.59,383.69,68.84,2.18,5.84
DRS Kedougou,Saraya,2021-07-01,26.25,29.28,23.62,547.7,88.62,1.99,5.24
DRS Kedougou,Saraya,2021-08-01,25.78,28.73,23.23,638.04,90.51,1.73,5.04
DRS Kedougou,Saraya,2021-09-01,26.45,29.73,23.32,277.99,87.54,1.26,5.61
DRS Kedougou,Saraya,2021-10-01,26.67,30.36,23.28,169.26,85.02,1.14,5.17
DRS Kedougou,Saraya,2021-11-01,25.48,30.49,20.57,5.37,73.3,1.23,5.71
DRS Kedougou,Saraya,2021-12-01,23.88,32.16,17.29,0.0,55.6,2.07,5.34
DRS Kedougou,Saraya,2022-01-01,25.2,35.21,16.97,0.0,32.18,2.69,5.86
DRS Kedougou,Saraya,2022-02-01,28.56,38.85,19.23,0.0,17.51,2.75,6.21
DRS Kedougou,Saraya,2022-03-01,32.32,40.82,23.9,0.01,16.15,2.44,6.37
DRS Kedougou,Saraya,2022-04-01,34.83,42.81,26.65,0.38,19.88,2.59,6.89
DRS Kedougou,Saraya,2022-05-01,33.79,40.65,27.22,85.67,36.34,2.52,6.3
DRS Kedougou,Saraya,2022-06-01,28.63,33.11,24.62,297.95,73.55,2.08,5.72
DRS Kedougou,Saraya,2022-07-01,26.4,29.7,23.62,190.82,86.76,2.07,5.0
DRS Kedougou,Saraya,2022-08-01,25.74,28.91,22.9,596.79,89.12,1.86,4.8
DRS Kedougou,Saraya,2022-09-01,26.06,29.16,23.11,530.92,88.41,1.33,5.08
DRS Kedougou,Saraya,2022-10-01,26.21,30.05,22.59,75.68,82.98,1.17,5.31
DRS Kedougou,Saraya,2022-11-01,24.42,30.65,18.76,0.31,65.49,1.24,5.52
DRS Kedougou,Saraya,2022-12-01,25.09,33.66,18.05,0.48,47.92,1.86,5.2
DRS Kedougou,Saraya,2023-01-01,26.21,36.63,17.33,0.0,25.88,2.57,5.89
DRS Kedougou,Saraya,2023-02-01,30.53,39.97,21.74,0.0,18.39,2.38,5.84
DRS Kedougou,Saraya,2023-03-01,32.55,41.46,23.59,0.15,18.65,2.41,6.89
DRS Kedougou,Saraya,2023-04-01,33.8,42.15,25.55,10.91,23.79,2.68,6.98
DRS Kedougou,Saraya,2023-05-01,32.84,39.29,27.14,58.63,46.38,2.87,5.65
DRS Kedougou,Saraya,2023-06-01,29.5,34.56,25.19,188.7,69.85,2.77,5.85
DRS Kedougou,Saraya,2023-07-01,27.35,30.8,24.16,201.79,84.53,1.53,5.5
DRS Kedougou,Saraya,2023-08-01,26.86,30.35,23.74,111.62,86.27,1.79,5.26
DRS Kedougou,Saraya,2023-09-01,27.22,30.82,23.91,150.07,84.78,1.33,5.51
DRS Kedougou,Saraya,2023-10-01,27.32,31.78,23.59,98.04,80.29,1.25,5.18
DRS Kedougou,Saraya,2023-11-01,27.78,36.47,20.72,0.77,51.54,1.42,5.71
DRS Kedougou,Saraya,2023-12-01,26.96,37.09,18.58,0.0,23.43,2.16,5.43
DRS Kedougou,Saraya,2024-01-01,28.08,38.01,19.42,0.0,16.95,2.31,5.59
DRS Kedougou,Saraya,2024-02-01,29.97,40.23,20.75,0.0,11.33,2.59,6.26
DRS Kedougou,Saraya,2024-03-01,33.14,42.36,24.05,0.0,15.75,2.29,6.47
DRS Kedougou,Saraya,2024-04-01,35.52,43.4,27.67,0.3,21.77,2.92,6.85
DRS Kedougou,Saraya,2024-05-01,35.27,42.29,28.33,49.23,37.45,2.73,6.53
DRS Kedougou,Saraya,2024-06-01,28.88,33.61,24.85,539.82,73.64,2.39,5.82
DRS Kedougou,Saraya,2024-07-01,26.8,30.25,23.93,391.28,86.95,2.23,4.7
DRS Kedougou,Saraya,2024-08-01,26.16,29.05,23.67,589.74,90.5,2.17,4.77
DRS Kedougou,Saraya,2024-09-01,26.06,29.14,23.4,515.35,89.58,1.68,4.92
DRS Kedougou,Saraya,2024-10-01,26.35,30.19,22.8,145.52,85.11,1.23,5.02
DRS Kedougou,Saraya,2024-11-01,24.35,31.64,18.46,0.3,71.88,1.61,5.91
DRS Kedougou,Saraya,2024-12-01,23.44,33.14,16.04,0.01,52.45,2.61,5.28
DRS Kolda,Kolda,2021-01-01,23.0,32.08,15.45,0.0,52.01,2.5,5.7
DRS Kolda,Kolda,2021-02-01,25.05,34.0,17.64,0.0,43.77,2.19,5.74
DRS Kolda,Kolda,2021-03-01,27.78,37.42,19.33,0.0,40.54,2.34,6.78
DRS Kolda,Kolda,2021-04-01,30.23,39.64,22.01,0.0,42.96,2.39,7.06
DRS Kolda,Kolda,2021-05-01,31.02,39.71,23.29,1.06,41.21,2.57,6.45
DRS Kolda,Kolda,2021-06-01,29.26,34.62,24.65,164.94,67.99,2.31,5.7
DRS Kolda,Kolda,2021-07-01,26.87,30.41,24.05,339.28,85.78,1.94,5.26
DRS Kolda,Kolda,2021-08-01,26.41,29.68,23.81,530.68,88.62,1.85,5.05
DRS Kolda,Kolda,2021-09-01,26.61,29.89,23.79,486.53,88.64,1.44,5.54
DRS Kolda,Kolda,2021-10-01,26.54,30.18,23.44,123.06,85.75,1.22,5.01
DRS Kolda,Kolda,2021-11-01,26.35,31.32,21.68,9.13,76.57,1.32,5.28
DRS Kolda,Kolda,2021-12-01,23.63,30.09,17.98,0.0,66.46,1.95,5.06
DRS Kolda,Kolda,2022-01-01,22.86,31.07,15.69,0.0,55.71,2.21,5.53
DRS Kolda,Kolda,2022-02-01,23.81,33.3,16.01,0.0,47.3,2.37,6.16
DRS Kolda,Kolda,2022-03-01,27.12,36.76,18.9,0.0,39.71,2.36,6.56
DRS Kolda,Kolda,2022-04-01,30.0,39.38,21.68,0.0,40.46,2.42,6.97
DRS Kolda,Kolda,2022-05-01,30.59,38.58,23.5,72.74,49.28,2.51,6.46
DRS Kolda,Kolda,2022-06-01,28.02,32.61,24.14,133.62,76.25,2.21,5.66
DRS Kolda,Kolda,2022-07-01,26.84,30.28,24.25,383.38,86.76,2.29,4.85
DRS Kolda,Kolda,2022-08-01,26.28,29.37,23.94,495.84,89.91,2.31,4.64
DRS Kolda,Kolda,2022-09-01,26.37,29.57,23.71,327.09,89.2,1.67,5.02
DRS Kolda,Kolda,2022-10-01,26.45,30.13,23.14,167.22,85.45,1.25,5.4
DRS Kolda,Kolda,2022-11-01,24.19,29.67,19.28,0.35,71.78,1.37,5.33
DRS Kolda,Kolda,2022-12-01,22.94,29.72,16.91,9.98,68.43,1.8,5.08
DRS Kolda,Kolda,2023-01-01,21.91,30.14,14.94,0.0,58.24,2.37,5.49
DRS Kolda,Kolda,2023-02-01,24.95,33.95,17.57,0.0,51.22,2.08,5.75
DRS Kolda,Kolda,2023-03-01,27.47,36.98,19.24,0.32,49.54,1.97,6.92
DRS Kolda,Kolda,2023-04-01,30.56,39.29,22.73,0.0,44.16,2.36,6.99
DRS Kolda,Kolda,2023-05-01,31.3,38.23,25.38,7.39,50.64,2.49,6.0
DRS Kolda,Kolda,2023-06-01,29.2,34.48,24.97,219.98,71.0,2.5,5.64
DRS Kolda,Kolda,2023-07-01,27.55,30.97,24.74,312.06,85.85,1.88,5.45
DRS Kolda,Kolda,2023-08-01,27.21,30.45,24.65,353.39,88.4,1.95,5.02
DRS Kolda,Kolda,2023-09-01,27.17,30.43,24.41,232.88,88.1,1.53,5.08
DRS Kolda,Kolda,2023-10-01,27.21,30.82,24.2,123.57,85.72,1.2,5.3
DRS Kolda,Kolda,2023-11-01,25.71,31.71,20.08,4.23,69.51,1.39,5.52
DRS Kolda,Kolda,2023-12-01,23.19,30.22,16.77,0.0,56.92,1.76,5.23
DRS Kolda,Kolda,2024-01-01,24.01,32.78,16.6,0.0,51.08,1.94,5.38
DRS Kolda,Kolda,2024-02-01,26.62,36.5,18.33,0.0,39.64,2.12,6.1
DRS Kolda,Kolda,2024-03-01,29.28,39.27,20.77,0.0,36.89,2.29,6.55
DRS Kolda,Kolda,2024-04-01,31.63,40.9,23.53,0.01,40.01,2.49,6.91
DRS Kolda,Kolda,2024-05-01,32.69,40.92,25.37,23.86,44.08,2.75,6.76
DRS Kolda,Kolda,2024-06-01,29.9,35.98,24.72,64.1,63.65,2.62,5.75
DRS Kolda,Kolda,2024-07-01,27.32,30.77,24.71,450.35,86.67,2.47,4.77
DRS Kolda,Kolda,2024-08-01,26.93,30.41,24.27,311.62,88.53,2.24,4.61
DRS Kolda,Kolda,2024-09-01,26.67,30.0,24.12,318.42,89.03,1.83,4.45
DRS Kolda,Kolda,2024-10-01,26.73,30.27,23.55,263.92,85.45,1.3,5.23
DRS Kolda,Kolda,2024-11-01,25.78,32.1,20.24,0.12,73.19,1.39,5.64
DRS Kolda,Kolda,2024-12-01,22.36,29.75,16.33,0.13,63.47,2.27,4.94
DRS Kolda,Medina Yoro Foulah,2021-01-01,24.1,33.46,16.46,0.0,41.6,2.97,5.71
DRS Kolda,Medina Yoro Foulah,2021-02-01,26.41,35.53,18.66,0.0,31.46,2.64,5.47
DRS Kolda,Medina Yoro Foulah,2021-03-01,29.11,38.73,20.57,0.0,30.11,2.81,6.85
DRS Kolda,Medina Yoro Foulah,2021-04-01,31.75,41.29,22.96,0.0,33.77,2.69,7.12
DRS Kolda,Medina Yoro Foulah,2021-05-01,32.11,40.85,24.02,0.05,34.54,3.09,6.54
DRS Kolda,Medina Yoro Foulah,2021-06-01,30.45,36.42,25.23,122.73,60.31,2.84,5.91
DRS Kolda,Medina Yoro Foulah,2021-07-01,27.54,31.54,24.37,220.95,81.2,2.27,5.75
DRS Kolda,Medina Yoro Foulah,2021-08-01,26.73,30.0,24.05,553.47,87.69,1.92,5.42
DRS Kolda,Medina Yoro Foulah,2021-09-01,26.85,30.08,23.99,380.34,87.9,1.48,5.75
DRS Kolda,Medina Yoro Foulah,2021-10-01,26.79,30.71,23.44,83.97,83.81,1.29,5.1
DRS Kolda,Medina Yoro Foulah,2021-11-01,26.36,31.68,21.45,4.26,73.52,1.43,5.34
DRS Kolda,Medina Yoro Foulah,2021-12-01,24.08,30.79,18.23,0.0,60.05,2.15,5.02
DRS Kolda,Medina Yoro Foulah,2022-01-01,23.7,32.18,16.29,0.0,46.09,2.56,5.44
DRS Kolda,Medina Yoro Foulah,2022-02-01,25.14,34.81,17.04,0.0,35.58,2.78,6.2
DRS Kolda,Medina Yoro Foulah,2022-03-01,28.58,38.36,20.02,0.0,28.24,2.82,6.48
DRS Kolda,Medina Yoro Foulah,2022-04-01,31.56,40.93,22.92,0.0,30.53,2.96,7.04
DRS Kolda,Medina Yoro Foulah,2022-05-01,31.92,40.13,24.3,51.56,40.79,2.91,6.61
DRS Kolda,Medina Yoro Foulah,2022-06-01,29.07,34.22,24.65,93.93,69.1,2.73,5.94
DRS Kolda,Medina Yoro Foulah,2022-07-01,27.5,31.29,24.55,244.9,82.35,2.49,5.28
DRS Kolda,Medina Yoro Foulah,2022-08-01,26.6,29.87,24.11,391.38,88.43,2.31,4.97
DRS Kolda,Medina Yoro Foulah,2022-09-01,26.57,29.72,23.92,293.74,88.43,1.66,5.28
DRS Kolda,Medina Yoro Foulah,2022-10-01,26.66,30.59,23.26,115.8,84.16,1.34,5.47
DRS Kolda,Medina Yoro Foulah,2022-11-01,24.21,30.17,18.98,0.01,67.87,1.56,5.31
DRS Kolda,Medina Yoro Foulah,2022-12-01,23.43,30.95,17.04,5.08,61.84,2.06,5.14
DRS Kolda,Medina Yoro Foulah,2023-01-01,22.89,31.55,15.73,0.0,47.72,2.71,5.39
DRS Kolda,Medina Yoro Foulah,2023-02-01,26.57,35.97,18.83,0.0,37.49,2.54,5.77
DRS Kolda,Medina Yoro Foulah,2023-03-01,29.2,39.12,20.37,0.05,35.84,2.33,6.95
DRS Kolda,Medina Yoro Foulah,2023-04-01,32.27,41.01,24.0,0.0,32.98,2.71,7.01
DRS Kolda,Medina Yoro Foulah,2023-05-01,32.83,39.94,26.31,4.35,41.62,2.83,6.26
DRS Kolda,Medina Yoro Foulah,2023-06-01,30.52,36.49,25.57,124.72,62.87,3.04,6.17
DRS Kolda,Medina Yoro Foulah,2023-07-01,28.22,32.01,25.13,248.56,81.56,2.07,5.8
DRS Kolda,Medina Yoro Foulah,2023-08-01,27.44,30.78,24.78,357.78,87.28,2.08,5.39
DRS Kolda,Medina Yoro Foulah,2023-09-01,27.35,30.56,24.54,170.54,87.0,1.56,5.39
DRS Kolda,Medina Yoro Foulah,2023-10-01,27.34,30.98,24.29,85.67,84.72,1.28,5.51
DRS Kolda,Medina Yoro Foulah,2023-11-01,26.11,33.02,19.82,1.46,62.75,1.54,5.69
DRS Kolda,Medina Yoro Foulah,2023-12-01,24.09,32.37,17.02,0.0,44.45,2.13,5.27
DRS Kolda,Medina Yoro Foulah,2024-01-01,25.39,34.96,17.47,0.0,37.42,2.35,5.4
DRS Kolda,Medina Yoro Foulah,2024-02-01,28.23,38.52,19.46,0.0,25.18,2.61,6.15
DRS Kolda,Medina Yoro Foulah,2024-03-01,30.74,40.64,21.92,0.0,26.46,2.73,6.6
DRS Kolda,Medina Yoro Foulah,2024-04-01,33.14,42.28,24.68,0.01,30.64,2.92,6.85
DRS Kolda,Medina Yoro Foulah,2024-05-01,33.84,42.23,25.95,6.88,37.22,3.16,6.85
DRS Kolda,Medina Yoro Foulah,2024-06-01,31.23,38.12,25.25,39.33,54.96,3.22,6.2
DRS Kolda,Medina Yoro Foulah,2024-07-01,27.93,31.75,24.97,322.55,82.88,2.75,4.95
DRS Kolda,Medina Yoro Foulah,2024-08-01,27.4,31.06,24.55,216.03,86.17,2.38,5.06
DRS Kolda,Medina Yoro Foulah,2024-09-01,27.01,30.49,24.33,254.85,87.43,1.88,4.92
DRS Kolda,Medina Yoro Foulah,2024-10-01,27.06,30.94,23.67,165.11,83.0,1.38,5.4
DRS Kolda,Medina Yoro Foulah,2024-11-01,26.04,33.22,20.27,0.0,67.75,1.63,5.69
DRS Kolda,Medina Yoro Foulah,2024-12-01,23.6,31.71,17.22,0.95,51.03,2.61,4.75
DRS Kolda,Velingara,2021-01-01,24.17,34.28,16.04,0.0,43.64,2.67,5.71
DRS Kolda,Velingara,2021-02-01,26.94,36.42,18.92,0.0,31.87,2.43,5.47
DRS Kolda,Velingara,2021-03-01,29.89,39.56,20.97,0.0,29.32,2.5,6.85
DRS Kolda,Velingara,2021-04-01,32.17,41.5,23.46,0.0,35.2,2.62,7.12
DRS Kolda,Velingara,2021-05-01,32.89,41.45,24.83,1.48,33.68,2.74,6.54
DRS Kolda,Velingara,2021-06-01,30.13,35.7,25.21,138.73,63.74,2.45,5.91
DRS Kolda,Velingara,2021-07-01,26.88,30.4,24.08,464.54,85.66,2.04,5.75
DRS Kolda,Velingara,2021-08-01,26.3,29.49,23.72,569.02,89.28,1.86,5.42
DRS Kolda,Velingara,2021-09-01,26.52,29.69,23.7,506.68,89.51,1.41,5.75
DRS Kolda,Velingara,2021-10-01,26.51,30.14,23.34,129.43,86.34,1.14,5.1
DRS Kolda,Velingara,2021-11-01,26.11,31.14,21.37,8.07,77.11,1.27,5.34
DRS Kolda,Velingara,2021-12-01,23.44,30.45,17.64,0.0,66.42,1.96,5.02
DRS Kolda,Velingara,2022-01-01,23.55,32.78,15.98,0.0,49.51,2.31,5.44
DRS Kolda,Velingara,2022-02-01,25.59,35.84,17.18,0.0,35.39,2.56,6.2
DRS Kolda,Velingara,2022-03-01,29.42,39.22,20.77,0.0,27.41,2.46,6.48
DRS Kolda,Velingara,2022-04-01,32.14,41.5,23.28,0.01,31.19,2.61,7.04
DRS Kolda,Velingara,2022-05-01,32.17,40.14,24.71,62.32,42.19,2.68,6.61
DRS Kolda,Velingara,2022-06-01,28.39,33.12,24.39,182.31,74.31,2.31,5.94
DRS Kolda,Velingara,2022-07-01,26.85,30.34,24.15,303.38,86.5,2.3,5.28
DRS Kolda,Velingara,2022-08-01,26.18,29.32,23.74,574.35,90.12,2.32,4.97
DRS Kolda,Velingara,2022-09-01,26.26,29.35,23.59,299.72,89.67,1.61,5.28
DRS Kolda,Velingara,2022-10-01,26.41,30.06,22.99,143.86,85.62,1.2,5.47
DRS Kolda,Velingara,2022-11-01,24.02,29.67,18.95,0.65,73.21,1.35,5.31
DRS Kolda,Velingara,2022-12-01,22.94,30.0,16.89,12.55,67.31,1.77,5.14
DRS Kolda,Velingara,2023-01-01,22.51,31.84,15.05,0.0,52.58,2.47,5.39
DRS Kolda,Velingara,2023-02-01,26.91,36.64,18.88,0.0,39.49,2.11,5.77
DRS Kolda,Velingara,2023-03-01,29.5,39.41,20.64,0.49,37.79,2.22,6.95
DRS Kolda,Velingara,2023-04-01,32.73,41.47,24.32,0.01,33.72,2.44,7.01
DRS Kolda,Velingara,2023-05-01,32.61,39.49,26.39,10.56,44.8,2.84,6.26
DRS Kolda,Velingara,2023-06-01,29.71,35.16,25.31,245.4,69.1,2.7,6.17
DRS Kolda,Velingara,2023-07-01,27.64,31.2,24.63,305.94,85.22,1.91,5.8
DRS Kolda,Velingara,2023-08-01,27.21,30.49,24.48,279.27,88.07,1.93,5.39
DRS Kolda,Velingara,2023-09-01,27.15,30.45,24.3,197.47,88.08,1.5,5.39
DRS Kolda,Velingara,2023-10-01,27.03,30.58,24.01,150.97,86.45,1.18,5.51
DRS Kolda,Velingara,2023-11-01,25.51,31.49,19.86,4.53,69.97,1.29,5.69
DRS Kolda,Velingara,2023-12-01,23.44,31.04,16.66,0.0,53.96,1.75,5.27
DRS Kolda,Velingara,2024-01-01,24.91,34.44,17.27,0.0,43.44,1.97,5.4
DRS Kolda,Velingara,2024-02-01,28.41,38.83,19.57,0.0,27.23,2.21,6.15
DRS Kolda,Velingara,2024-03-01,31.4,41.35,22.38,0.0,26.51,2.34,6.6
DRS Kolda,Velingara,2024-04-01,33.61,42.88,25.02,0.04,31.39,2.73,6.85
DRS Kolda,Velingara,2024-05-01,34.28,42.43,26.66,22.55,38.13,3.0,6.85
DRS Kolda,Velingara,2024-06-01,30.43,36.52,25.24,92.07,61.74,2.66,6.2
DRS Kolda,Velingara,2024-07-01,27.44,30.99,24.68,373.85,85.73,2.47,4.95
DRS Kolda,Velingara,2024-08-01,26.89,30.32,24.2,320.06,88.84,2.3,5.06
DRS Kolda,Velingara,2024-09-01,26.6,29.89,23.96,290.13,89.18,1.81,4.92
DRS Kolda,Velingara,2024-10-01,26.66,30.19,23.49,239.29,85.99,1.24,5.4
DRS Kolda,Velingara,2024-11-01,25.42,31.89,19.8,0.26,74.32,1.41,5.69
DRS Kolda,Velingara,2024-12-01,22.4,30.44,16.23,0.03,63.23,2.34,4.75
DRS Louga,Coki,2021-01-01,23.49,32.53,16.76,0.0,32.62,3.93,5.32
DRS Louga,Coki,2021-02-01,25.21,35.05,17.58,0.0,27.91,3.71,5.57
DRS Louga,Coki,2021-03-01,25.67,36.49,18.0,0.22,42.04,4.06,6.82
DRS Louga,Coki,2021-04-01,27.41,39.03,19.36,0.0,47.36,4.54,7.29
DRS Louga,Coki,2021-05-01,27.1,37.66,19.86,0.15,53.27,4.51,6.71
DRS Louga,Coki,2021-06-01,29.26,37.66,23.22,78.39,58.07,3.78,6.4
DRS Louga,Coki,2021-07-01,28.73,35.27,23.89,23.12,64.16,3.4,6.54
DRS Louga,Coki,2021-08-01,27.68,31.61,24.57,336.66,80.65,2.12,6.0
DRS Louga,Coki,2021-09-01,27.74,31.89,24.54,153.86,82.55,1.67,6.12
DRS Louga,Coki,2021-10-01,27.77,33.35,23.58,14.82,72.54,1.75,5.45
DRS Louga,Coki,2021-11-01,27.39,35.07,21.82,1.74,54.1,2.19,5.3
DRS Louga,Coki,2021-12-01,25.49,33.68,19.24,0.49,36.03,2.84,4.52
DRS Louga,Coki,2022-01-01,24.82,33.53,18.11,0.03,32.08,3.44,5.05
DRS Louga,Coki,2022-02-01,24.92,34.47,17.81,0.0,30.54,4.09,6.0
DRS Louga,Coki,2022-03-01,25.29,36.07,17.38,0.0,39.55,4.3,6.72
DRS Louga,Coki,2022-04-01,27.02,38.14,19.13,0.0,46.79,4.69,7.26
DRS Louga,Coki,2022-05-01,29.14,39.23,21.63,2.49,49.12,3.84,7.02
DRS Louga,Coki,2022-06-01,30.23,38.18,24.28,39.68,56.18,3.62,6.3
DRS Louga,Coki,2022-07-01,28.8,34.65,24.51,150.03,68.0,3.39,5.92
DRS Louga,Coki,2022-08-01,27.73,31.58,24.66,161.55,79.15,2.33,5.75
DRS Louga,Coki,2022-09-01,27.63,31.41,24.56,159.06,82.17,1.76,5.8
DRS Louga,Coki,2022-10-01,28.01,33.37,24.0,27.93,72.34,1.55,5.7
DRS Louga,Coki,2022-11-01,26.21,34.87,19.33,0.0,41.88,2.1,5.35
DRS Louga,Coki,2022-12-01,24.45,33.65,17.44,13.32,41.98,2.91,5.33
DRS Louga,Coki,2023-01-01,23.78,32.75,17.0,0.65,33.56,3.53,5.09
DRS Louga,Coki,2023-02-01,24.93,34.76,17.93,0.0,37.99,4.16,5.57
DRS Louga,Coki,2023-03-01,28.36,38.93,20.12,0.0,34.8,3.51,6.94
DRS Louga,Coki,2023-04-01,28.61,38.66,21.26,0.01,44.18,4.26,7.08
DRS Louga,Coki,2023-05-01,30.26,39.61,23.32,0.0,46.8,4.25,6.71
DRS Louga,Coki,2023-06-01,30.55,39.08,24.48,3.79,55.45,4.26,6.81
DRS Louga,Coki,2023-07-01,29.6,34.63,25.67,240.72,69.57,2.79,6.15
DRS Louga,Coki,2023-08-01,27.81,31.57,24.89,273.98,82.71,2.36,5.85
DRS Louga,Coki,2023-09-01,27.59,31.08,24.88,150.09,85.48,1.7,5.97
DRS Louga,Coki,2023-10-01,27.78,32.38,24.27,30.48,79.09,1.51,5.7
DRS Louga,Coki,2023-11-01,25.4,34.51,18.51,0.0,51.38,2.11,5.6
DRS Louga,Coki,2023-12-01,24.21,33.88,17.05,0.0,33.41,2.99,5.13
DRS Louga,Coki,2024-01-01,24.72,34.77,17.31,0.0,31.55,2.92,5.33
DRS Louga,Coki,2024-02-01,26.7,37.45,18.52,0.0,26.39,3.52,5.98
DRS Louga,Coki,2024-03-01,26.05,37.06,18.32,0.0,46.95,3.82,6.76
DRS Louga,Coki,2024-04-01,28.88,39.74,20.9,0.19,43.63,4.42,7.07
DRS Louga,Coki,2024-05-01,29.92,40.73,22.26,0.0,48.8,4.29,7.11
DRS Louga,Coki,2024-06-01,28.99,37.3,22.93,6.81,58.54,3.99,6.53
DRS Louga,Coki,2024-07-01,29.04,34.5,24.9,139.62,69.72,3.36,5.99
DRS Louga,Coki,2024-08-01,29.05,33.67,25.46,90.93,73.6,2.79,5.79
DRS Louga,Coki,2024-09-01,28.32,32.74,24.99,187.84,76.18,2.34,5.16
DRS Louga,Coki,2024-10-01,28.47,34.27,23.91,47.02,70.22,1.72,5.59
DRS Louga,Coki,2024-11-01,27.24,36.17,20.21,0.0,45.09,2.33,5.61
DRS Louga,Coki,2024-12-01,24.42,32.31,18.3,2.7,33.15,3.29,4.41
DRS Louga,Dahra,2021-01-01,23.99,33.06,16.97,0.0,29.0,3.94,5.32
DRS Louga,Dahra,2021-02-01,25.9,35.57,17.87,0.0,22.87,3.57,5.57
DRS Louga,Dahra,2021-03-01,27.58,37.87,19.15,0.13,30.46,3.65,6.82
DRS Louga,Dahra,2021-04-01,30.44,41.37,21.41,0.0,31.98,4.08,7.29
DRS Louga,Dahra,2021-05-01,30.47,41.14,21.78,0.03,37.92,4.29,6.71
DRS Louga,Dahra,2021-06-01,31.74,40.14,24.61,66.12,46.08,3.7,6.4
DRS Louga,Dahra,2021-07-01,30.24,37.36,24.34,33.46,57.07,3.29,6.54
DRS Louga,Dahra,2021-08-01,27.8,32.0,24.44,458.5,80.43,2.04,6.0
DRS Louga,Dahra,2021-09-01,27.72,31.94,24.24,134.2,82.16,1.66,6.12
DRS Louga,Dahra,2021-10-01,27.92,33.81,23.43,20.49,70.35,1.7,5.45
DRS Louga,Dahra,2021-11-01,27.86,35.45,21.83,0.19,47.41,2.12,5.3
DRS Louga,Dahra,2021-12-01,25.9,33.81,19.75,0.55,32.61,2.89,4.52
DRS Louga,Dahra,2022-01-01,25.29,33.98,18.28,0.03,25.06,3.44,5.05
DRS Louga,Dahra,2022-02-01,25.86,35.47,18.23,0.0,23.06,3.88,6.0
DRS Louga,Dahra,2022-03-01,27.25,37.57,18.56,0.0,27.01,3.83,6.72
DRS Louga,Dahra,2022-04-01,30.04,40.52,21.25,0.0,31.76,4.33,7.26
DRS Louga,Dahra,2022-05-01,31.76,41.2,23.28,4.63,35.39,3.64,7.02
DRS Louga,Dahra,2022-06-01,32.21,39.91,25.55,36.24,46.41,3.61,6.3
DRS Louga,Dahra,2022-07-01,30.01,36.09,24.85,159.27,62.29,3.18,5.92
DRS Louga,Dahra,2022-08-01,27.98,32.11,24.51,151.96,78.15,2.19,5.75
DRS Louga,Dahra,2022-09-01,27.73,31.72,24.41,140.12,81.37,1.68,5.8
DRS Louga,Dahra,2022-10-01,28.17,33.84,23.8,30.74,69.9,1.6,5.7
DRS Louga,Dahra,2022-11-01,26.36,34.99,19.44,0.0,39.59,2.18,5.35
DRS Louga,Dahra,2022-12-01,24.78,33.9,17.55,24.6,36.97,2.83,5.33
DRS Louga,Dahra,2023-01-01,24.04,32.95,17.02,0.25,29.7,3.43,5.09
DRS Louga,Dahra,2023-02-01,26.31,35.49,18.99,0.0,26.71,3.78,5.57
DRS Louga,Dahra,2023-03-01,29.63,39.79,20.85,0.0,25.74,3.39,6.94
DRS Louga,Dahra,2023-04-01,30.76,40.23,22.65,0.01,32.12,3.99,7.08
DRS Louga,Dahra,2023-05-01,32.59,41.4,24.86,0.05,35.0,3.89,6.71
DRS Louga,Dahra,2023-06-01,32.98,41.52,25.72,6.52,43.14,4.0,6.81
DRS Louga,Dahra,2023-07-01,30.73,36.2,26.09,186.74,63.17,2.71,6.15
DRS Louga,Dahra,2023-08-01,28.37,32.72,24.85,242.12,79.08,2.36,5.85
DRS Louga,Dahra,2023-09-01,27.74,31.5,24.71,124.9,83.67,1.69,5.97
DRS Louga,Dahra,2023-10-01,28.21,33.24,24.04,25.14,72.69,1.48,5.7
DRS Louga,Dahra,2023-11-01,26.94,36.3,19.25,0.0,36.17,2.16,5.6
DRS Louga,Dahra,2023-12-01,25.2,34.68,17.75,0.0,23.93,3.12,5.13
DRS Louga,Dahra,2024-01-01,25.32,35.29,17.69,0.0,23.66,3.05,5.33
DRS Louga,Dahra,2024-02-01,27.45,37.91,18.96,0.0,17.62,3.42,5.98
DRS Louga,Dahra,2024-03-01,28.45,39.11,19.83,0.0,31.05,3.43,6.76
DRS Louga,Dahra,2024-04-01,31.52,41.94,22.79,0.03,31.01,4.13,7.07
DRS Louga,Dahra,2024-05-01,32.96,43.22,24.12,0.0,33.85,3.95,7.11
DRS Louga,Dahra,2024-06-01,31.56,40.57,24.03,5.01,46.53,4.01,6.53
DRS Louga,Dahra,2024-07-01,30.13,35.99,25.21,140.11,64.29,3.3,5.99
DRS Louga,Dahra,2024-08-01,29.42,34.46,25.32,98.42,71.47,2.61,5.79
DRS Louga,Dahra,2024-09-01,28.56,33.28,24.85,173.67,74.27,2.22,5.16
DRS Louga,Dahra,2024-10-01,28.71,34.75,23.91,40.34,66.02,1.78,5.59
DRS Louga,Dahra,2024-11-01,27.54,36.58,20.34,0.0,41.5,2.49,5.61
DRS Louga,Dahra,2024-12-01,24.62,32.47,18.47,5.31,29.59,3.32,4.41
DRS Louga,Darou-Mousty,2021-01-01,23.08,32.02,16.45,0.0,35.89,3.6,5.27
DRS Louga,Darou-Mousty,2021-02-01,25.08,34.89,17.63,0.0,29.36,3.41,5.65
DRS Louga,Darou-Mousty,2021-03-01,26.05,36.96,18.05,11.58,41.31,3.87,6.93
DRS Louga,Darou-Mousty,2021-04-01,28.09,40.0,19.6,0.0,44.88,4.21,7.37
DRS Louga,Darou-Mousty,2021-05-01,28.06,39.04,20.21,0.28,49.76,4.28,6.77
DRS Louga,Darou-Mousty,2021-06-01,30.05,38.3,23.56,74.63,55.25,3.47,6.27
DRS Louga,Darou-Mousty,2021-07-01,29.71,36.44,24.35,27.91,60.13,3.19,6.17
DRS Louga,Darou-Mousty,2021-08-01,27.97,32.21,24.57,338.98,78.33,2.06,5.69
DRS Louga,Darou-Mousty,2021-09-01,27.79,31.87,24.39,171.2,81.48,1.59,5.87
DRS Louga,Darou-Mousty,2021-10-01,27.7,32.99,23.54,26.07,73.43,1.62,5.47
DRS Louga,Darou-Mousty,2021-11-01,27.08,34.09,21.73,5.17,56.81,1.99,5.22
DRS Louga,Darou-Mousty,2021-12-01,25.46,33.27,19.35,0.26,38.22,2.64,4.3
DRS Louga,Darou-Mousty,2022-01-01,25.13,33.93,18.22,0.01,31.89,3.32,5.01
DRS Louga,Darou-Mousty,2022-02-01,25.4,35.23,17.97,0.0,28.67,3.95,6.01
DRS Louga,Darou-Mousty,2022-03-01,26.13,37.19,17.8,0.0,36.75,4.18,6.75
DRS Louga,Darou-Mousty,2022-04-01,28.16,39.57,19.74,0.0,42.65,4.57,7.0
DRS Louga,Darou-Mousty,2022-05-01,30.03,40.26,21.97,4.59,45.51,3.68,6.68
DRS Louga,Darou-Mousty,2022-06-01,30.79,38.39,24.6,50.23,53.8,3.55,5.95
DRS Louga,Darou-Mousty,2022-07-01,29.52,35.33,24.87,145.97,65.19,3.18,5.58
DRS Louga,Darou-Mousty,2022-08-01,27.95,32.04,24.63,216.36,77.91,2.31,5.44
DRS Louga,Darou-Mousty,2022-09-01,27.51,31.32,24.4,190.82,82.68,1.7,5.6
DRS Louga,Darou-Mousty,2022-10-01,27.57,32.45,23.66,51.44,75.45,1.43,5.65
DRS Louga,Darou-Mousty,2022-11-01,25.36,33.23,19.15,0.0,48.57,1.89,5.29
DRS Louga,Darou-Mousty,2022-12-01,24.3,33.23,17.46,9.07,44.1,2.66,5.42
DRS Louga,Darou-Mousty,2023-01-01,24.12,33.05,17.3,0.23,33.23,3.39,5.01
DRS Louga,Darou-Mousty,2023-02-01,25.76,35.68,18.42,0.0,35.02,4.0,5.45
DRS Louga,Darou-Mousty,2023-03-01,28.95,39.56,20.49,0.0,32.86,3.42,6.83
DRS Louga,Darou-Mousty,2023-04-01,29.5,39.77,21.73,0.0,41.61,4.18,6.91
DRS Louga,Darou-Mousty,2023-05-01,31.18,40.6,23.89,0.08,43.63,3.96,6.5
DRS Louga,Darou-Mousty,2023-06-01,31.45,39.97,24.85,6.19,51.94,4.04,6.61
DRS Louga,Darou-Mousty,2023-07-01,30.04,35.2,25.79,202.48,66.75,2.63,5.69
DRS Louga,Darou-Mousty,2023-08-01,28.3,32.38,25.0,326.91,79.75,2.37,5.74
DRS Louga,Darou-Mousty,2023-09-01,27.67,31.24,24.78,180.76,83.99,1.62,5.82
DRS Louga,Darou-Mousty,2023-10-01,27.9,32.38,24.2,25.91,77.42,1.39,5.74
DRS Louga,Darou-Mousty,2023-11-01,25.35,33.98,18.73,0.04,52.93,1.99,5.63
DRS Louga,Darou-Mousty,2023-12-01,24.09,33.55,17.1,0.0,34.19,2.79,5.18
DRS Louga,Darou-Mousty,2024-01-01,24.73,34.58,17.41,0.0,32.41,2.82,5.33
DRS Louga,Darou-Mousty,2024-02-01,27.03,37.76,18.89,0.0,25.37,3.43,5.92
DRS Louga,Darou-Mousty,2024-03-01,26.85,38.26,18.73,0.0,44.07,3.83,6.8
DRS Louga,Darou-Mousty,2024-04-01,29.78,41.0,21.34,0.11,40.72,4.21,6.86
DRS Louga,Darou-Mousty,2024-05-01,30.99,41.86,22.83,0.13,44.52,4.09,6.89
DRS Louga,Darou-Mousty,2024-06-01,29.87,38.4,23.25,43.93,55.54,3.87,6.41
DRS Louga,Darou-Mousty,2024-07-01,29.32,34.7,24.99,135.23,68.71,3.16,5.64
DRS Louga,Darou-Mousty,2024-08-01,28.89,33.55,25.18,107.78,74.63,2.64,5.49
DRS Louga,Darou-Mousty,2024-09-01,28.12,32.43,24.76,236.51,77.45,2.17,5.32
DRS Louga,Darou-Mousty,2024-10-01,28.19,33.52,23.84,76.06,71.98,1.59,5.56
DRS Louga,Darou-Mousty,2024-11-01,27.0,35.36,20.35,0.0,50.35,2.06,5.67
DRS Louga,Darou-Mousty,2024-12-01,24.41,32.3,18.4,1.44,35.08,3.06,4.37
DRS Louga,Kebemer,2021-01-01,23.49,32.53,16.76,0.0,32.62,3.93,5.27
DRS Louga,Kebemer,2021-02-01,25.21,35.05,17.58,0.0,27.91,3.71,5.65
DRS Louga,Kebemer,2021-03-01,25.67,36.49,18.0,0.22,42.04,4.06,6.93
DRS Louga,Kebemer,2021-04-01,27.41,39.03,19.36,0.0,47.36,4.54,7.37
DRS Louga,Kebemer,2021-05-01,27.1,37.66,19.86,0.15,53.27,4.51,6.77
DRS Louga,Kebemer,2021-06-01,29.26,37.66,23.22,78.39,58.07,3.78,6.27
DRS Louga,Kebemer,2021-07-01,28.73,35.27,23.89,23.12,64.16,3.4,6.17
DRS Louga,Kebemer,2021-08-01,27.68,31.61,24.57,336.66,80.65,2.12,5.69
DRS Louga,Kebemer,2021-09-01,27.74,31.89,24.54,153.86,82.55,1.67,5.87
DRS Louga,Kebemer,2021-10-01,27.77,33.35,23.58,14.82,72.54,1.75,5.47
DRS Louga,Kebemer,2021-11-01,27.39,35.07,21.82,1.74,54.1,2.19,5.22
DRS Louga,Kebemer,2021-12-01,25.49,33.68,19.24,0.49,36.03,2.84,4.3
DRS Louga,Kebemer,2022-01-01,24.82,33.53,18.11,0.03,32.08,3.44,5.01
DRS Louga,Kebemer,2022-02-01,24.92,34.47,17.81,0.0,30.54,4.09,6.01
DRS Louga,Kebemer,2022-03-01,25.29,36.07,17.38,0.0,39.55,4.3,6.75
DRS Louga,Kebemer,2022-04-01,27.02,38.14,19.13,0.0,46.79,4.69,7.0
DRS Louga,Kebemer,2022-05-01,29.14,39.23,21.63,2.49,49.12,3.84,6.68
DRS Louga,Kebemer,2022-06-01,30.23,38.18,24.28,39.68,56.18,3.62,5.95
DRS Louga,Kebemer,2022-07-01,28.8,34.65,24.51,150.03,68.0,3.39,5.58
DRS Louga,Kebemer,2022-08-01,27.73,31.58,24.66,161.55,79.15,2.33,5.44
DRS Louga,Kebemer,2022-09-01,27.63,31.41,24.56,159.06,82.17,1.76,5.6
DRS Louga,Kebemer,2022-10-01,28.01,33.37,24.0,27.93,72.34,1.55,5.65
DRS Louga,Kebemer,2022-11-01,26.21,34.87,19.33,0.0,41.88,2.1,5.29
DRS Louga,Kebemer,2022-12-01,24.45,33.65,17.44,13.32,41.98,2.91,5.42
DRS Louga,Kebemer,2023-01-01,23.78,32.75,17.0,0.65,33.56,3.53,5.01
DRS Louga,Kebemer,2023-02-01,24.93,34.76,17.93,0.0,37.99,4.16,5.45
DRS Louga,Kebemer,2023-03-01,28.36,38.93,20.12,0.0,34.8,3.51,6.83
DRS Louga,Kebemer,2023-04-01,28.61,38.66,21.26,0.01,44.18,4.26,6.91
DRS Louga,Kebemer,2023-05-01,30.26,39.61,23.32,0.0,46.8,4.25,6.5
DRS Louga,Kebemer,2023-06-01,30.55,39.08,24.48,3.79,55.45,4.26,6.61
DRS Louga,Kebemer,2023-07-01,29.6,34.63,25.67,240.72,69.57,2.79,5.69
DRS Louga,Kebemer,2023-08-01,27.81,31.57,24.89,273.98,82.71,2.36,5.74
DRS Louga,Kebemer,2023-09-01,27.59,31.08,24.88,150.09,85.48,1.7,5.82
DRS Louga,Kebemer,2023-10-01,27.78,32.38,24.27,30.48,79.09,1.51,5.74
DRS Louga,Kebemer,2023-11-01,25.4,34.51,18.51,0.0,51.38,2.11,5.63
DRS Louga,Kebemer,2023-12-01,24.21,33.88,17.05,0.0,33.41,2.99,5.18
DRS Louga,Kebemer,2024-01-01,24.72,34.77,17.31,0.0,31.55,2.92,5.33
DRS Louga,Kebemer,2024-02-01,26.7,37.45,18.52,0.0,26.39,3.52,5.92
DRS Louga,Kebemer,2024-03-01,26.05,37.06,18.32,0.0,46.95,3.82,6.8
DRS Louga,Kebemer,2024-04-01,28.88,39.74,20.9,0.19,43.63,4.42,6.86
DRS Louga,Kebemer,2024-05-01,29.92,40.73,22.26,0.0,48.8,4.29,6.89
DRS Louga,Kebemer,2024-06-01,28.99,37.3,22.93,6.81,58.54,3.99,6.41
DRS Louga,Kebemer,2024-07-01,29.04,34.5,24.9,139.62,69.72,3.36,5.64
DRS Louga,Kebemer,2024-08-01,29.05,33.67,25.46,90.93,73.6,2.79,5.49
DRS Louga,Kebemer,2024-09-01,28.32,32.74,24.99,187.84,76.18,2.34,5.32
DRS Louga,Kebemer,2024-10-01,28.47,34.27,23.91,47.02,70.22,1.72,5.56
DRS Louga,Kebemer,2024-11-01,27.24,36.17,20.21,0.0,45.09,2.33,5.67
DRS Louga,Kebemer,2024-12-01,24.42,32.31,18.3,2.7,33.15,3.29,4.37
DRS Louga,Keur Momar Sarr,2021-01-01,22.76,30.33,16.93,0.0,39.02,4.46,5.32
DRS Louga,Keur Momar Sarr,2021-02-01,24.04,32.46,17.47,0.0,35.12,4.18,5.57
DRS Louga,Keur Momar Sarr,2021-03-01,24.39,33.48,18.09,0.0,48.39,4.45,6.82
DRS Louga,Keur Momar Sarr,2021-04-01,25.67,35.46,19.21,0.0,54.53,4.96,7.29
DRS Louga,Keur Momar Sarr,2021-05-01,25.49,34.0,19.83,0.07,59.98,4.79,6.71
DRS Louga,Keur Momar Sarr,2021-06-01,28.42,35.56,23.35,42.42,61.49,4.12,6.4
DRS Louga,Keur Momar Sarr,2021-07-01,28.33,33.53,24.42,13.14,65.92,3.98,6.54
DRS Louga,Keur Momar Sarr,2021-08-01,28.34,31.94,25.59,285.99,77.69,2.7,6.0
DRS Louga,Keur Momar Sarr,2021-09-01,28.7,32.72,25.8,148.61,78.14,2.38,6.12
DRS Louga,Keur Momar Sarr,2021-10-01,28.62,34.16,24.6,7.93,67.59,2.41,5.45
DRS Louga,Keur Momar Sarr,2021-11-01,27.38,34.24,22.35,4.92,54.89,2.83,5.3
DRS Louga,Keur Momar Sarr,2021-12-01,24.94,32.0,19.5,0.14,40.63,3.42,4.52
DRS Louga,Keur Momar Sarr,2022-01-01,24.21,31.45,18.47,0.1,38.19,3.84,5.05
DRS Louga,Keur Momar Sarr,2022-02-01,24.09,31.99,18.08,0.0,37.31,4.53,6.0
DRS Louga,Keur Momar Sarr,2022-03-01,23.91,32.82,17.45,0.0,46.24,4.67,6.72
DRS Louga,Keur Momar Sarr,2022-04-01,25.21,34.4,18.92,0.0,54.14,4.94,7.26
DRS Louga,Keur Momar Sarr,2022-05-01,27.93,36.26,21.86,1.2,53.77,4.02,7.02
DRS Louga,Keur Momar Sarr,2022-06-01,29.68,36.68,24.54,22.07,58.7,3.8,6.3
DRS Louga,Keur Momar Sarr,2022-07-01,28.6,33.44,25.04,127.23,68.88,4.0,5.92
DRS Louga,Keur Momar Sarr,2022-08-01,28.37,31.83,25.62,153.92,76.75,2.97,5.75
DRS Louga,Keur Momar Sarr,2022-09-01,28.51,32.01,25.67,116.23,78.68,2.35,5.8
DRS Louga,Keur Momar Sarr,2022-10-01,28.79,33.76,25.12,26.36,69.25,2.11,5.7
DRS Louga,Keur Momar Sarr,2022-11-01,26.35,33.83,20.09,0.0,43.71,2.69,5.35
DRS Louga,Keur Momar Sarr,2022-12-01,24.16,31.82,18.14,8.41,47.44,3.46,5.33
DRS Louga,Keur Momar Sarr,2023-01-01,23.15,30.66,17.3,0.53,39.11,3.92,5.09
DRS Louga,Keur Momar Sarr,2023-02-01,23.58,31.89,17.84,0.0,45.23,4.55,5.57
DRS Louga,Keur Momar Sarr,2023-03-01,27.31,36.52,20.22,0.0,39.86,3.75,6.94
DRS Louga,Keur Momar Sarr,2023-04-01,27.08,35.53,21.12,0.13,49.92,4.57,7.08
DRS Louga,Keur Momar Sarr,2023-05-01,28.64,36.48,23.01,0.0,53.38,4.63,6.71
DRS Louga,Keur Momar Sarr,2023-06-01,29.58,36.65,24.67,0.97,59.85,4.67,6.81
DRS Louga,Keur Momar Sarr,2023-07-01,29.7,33.98,26.41,145.6,69.25,3.39,6.15
DRS Louga,Keur Momar Sarr,2023-08-01,28.78,32.38,25.96,242.57,77.08,3.14,5.85
DRS Louga,Keur Momar Sarr,2023-09-01,28.41,31.42,26.1,128.41,82.3,2.26,5.97
DRS Louga,Keur Momar Sarr,2023-10-01,28.6,33.03,25.42,27.57,75.25,2.21,5.7
DRS Louga,Keur Momar Sarr,2023-11-01,26.17,34.38,19.87,0.0,48.97,2.81,5.6
DRS Louga,Keur Momar Sarr,2023-12-01,23.88,32.0,17.74,0.0,38.96,3.58,5.13
DRS Louga,Keur Momar Sarr,2024-01-01,24.34,32.88,17.9,0.0,36.39,3.3,5.33
DRS Louga,Keur Momar Sarr,2024-02-01,25.95,35.28,18.82,0.0,32.81,3.92,5.98
DRS Louga,Keur Momar Sarr,2024-03-01,24.81,33.97,18.5,0.0,52.7,4.09,6.76
DRS Louga,Keur Momar Sarr,2024-04-01,27.33,36.38,20.84,0.38,49.99,4.71,7.07
DRS Louga,Keur Momar Sarr,2024-05-01,28.34,37.36,22.17,0.0,55.19,4.55,7.11
DRS Louga,Keur Momar Sarr,2024-06-01,27.87,34.46,23.02,3.62,63.59,4.13,6.53
DRS Louga,Keur Momar Sarr,2024-07-01,28.87,33.56,25.4,113.95,70.38,3.9,5.99
DRS Louga,Keur Momar Sarr,2024-08-01,29.33,33.18,26.37,82.95,73.33,3.44,5.79
DRS Louga,Keur Momar Sarr,2024-09-01,29.02,32.92,25.94,113.45,72.94,2.91,5.16
DRS Louga,Keur Momar Sarr,2024-10-01,29.6,35.18,25.25,31.08,65.05,2.31,5.59
DRS Louga,Keur Momar Sarr,2024-11-01,27.33,35.0,21.01,0.0,46.12,2.87,5.61
DRS Louga,Keur Momar Sarr,2024-12-01,24.24,30.93,18.8,1.8,37.66,3.86,4.41
DRS Louga,Linguere,2021-01-01,24.01,33.21,16.9,0.0,28.22,3.88,5.32
DRS Louga,Linguere,2021-02-01,26.04,35.59,18.01,0.0,20.95,3.44,5.57
DRS Louga,Linguere,2021-03-01,28.46,38.19,19.94,0.04,23.68,3.42,6.82
DRS Louga,Linguere,2021-04-01,32.05,42.2,22.88,0.0,23.49,3.8,7.29
DRS Louga,Linguere,2021-05-01,32.65,42.38,23.64,0.0,28.21,3.96,6.71
DRS Louga,Linguere,2021-06-01,33.16,40.9,25.93,54.89,39.56,3.57,6.4
DRS Louga,Linguere,2021-07-01,31.2,37.95,25.09,65.73,52.4,3.21,6.54
DRS Louga,Linguere,2021-08-01,27.63,31.69,24.32,643.38,82.41,1.96,6.0
DRS Louga,Linguere,2021-09-01,27.45,31.63,23.98,129.38,84.31,1.68,6.12
DRS Louga,Linguere,2021-10-01,27.58,33.3,23.12,18.06,71.81,1.61,5.45
DRS Louga,Linguere,2021-11-01,27.55,34.9,21.7,0.49,48.0,2.07,5.3
DRS Louga,Linguere,2021-12-01,25.75,33.53,19.75,0.34,32.49,2.9,4.52
DRS Louga,Linguere,2022-01-01,25.4,34.09,18.3,0.04,21.52,3.47,5.05
DRS Louga,Linguere,2022-02-01,26.22,35.72,18.49,0.0,19.76,3.71,6.0
DRS Louga,Linguere,2022-03-01,28.12,38.01,19.42,0.0,20.48,3.71,6.72
DRS Louga,Linguere,2022-04-01,31.6,41.3,22.68,0.0,23.82,4.11,7.26
DRS Louga,Linguere,2022-05-01,33.21,41.98,24.69,5.45,27.39,3.55,7.02
DRS Louga,Linguere,2022-06-01,33.09,40.1,26.49,45.16,42.57,3.44,6.3
DRS Louga,Linguere,2022-07-01,30.23,35.72,25.25,218.31,61.7,2.99,5.92
DRS Louga,Linguere,2022-08-01,27.8,31.71,24.4,156.75,79.65,2.07,5.75
DRS Louga,Linguere,2022-09-01,27.32,30.99,24.19,198.59,84.51,1.62,5.8
DRS Louga,Linguere,2022-10-01,27.37,32.56,23.31,37.82,74.86,1.56,5.7
DRS Louga,Linguere,2022-11-01,25.11,33.4,18.56,0.0,45.82,2.14,5.35
DRS Louga,Linguere,2022-12-01,24.45,33.42,17.29,20.6,36.86,2.74,5.33
DRS Louga,Linguere,2023-01-01,24.04,32.92,16.99,0.07,27.34,3.31,5.09
DRS Louga,Linguere,2023-02-01,26.82,35.76,19.53,0.0,22.97,3.76,5.57
DRS Louga,Linguere,2023-03-01,30.03,39.99,21.08,0.0,21.66,3.33,6.94
DRS Louga,Linguere,2023-04-01,31.86,40.83,23.61,0.04,25.49,3.85,7.08
DRS Louga,Linguere,2023-05-01,33.86,41.93,26.14,0.21,28.52,3.61,6.71
DRS Louga,Linguere,2023-06-01,34.33,42.05,26.97,12.05,36.47,3.73,6.81
DRS Louga,Linguere,2023-07-01,31.16,36.42,26.46,156.28,60.45,2.65,6.15
DRS Louga,Linguere,2023-08-01,28.86,33.43,25.0,226.36,75.97,2.4,5.85
DRS Louga,Linguere,2023-09-01,27.69,31.43,24.63,126.19,83.86,1.74,5.97
DRS Louga,Linguere,2023-10-01,28.31,33.39,23.91,30.11,69.75,1.43,5.7
DRS Louga,Linguere,2023-11-01,27.2,36.62,19.44,0.0,32.79,2.18,5.6
DRS Louga,Linguere,2023-12-01,25.25,34.7,17.86,0.0,21.53,3.21,5.13
DRS Louga,Linguere,2024-01-01,25.34,35.23,17.58,0.0,20.61,3.09,5.33
DRS Louga,Linguere,2024-02-01,27.67,38.01,19.16,0.0,14.17,3.46,5.98
DRS Louga,Linguere,2024-03-01,29.66,39.8,20.79,0.0,22.88,3.24,6.76
DRS Louga,Linguere,2024-04-01,33.01,42.8,24.25,0.01,23.39,3.94,7.07
DRS Louga,Linguere,2024-05-01,34.64,44.0,25.62,0.01,25.27,3.52,7.11
DRS Louga,Linguere,2024-06-01,33.24,41.68,25.4,5.76,38.82,3.78,6.53
DRS Louga,Linguere,2024-07-01,30.75,36.33,25.71,141.41,61.33,3.22,5.99
DRS Louga,Linguere,2024-08-01,29.32,33.97,25.32,145.52,72.26,2.49,5.79
DRS Louga,Linguere,2024-09-01,28.32,32.61,24.67,193.43,75.94,2.06,5.16
DRS Louga,Linguere,2024-10-01,28.27,34.0,23.64,35.5,67.66,1.76,5.59
DRS Louga,Linguere,2024-11-01,26.95,35.96,19.93,0.0,43.0,2.45,5.61
DRS Louga,Linguere,2024-12-01,24.49,32.55,18.3,4.34,29.18,3.29,4.41
DRS Louga,Louga,2021-01-01,22.76,30.33,16.93,0.0,39.02,4.46,5.27
DRS Louga,Louga,2021-02-01,24.04,32.46,17.47,0.0,35.12,4.18,5.65
DRS Louga,Louga,2021-03-01,24.39,33.48,18.09,0.0,48.39,4.45,6.93
DRS Louga,Louga,2021-04-01,25.67,35.46,19.21,0.0,54.53,4.96,7.37
DRS Louga,Louga,2021-05-01,25.49,34.0,19.83,0.07,59.98,4.79,6.77
DRS Louga,Louga,2021-06-01,28.42,35.56,23.35,42.42,61.49,4.12,6.27
DRS Louga,Louga,2021-07-01,28.33,33.53,24.42,13.14,65.92,3.98,6.17
DRS Louga,Louga,2021-08-01,28.34,31.94,25.59,285.99,77.69,2.7,5.69
DRS Louga,Louga,2021-09-01,28.7,32.72,25.8,148.61,78.14,2.38,5.87
DRS Louga,Louga,2021-10-01,28.62,34.16,24.6,7.93,67.59,2.41,5.47
DRS Louga,Louga,2021-11-01,27.38,34.24,22.35,4.92,54.89,2.83,5.22
DRS Louga,Louga,2021-12-01,24.94,32.0,19.5,0.14,40.63,3.42,4.3
DRS Louga,Louga,2022-01-01,24.21,31.45,18.47,0.1,38.19,3.84,5.01
DRS Louga,Louga,2022-02-01,24.09,31.99,18.08,0.0,37.31,4.53,6.01
DRS Louga,Louga,2022-03-01,23.91,32.82,17.45,0.0,46.24,4.67,6.75
DRS Louga,Louga,2022-04-01,25.21,34.4,18.92,0.0,54.14,4.94,7.0
DRS Louga,Louga,2022-05-01,27.93,36.26,21.86,1.2,53.77,4.02,6.68
DRS Louga,Louga,2022-06-01,29.68,36.68,24.54,22.07,58.7,3.8,5.95
DRS Louga,Louga,2022-07-01,28.6,33.44,25.04,127.23,68.88,4.0,5.58
DRS Louga,Louga,2022-08-01,28.37,31.83,25.62,153.92,76.75,2.97,5.44
DRS Louga,Louga,2022-09-01,28.51,32.01,25.67,116.23,78.68,2.35,5.6
DRS Louga,Louga,2022-10-01,28.79,33.76,25.12,26.36,69.25,2.11,5.65
DRS Louga,Louga,2022-11-01,26.35,33.83,20.09,0.0,43.71,2.69,5.29
DRS Louga,Louga,2022-12-01,24.16,31.82,18.14,8.41,47.44,3.46,5.42
DRS Louga,Louga,2023-01-01,23.15,30.66,17.3,0.53,39.11,3.92,5.01
DRS Louga,Louga,2023-02-01,23.58,31.89,17.84,0.0,45.23,4.55,5.45
DRS Louga,Louga,2023-03-01,27.31,36.52,20.22,0.0,39.86,3.75,6.83
DRS Louga,Louga,2023-04-01,27.08,35.53,21.12,0.13,49.92,4.57,6.91
DRS Louga,Louga,2023-05-01,28.64,36.48,23.01,0.0,53.38,4.63,6.5
DRS Louga,Louga,2023-06-01,29.58,36.65,24.67,0.97,59.85,4.67,6.61
DRS Louga,Louga,2023-07-01,29.7,33.98,26.41,145.6,69.25,3.39,5.69
DRS Louga,Louga,2023-08-01,28.78,32.38,25.96,242.57,77.08,3.14,5.74
DRS Louga,Louga,2023-09-01,28.41,31.42,26.1,128.41,82.3,2.26,5.82
DRS Louga,Louga,2023-10-01,28.6,33.03,25.42,27.57,75.25,2.21,5.74
DRS Louga,Louga,2023-11-01,26.17,34.38,19.87,0.0,48.97,2.81,5.63
DRS Louga,Louga,2023-12-01,23.88,32.0,17.74,0.0,38.96,3.58,5.18
DRS Louga,Louga,2024-01-01,24.34,32.88,17.9,0.0,36.39,3.3,5.33
DRS Louga,Louga,2024-02-01,25.95,35.28,18.82,0.0,32.81,3.92,5.92
DRS Louga,Louga,2024-03-01,24.81,33.97,18.5,0.0,52.7,4.09,6.8
DRS Louga,Louga,2024-04-01,27.33,36.38,20.84,0.38,49.99,4.71,6.86
DRS Louga,Louga,2024-05-01,28.34,37.36,22.17,0.0,55.19,4.55,6.89
DRS Louga,Louga,2024-06-01,27.87,34.46,23.02,3.62,63.59,4.13,6.41
DRS Louga,Louga,2024-07-01,28.87,33.56,25.4,113.95,70.38,3.9,5.64
DRS Louga,Louga,2024-08-01,29.33,33.18,26.37,82.95,73.33,3.44,5.49
DRS Louga,Louga,2024-09-01,29.02,32.92,25.94,113.45,72.94,2.91,5.32
DRS Louga,Louga,2024-10-01,29.6,35.18,25.25,31.08,65.05,2.31,5.56
DRS Louga,Louga,2024-11-01,27.33,35.0,21.01,0.0,46.12,2.87,5.67
DRS Louga,Louga,2024-12-01,24.24,30.93,18.8,1.8,37.66,3.86,4.37
DRS Louga,Sakal,2021-01-01,22.76,30.33,16.93,0.0,39.02,4.46,5.27
DRS Louga,Sakal,2021-02-01,24.04,32.46,17.47,0.0,35.12,4.18,5.65
DRS Louga,Sakal,2021-03-01,24.39,33.48,18.09,0.0,48.39,4.45,6.93
DRS Louga,Sakal,2021-04-01,25.67,35.46,19.21,0.0,54.53,4.96,7.37
DRS Louga,Sakal,2021-05-01,25.49,34.0,19.83,0.07,59.98,4.79,6.77
DRS Louga,Sakal,2021-06-01,28.42,35.56,23.35,42.42,61.49,4.12,6.27
DRS Louga,Sakal,2021-07-01,28.33,33.53,24.42,13.14,65.92,3.98,6.17
DRS Louga,Sakal,2021-08-01,28.34,31.94,25.59,285.99,77.69,2.7,5.69
DRS Louga,Sakal,2021-09-01,28.7,32.72,25.8,148.61,78.14,2.38,5.87
DRS Louga,Sakal,2021-10-01,28.62,34.16,24.6,7.93,67.59,2.41,5.47
DRS Louga,Sakal,2021-11-01,27.38,34.24,22.35,4.92,54.89,2.83,5.22
DRS Louga,Sakal,2021-12-01,24.94,32.0,19.5,0.14,40.63,3.42,4.3
DRS Louga,Sakal,2022-01-01,24.21,31.45,18.47,0.1,38.19,3.84,5.01
DRS Louga,Sakal,2022-02-01,24.09,31.99,18.08,0.0,37.31,4.53,6.01
DRS Louga,Sakal,2022-03-01,23.91,32.82,17.45,0.0,46.24,4.67,6.75
DRS Louga,Sakal,2022-04-01,25.21,34.4,18.92,0.0,54.14,4.94,7.0
DRS Louga,Sakal,2022-05-01,27.93,36.26,21.86,1.2,53.77,4.02,6.68
DRS Louga,Sakal,2022-06-01,29.68,36.68,24.54,22.07,58.7,3.8,5.95
DRS Louga,Sakal,2022-07-01,28.6,33.44,25.04,127.23,68.88,4.0,5.58
DRS Louga,Sakal,2022-08-01,28.37,31.83,25.62,153.92,76.75,2.97,5.44
DRS Louga,Sakal,2022-09-01,28.51,32.01,25.67,116.23,78.68,2.35,5.6
DRS Louga,Sakal,2022-10-01,28.79,33.76,25.12,26.36,69.25,2.11,5.65
DRS Louga,Sakal,2022-11-01,26.35,33.83,20.09,0.0,43.71,2.69,5.29
DRS Louga,Sakal,2022-12-01,24.16,31.82,18.14,8.41,47.44,3.46,5.42
DRS Louga,Sakal,2023-01-01,23.15,30.66,17.3,0.53,39.11,3.92,5.01
DRS Louga,Sakal,2023-02-01,23.58,31.89,17.84,0.0,45.23,4.55,5.45
DRS Louga,Sakal,2023-03-01,27.31,36.52,20.22,0.0,39.86,3.75,6.83
DRS Louga,Sakal,2023-04-01,27.08,35.53,21.12,0.13,49.92,4.57,6.91
DRS Louga,Sakal,2023-05-01,28.64,36.48,23.01,0.0,53.38,4.63,6.5
DRS Louga,Sakal,2023-06-01,29.58,36.65,24.67,0.97,59.85,4.67,6.61
DRS Louga,Sakal,2023-07-01,29.7,33.98,26.41,145.6,69.25,3.39,5.69
DRS Louga,Sakal,2023-08-01,28.78,32.38,25.96,242.57,77.08,3.14,5.74
DRS Louga,Sakal,2023-09-01,28.41,31.42,26.1,128.41,82.3,2.26,5.82
DRS Louga,Sakal,2023-10-01,28.6,33.03,25.42,27.57,75.25,2.21,5.74
DRS Louga,Sakal,2023-11-01,26.17,34.38,19.87,0.0,48.97,2.81,5.63
DRS Louga,Sakal,2023-12-01,23.88,32.0,17.74,0.0,38.96,3.58,5.18
DRS Louga,Sakal,2024-01-01,24.34,32.88,17.9,0.0,36.39,3.3,5.33
DRS Louga,Sakal,2024-02-01,25.95,35.28,18.82,0.0,32.81,3.92,5.92
DRS Louga,Sakal,2024-03-01,24.81,33.97,18.5,0.0,52.7,4.09,6.8
DRS Louga,Sakal,2024-04-01,27.33,36.38,20.84,0.38,49.99,4.71,6.86
DRS Louga,Sakal,2024-05-01,28.34,37.36,22.17,0.0,55.19,4.55,6.89
DRS Louga,Sakal,2024-06-01,27.87,34.46,23.02,3.62,63.59,4.13,6.41
DRS Louga,Sakal,2024-07-01,28.87,33.56,25.4,113.95,70.38,3.9,5.64
DRS Louga,Sakal,2024-08-01,29.33,33.18,26.37,82.95,73.33,3.44,5.49
DRS Louga,Sakal,2024-09-01,29.02,32.92,25.94,113.45,72.94,2.91,5.32
DRS Louga,Sakal,2024-10-01,29.6,35.18,25.25,31.08,65.05,2.31,5.56
DRS Louga,Sakal,2024-11-01,27.33,35.0,21.01,0.0,46.12,2.87,5.67
DRS Louga,Sakal,2024-12-01,24.24,30.93,18.8,1.8,37.66,3.86,4.37
DRS Matam,Kanel,2021-01-01,23.1,32.53,15.82,0.0,34.36,3.63,5.49
DRS Matam,Kanel,2021-02-01,26.35,35.42,18.67,0.0,20.58,3.2,5.65
DRS Matam,Kanel,2021-03-01,29.95,38.74,21.64,0.0,18.39,3.0,6.86
DRS Matam,Kanel,2021-04-01,34.22,42.95,25.2,0.0,15.3,3.07,7.3
DRS Matam,Kanel,2021-05-01,35.81,43.39,28.03,0.01,18.57,3.29,6.73
DRS Matam,Kanel,2021-06-01,34.85,41.23,28.66,39.69,35.97,3.28,6.33
DRS Matam,Kanel,2021-07-01,31.31,37.04,26.29,192.35,55.97,3.25,6.43
DRS Matam,Kanel,2021-08-01,27.97,32.04,24.62,312.15,81.4,2.21,5.92
DRS Matam,Kanel,2021-09-01,28.16,32.54,24.47,193.95,80.79,1.84,6.15
DRS Matam,Kanel,2021-10-01,28.09,33.81,23.44,14.87,71.83,1.71,5.64
DRS Matam,Kanel,2021-11-01,26.95,33.9,21.22,1.68,54.21,2.02,5.28
DRS Matam,Kanel,2021-12-01,24.78,32.5,18.85,0.11,35.84,3.16,4.69
DRS Matam,Kanel,2022-01-01,25.13,33.6,18.0,0.0,19.52,3.72,5.19
DRS Matam,Kanel,2022-02-01,26.67,35.7,18.96,0.0,15.94,3.61,6.1
DRS Matam,Kanel,2022-03-01,29.57,38.83,21.08,0.0,15.33,3.46,6.74
DRS Matam,Kanel,2022-04-01,33.69,42.11,25.35,0.0,15.69,3.64,7.32
DRS Matam,Kanel,2022-05-01,35.03,42.44,27.24,16.75,21.7,3.19,7.03
DRS Matam,Kanel,2022-06-01,33.39,39.27,27.8,72.42,45.5,3.13,6.15
DRS Matam,Kanel,2022-07-01,30.2,35.12,25.85,199.29,64.53,3.18,5.72
DRS Matam,Kanel,2022-08-01,27.95,31.95,24.46,415.81,80.07,2.39,5.45
DRS Matam,Kanel,2022-09-01,27.53,31.28,24.23,244.54,83.75,1.71,5.73
DRS Matam,Kanel,2022-10-01,27.05,32.08,22.91,47.55,77.36,1.69,5.64
DRS Matam,Kanel,2022-11-01,23.07,30.66,16.25,0.0,57.8,2.15,5.39
DRS Matam,Kanel,2022-12-01,23.37,31.74,16.4,0.26,43.93,2.65,5.17
DRS Matam,Kanel,2023-01-01,23.55,32.33,16.39,0.0,26.36,3.22,5.21
DRS Matam,Kanel,2023-02-01,27.62,36.42,20.23,0.0,19.64,3.35,5.6
DRS Matam,Kanel,2023-03-01,30.53,39.96,21.65,1.31,17.43,3.07,6.9
DRS Matam,Kanel,2023-04-01,33.09,41.34,24.94,0.01,21.01,3.65,6.96
DRS Matam,Kanel,2023-05-01,35.22,41.94,28.28,8.36,24.41,3.26,6.52
DRS Matam,Kanel,2023-06-01,34.73,41.1,28.6,70.15,38.02,3.32,6.8
DRS Matam,Kanel,2023-07-01,30.22,34.78,26.21,286.19,69.37,2.5,6.27
DRS Matam,Kanel,2023-08-01,29.14,33.72,25.22,213.78,75.23,2.52,5.83
DRS Matam,Kanel,2023-09-01,28.33,32.64,24.93,147.25,81.05,2.04,5.84
DRS Matam,Kanel,2023-10-01,28.78,34.36,24.27,26.45,69.65,1.63,5.56
DRS Matam,Kanel,2023-11-01,26.87,36.14,19.08,0.0,35.62,2.16,5.59
DRS Matam,Kanel,2023-12-01,24.84,34.05,17.58,0.0,21.92,3.45,5.08
DRS Matam,Kanel,2024-01-01,25.47,35.17,17.61,0.0,16.51,3.39,5.26
DRS Matam,Kanel,2024-02-01,27.86,37.79,19.29,0.0,11.93,3.58,5.99
DRS Matam,Kanel,2024-03-01,31.22,40.43,22.59,0.0,14.61,2.9,6.58
DRS Matam,Kanel,2024-04-01,34.81,43.1,26.48,0.26,17.49,3.36,6.92
DRS Matam,Kanel,2024-05-01,37.11,44.52,29.1,2.1,17.95,2.85,7.08
DRS Matam,Kanel,2024-06-01,35.21,41.97,28.64,25.02,33.49,3.5,6.57
DRS Matam,Kanel,2024-07-01,30.16,34.63,26.2,330.05,68.13,3.06,5.65
DRS Matam,Kanel,2024-08-01,28.65,32.67,25.16,195.65,78.67,2.63,5.85
DRS Matam,Kanel,2024-09-01,27.87,31.84,24.76,174.69,80.9,2.13,5.4
DRS Matam,Kanel,2024-10-01,27.98,33.7,23.24,22.24,71.29,1.82,5.6
DRS Matam,Kanel,2024-11-01,24.91,33.84,18.21,0.0,54.61,2.51,5.72
DRS Matam,Kanel,2024-12-01,22.87,31.12,16.4,1.23,37.32,3.46,4.33
DRS Matam,Matam,2021-01-01,23.1,32.53,15.82,0.0,34.36,3.63,5.49
DRS Matam,Matam,2021-02-01,26.35,35.42,18.67,0.0,20.58,3.2,5.65
DRS Matam,Matam,2021-03-01,29.95,38.74,21.64,0.0,18.39,3.0,6.86
DRS Matam,Matam,2021-04-01,34.22,42.95,25.2,0.0,15.3,3.07,7.3
DRS Matam,Matam,2021-05-01,35.81,43.39,28.03,0.01,18.57,3.29,6.73
DRS Matam,Matam,2021-06-01,34.85,41.23,28.66,39.69,35.97,3.28,6.33
DRS Matam,Matam,2021-07-01,31.31,37.04,26.29,192.35,55.97,3.25,6.43
DRS Matam,Matam,2021-08-01,27.97,32.04,24.62,312.15,81.4,2.21,5.92
DRS Matam,Matam,2021-09-01,28.16,32.54,24.47,193.95,80.79,1.84,6.15
DRS Matam,Matam,2021-10-01,28.09,33.81,23.44,14.87,71.83,1.71,5.64
DRS Matam,Matam,2021-11-01,26.95,33.9,21.22,1.68,54.21,2.02,5.28
DRS Matam,Matam,2021-12-01,24.78,32.5,18.85,0.11,35.84,3.16,4.69
DRS Matam,Matam,2022-01-01,25.13,33.6,18.0,0.0,19.52,3.72,5.19
DRS Matam,Matam,2022-02-01,26.67,35.7,18.96,0.0,15.94,3.61,6.1
DRS Matam,Matam,2022-03-01,29.57,38.83,21.08,0.0,15.33,3.46,6.74
DRS Matam,Matam,2022-04-01,33.69,42.11,25.35,0.0,15.69,3.64,7.32
DRS Matam,Matam,2022-05-01,35.03,42.44,27.24,16.75,21.7,3.19,7.03
DRS Matam,Matam,2022-06-01,33.39,39.27,27.8,72.42,45.5,3.13,6.15
DRS Matam,Matam,2022-07-01,30.2,35.12,25.85,199.29,64.53,3.18,5.72
DRS Matam,Matam,2022-08-01,27.95,31.95,24.46,415.81,80.07,2.39,5.45
DRS Matam,Matam,2022-09-01,27.53,31.28,24.23,244.54,83.75,1.71,5.73
DRS Matam,Matam,2022-10-01,27.05,32.08,22.91,47.55,77.36,1.69,5.64
DRS Matam,Matam,2022-11-01,23.07,30.66,16.25,0.0,57.8,2.15,5.39
DRS Matam,Matam,2022-12-01,23.37,31.74,16.4,0.26,43.93,2.65,5.17
DRS Matam,Matam,2023-01-01,23.55,32.33,16.39,0.0,26.36,3.22,5.21
DRS Matam,Matam,2023-02-01,27.62,36.42,20.23,0.0,19.64,3.35,5.6
DRS Matam,Matam,2023-03-01,30.53,39.96,21.65,1.31,17.43,3.07,6.9
DRS Matam,Matam,2023-04-01,33.09,41.34,24.94,0.01,21.01,3.65,6.96
DRS Matam,Matam,2023-05-01,35.22,41.94,28.28,8.36,24.41,3.26,6.52
DRS Matam,Matam,2023-06-01,34.73,41.1,28.6,70.15,38.02,3.32,6.8
DRS Matam,Matam,2023-07-01,30.22,34.78,26.21,286.19,69.37,2.5,6.27
DRS Matam,Matam,2023-08-01,29.14,33.72,25.22,213.78,75.23,2.52,5.83
DRS Matam,Matam,2023-09-01,28.33,32.64,24.93,147.25,81.05,2.04,5.84
DRS Matam,Matam,2023-10-01,28.78,34.36,24.27,26.45,69.65,1.63,5.56
DRS Matam,Matam,2023-11-01,26.87,36.14,19.08,0.0,35.62,2.16,5.59
DRS Matam,Matam,2023-12-01,24.84,34.05,17.58,0.0,21.92,3.45,5.08
DRS Matam,Matam,2024-01-01,25.47,35.17,17.61,0.0,16.51,3.39,5.26
DRS Matam,Matam,2024-02-01,27.86,37.79,19.29,0.0,11.93,3.58,5.99
DRS Matam,Matam,2024-03-01,31.22,40.43,22.59,0.0,14.61,2.9,6.58
DRS Matam,Matam,2024-04-01,34.81,43.1,26.48,0.26,17.49,3.36,6.92
DRS Matam,Matam,2024-05-01,37.11,44.52,29.1,2.1,17.95,2.85,7.08
DRS Matam,Matam,2024-06-01,35.21,41.97,28.64,25.02,33.49,3.5,6.57
DRS Matam,Matam,2024-07-01,30.16,34.63,26.2,330.05,68.13,3.06,5.65
DRS Matam,Matam,2024-08-01,28.65,32.67,25.16,195.65,78.67,2.63,5.85
DRS Matam,Matam,2024-09-01,27.87,31.84,24.76,174.69,80.9,2.13,5.4
DRS Matam,Matam,2024-10-01,27.98,33.7,23.24,22.24,71.29,1.82,5.6
DRS Matam,Matam,2024-11-01,24.91,33.84,18.21,0.0,54.61,2.51,5.72
DRS Matam,Matam,2024-12-01,22.87,31.12,16.4,1.23,37.32,3.46,4.33
DRS Matam,Ranerou,2021-01-01,23.61,33.14,16.18,0.0,30.24,3.77,5.49
DRS Matam,Ranerou,2021-02-01,26.48,35.78,18.58,0.0,18.64,3.24,5.65
DRS Matam,Ranerou,2021-03-01,29.58,38.86,21.14,0.0,18.12,3.15,6.86
DRS Matam,Ranerou,2021-04-01,33.8,43.06,24.7,0.0,15.76,3.37,7.3
DRS Matam,Ranerou,2021-05-01,35.04,43.43,26.52,0.0,19.18,3.42,6.73
DRS Matam,Ranerou,2021-06-01,34.32,41.32,27.54,51.29,36.23,3.32,6.33
DRS Matam,Ranerou,2021-07-01,31.21,37.36,25.77,157.93,53.97,3.02,6.43
DRS Matam,Ranerou,2021-08-01,27.5,31.5,24.16,349.31,83.47,2.03,5.92
DRS Matam,Ranerou,2021-09-01,27.51,31.68,23.95,158.77,83.76,1.75,6.15
DRS Matam,Ranerou,2021-10-01,27.44,32.93,22.95,11.86,73.86,1.6,5.64
DRS Matam,Ranerou,2021-11-01,26.92,34.3,21.07,2.01,53.28,1.99,5.28
DRS Matam,Ranerou,2021-12-01,25.24,33.17,19.23,0.09,33.59,3.14,4.69
DRS Matam,Ranerou,2022-01-01,25.4,34.07,18.21,0.0,18.14,3.68,5.19
DRS Matam,Ranerou,2022-02-01,26.68,35.96,18.89,0.0,15.45,3.65,6.1
DRS Matam,Ranerou,2022-03-01,29.26,38.88,20.61,0.0,14.82,3.55,6.74
DRS Matam,Ranerou,2022-04-01,33.26,42.11,24.68,0.0,16.36,3.8,7.32
DRS Matam,Ranerou,2022-05-01,34.59,42.56,26.49,10.72,21.5,3.34,7.03
DRS Matam,Ranerou,2022-06-01,33.26,39.54,27.3,68.3,43.99,3.08,6.15
DRS Matam,Ranerou,2022-07-01,29.87,34.93,25.42,220.14,64.67,2.92,5.72
DRS Matam,Ranerou,2022-08-01,27.53,31.39,24.16,209.1,81.74,2.2,5.45
DRS Matam,Ranerou,2022-09-01,27.07,30.7,23.89,239.7,85.78,1.62,5.73
DRS Matam,Ranerou,2022-10-01,26.72,31.66,22.73,45.1,79.12,1.59,5.64
DRS Matam,Ranerou,2022-11-01,23.32,31.23,16.75,0.0,55.98,2.12,5.39
DRS Matam,Ranerou,2022-12-01,23.59,32.47,16.45,2.09,41.34,2.7,5.17
DRS Matam,Ranerou,2023-01-01,24.15,33.03,16.98,0.0,22.83,3.24,5.21
DRS Matam,Ranerou,2023-02-01,27.67,36.67,20.32,0.0,18.61,3.53,5.6
DRS Matam,Ranerou,2023-03-01,30.47,40.25,21.44,0.0,16.75,3.12,6.9
DRS Matam,Ranerou,2023-04-01,32.97,41.52,24.65,0.04,20.42,3.69,6.96
DRS Matam,Ranerou,2023-05-01,35.06,42.28,27.73,0.39,23.55,3.36,6.52
DRS Matam,Ranerou,2023-06-01,34.86,41.58,28.39,42.58,35.01,3.38,6.8
DRS Matam,Ranerou,2023-07-01,30.45,35.33,26.1,218.01,65.79,2.37,6.27
DRS Matam,Ranerou,2023-08-01,28.89,33.52,24.96,217.73,75.68,2.35,5.83
DRS Matam,Ranerou,2023-09-01,27.77,31.81,24.56,153.99,83.5,1.88,5.84
DRS Matam,Ranerou,2023-10-01,28.22,33.59,23.74,36.88,71.12,1.45,5.56
DRS Matam,Ranerou,2023-11-01,26.55,35.88,18.8,0.0,37.25,2.15,5.59
DRS Matam,Ranerou,2023-12-01,25.01,34.44,17.59,0.0,20.37,3.39,5.08
DRS Matam,Ranerou,2024-01-01,25.46,35.29,17.62,0.0,15.99,3.25,5.26
DRS Matam,Ranerou,2024-02-01,27.82,38.02,19.16,0.0,11.16,3.54,5.99
DRS Matam,Ranerou,2024-03-01,30.89,40.52,22.05,0.0,15.41,2.96,6.58
DRS Matam,Ranerou,2024-04-01,34.41,43.25,25.84,0.05,17.56,3.53,6.92
DRS Matam,Ranerou,2024-05-01,36.56,44.64,28.06,0.61,17.7,2.99,7.08
DRS Matam,Ranerou,2024-06-01,34.84,42.16,27.68,15.94,32.32,3.42,6.57
DRS Matam,Ranerou,2024-07-01,30.22,35.1,25.93,251.29,66.01,2.96,5.65
DRS Matam,Ranerou,2024-08-01,28.47,32.58,24.88,167.67,78.45,2.39,5.85
DRS Matam,Ranerou,2024-09-01,27.68,31.64,24.45,195.19,80.92,1.99,5.4
DRS Matam,Ranerou,2024-10-01,27.65,33.29,23.01,27.74,72.06,1.74,5.6
DRS Matam,Ranerou,2024-11-01,25.44,34.73,18.59,0.0,51.51,2.48,5.72
DRS Matam,Ranerou,2024-12-01,23.64,32.16,17.05,3.11,32.69,3.45,4.33
DRS Matam,Thilogne,2021-01-01,23.69,32.87,16.45,0.0,28.05,3.88,5.49
DRS Matam,Thilogne,2021-02-01,26.32,35.51,18.58,0.0,18.54,3.33,5.65
DRS Matam,Thilogne,2021-03-01,29.3,38.42,20.9,0.0,18.45,3.23,6.86
DRS Matam,Thilogne,2021-04-01,33.76,42.9,24.8,0.0,16.05,3.62,7.3
DRS Matam,Thilogne,2021-05-01,35.03,43.44,26.56,0.0,19.11,3.54,6.73
DRS Matam,Thilogne,2021-06-01,34.82,41.92,27.87,28.57,33.02,3.64,6.33
DRS Matam,Thilogne,2021-07-01,32.62,38.93,26.69,78.39,45.24,3.49,6.43
DRS Matam,Thilogne,2021-08-01,28.62,33.08,24.86,329.82,76.55,2.33,5.92
DRS Matam,Thilogne,2021-09-01,28.71,33.69,24.6,118.51,76.26,2.06,6.15
DRS Matam,Thilogne,2021-10-01,28.96,35.35,23.82,5.59,62.03,1.94,5.64
DRS Matam,Thilogne,2021-11-01,28.03,35.61,22.0,1.07,44.4,2.29,5.28
DRS Matam,Thilogne,2021-12-01,25.86,33.56,19.93,0.11,28.84,3.19,4.69
DRS Matam,Thilogne,2022-01-01,25.39,33.81,18.41,0.04,17.4,3.75,5.19
DRS Matam,Thilogne,2022-02-01,26.52,35.51,18.93,0.0,15.4,3.74,6.1
DRS Matam,Thilogne,2022-03-01,28.83,38.2,20.34,0.0,15.32,3.61,6.74
DRS Matam,Thilogne,2022-04-01,32.99,41.77,24.38,0.0,16.78,3.84,7.32
DRS Matam,Thilogne,2022-05-01,34.69,42.62,26.62,14.86,21.23,3.47,7.03
DRS Matam,Thilogne,2022-06-01,34.02,40.28,27.8,42.89,39.63,3.15,6.15
DRS Matam,Thilogne,2022-07-01,31.41,36.81,26.49,120.35,55.61,3.38,5.72
DRS Matam,Thilogne,2022-08-01,28.97,33.33,25.13,163.86,73.02,2.53,5.45
DRS Matam,Thilogne,2022-09-01,28.13,32.38,24.53,169.49,79.76,1.92,5.73
DRS Matam,Thilogne,2022-10-01,27.98,33.93,23.36,32.99,69.62,1.82,5.64
DRS Matam,Thilogne,2022-11-01,24.75,33.54,17.57,0.0,44.31,2.4,5.39
DRS Matam,Thilogne,2022-12-01,24.51,33.26,17.33,5.7,32.85,2.88,5.17
DRS Matam,Thilogne,2023-01-01,24.29,32.88,17.35,0.04,21.16,3.28,5.21
DRS Matam,Thilogne,2023-02-01,27.29,36.0,20.1,0.0,18.93,3.58,5.6
DRS Matam,Thilogne,2023-03-01,30.23,39.83,21.28,0.0,17.28,3.2,6.9
DRS Matam,Thilogne,2023-04-01,32.64,41.14,24.45,0.14,21.29,3.83,6.96
DRS Matam,Thilogne,2023-05-01,35.06,42.2,27.88,0.55,23.26,3.51,6.52
DRS Matam,Thilogne,2023-06-01,35.77,42.6,28.86,13.28,30.24,3.64,6.8
DRS Matam,Thilogne,2023-07-01,31.4,36.47,26.83,207.54,60.26,2.7,6.27
DRS Matam,Thilogne,2023-08-01,30.3,35.51,25.78,133.31,67.06,2.72,5.83
DRS Matam,Thilogne,2023-09-01,29.08,33.95,25.26,109.63,75.05,2.21,5.84
DRS Matam,Thilogne,2023-10-01,29.87,36.19,24.62,21.84,58.43,1.74,5.56
DRS Matam,Thilogne,2023-11-01,27.74,36.99,19.95,0.0,27.06,2.45,5.59
DRS Matam,Thilogne,2023-12-01,25.35,34.45,18.14,0.0,18.48,3.52,5.08
DRS Matam,Thilogne,2024-01-01,25.2,34.91,17.53,0.0,16.01,3.34,5.26
DRS Matam,Thilogne,2024-02-01,27.59,37.62,19.01,0.0,11.32,3.55,5.99
DRS Matam,Thilogne,2024-03-01,30.53,39.95,21.85,0.0,15.62,3.01,6.58
DRS Matam,Thilogne,2024-04-01,34.15,42.98,25.63,0.31,17.84,3.74,6.92
DRS Matam,Thilogne,2024-05-01,36.62,44.65,28.17,0.15,17.24,3.23,7.08
DRS Matam,Thilogne,2024-06-01,34.94,42.14,27.69,21.45,31.42,3.45,6.57
DRS Matam,Thilogne,2024-07-01,31.79,37.11,26.99,122.81,56.55,3.42,5.65
DRS Matam,Thilogne,2024-08-01,29.97,34.67,25.88,139.0,69.28,2.85,5.85
DRS Matam,Thilogne,2024-09-01,28.83,33.45,25.09,138.25,73.49,2.45,5.4
DRS Matam,Thilogne,2024-10-01,29.04,35.66,23.74,27.44,61.95,2.05,5.6
DRS Matam,Thilogne,2024-11-01,26.16,35.44,19.01,0.0,44.64,2.68,5.72
DRS Matam,Thilogne,2024-12-01,24.03,32.24,17.71,0.7,28.72,3.53,4.33
DRS Saint-Louis,Dagana,2021-01-01,22.63,31.39,15.82,0.0,33.91,4.16,5.23
DRS Saint-Louis,Dagana,2021-02-01,24.47,34.06,16.56,0.0,26.61,3.82,5.71
DRS Saint-Louis,Dagana,2021-03-01,26.41,36.59,18.13,0.0,33.24,3.89,6.83
DRS Saint-Louis,Dagana,2021-04-01,29.39,40.23,20.93,0.0,35.22,4.42,7.29
DRS Saint-Louis,Dagana,2021-05-01,29.69,40.47,21.38,0.02,40.44,4.57,6.96
DRS Saint-Louis,Dagana,2021-06-01,31.63,40.22,24.6,15.4,44.69,4.25,6.69
DRS Saint-Louis,Dagana,2021-07-01,30.26,37.7,24.49,8.88,55.45,4.17,6.7
DRS Saint-Louis,Dagana,2021-08-01,30.13,35.46,25.82,188.91,66.38,2.69,6.24
DRS Saint-Louis,Dagana,2021-09-01,30.54,36.59,25.84,98.44,65.35,2.4,6.23
DRS Saint-Louis,Dagana,2021-10-01,30.3,37.56,24.48,7.21,51.86,2.38,5.62
DRS Saint-Louis,Dagana,2021-11-01,28.43,36.08,22.23,5.11,40.61,2.63,5.15
DRS Saint-Louis,Dagana,2021-12-01,25.41,33.23,19.33,0.13,31.3,3.28,4.25
DRS Saint-Louis,Dagana,2022-01-01,24.52,32.67,17.93,0.12,26.26,3.56,4.92
DRS Saint-Louis,Dagana,2022-02-01,25.21,34.29,17.93,0.0,24.59,4.1,5.81
DRS Saint-Louis,Dagana,2022-03-01,26.03,36.03,17.7,0.0,29.9,4.05,6.75
DRS Saint-Louis,Dagana,2022-04-01,28.77,39.35,20.32,0.0,35.2,4.46,7.25
DRS Saint-Louis,Dagana,2022-05-01,31.14,40.81,22.97,2.48,36.76,3.92,7.02
DRS Saint-Louis,Dagana,2022-06-01,32.9,40.8,26.07,16.79,43.62,3.76,6.51
DRS Saint-Louis,Dagana,2022-07-01,30.61,37.25,25.35,68.45,58.1,4.04,6.34
DRS Saint-Louis,Dagana,2022-08-01,29.79,34.79,25.72,170.53,67.99,2.93,6.12
DRS Saint-Louis,Dagana,2022-09-01,29.65,34.41,25.68,78.39,70.21,2.29,5.94
DRS Saint-Louis,Dagana,2022-10-01,29.77,36.13,24.75,20.17,58.97,1.94,5.85
DRS Saint-Louis,Dagana,2022-11-01,26.17,34.68,19.14,0.0,34.71,2.54,5.4
DRS Saint-Louis,Dagana,2022-12-01,24.13,33.06,17.18,18.12,37.76,3.09,5.26
DRS Saint-Louis,Dagana,2023-01-01,23.12,31.7,16.37,0.53,31.05,3.51,4.97
DRS Saint-Louis,Dagana,2023-02-01,25.28,34.01,18.49,0.0,29.16,3.93,5.38
DRS Saint-Louis,Dagana,2023-03-01,28.92,38.9,20.49,0.0,27.92,3.53,6.87
DRS Saint-Louis,Dagana,2023-04-01,29.67,39.21,21.89,0.22,35.42,4.19,6.88
DRS Saint-Louis,Dagana,2023-05-01,31.66,40.74,24.21,0.15,37.27,4.22,6.8
DRS Saint-Louis,Dagana,2023-06-01,32.49,41.37,25.3,0.61,44.59,4.53,6.9
DRS Saint-Louis,Dagana,2023-07-01,31.58,37.69,26.63,97.15,58.28,3.45,6.3
DRS Saint-Louis,Dagana,2023-08-01,30.48,35.97,26.03,164.57,65.82,3.21,6.22
DRS Saint-Louis,Dagana,2023-09-01,29.8,34.57,26.03,84.68,71.78,2.25,5.99
DRS Saint-Louis,Dagana,2023-10-01,30.09,36.66,25.01,30.63,60.41,2.14,5.72
DRS Saint-Louis,Dagana,2023-11-01,27.08,36.42,19.56,0.0,29.99,2.66,5.54
DRS Saint-Louis,Dagana,2023-12-01,24.31,33.25,17.35,0.0,26.47,3.29,5.08
DRS Saint-Louis,Dagana,2024-01-01,24.51,34.11,17.11,0.0,25.32,3.08,5.28
DRS Saint-Louis,Dagana,2024-02-01,26.61,36.78,18.45,0.0,20.21,3.57,5.96
DRS Saint-Louis,Dagana,2024-03-01,27.29,37.83,19.03,0.0,33.79,3.58,6.74
DRS Saint-Louis,Dagana,2024-04-01,30.46,40.76,22.28,0.11,33.47,4.38,7.1
DRS Saint-Louis,Dagana,2024-05-01,32.08,42.56,23.66,0.0,35.88,4.31,7.22
DRS Saint-Louis,Dagana,2024-06-01,31.07,40.31,23.7,2.18,48.62,4.12,6.7
DRS Saint-Louis,Dagana,2024-07-01,30.83,37.18,25.76,78.13,59.08,4.02,6.38
DRS Saint-Louis,Dagana,2024-08-01,30.89,36.26,26.55,66.81,63.56,3.35,6.29
DRS Saint-Louis,Dagana,2024-09-01,30.14,35.48,25.82,83.74,64.22,2.9,5.45
DRS Saint-Louis,Dagana,2024-10-01,30.69,37.55,25.1,18.68,52.69,2.27,5.64
DRS Saint-Louis,Dagana,2024-11-01,27.59,36.47,20.34,0.0,37.59,2.72,5.56
DRS Saint-Louis,Dagana,2024-12-01,24.27,31.86,18.28,2.58,28.36,3.55,4.34
DRS Saint-Louis,Pete,2021-01-01,23.69,32.87,16.45,0.0,28.05,3.88,5.29
DRS Saint-Louis,Pete,2021-02-01,26.32,35.51,18.58,0.0,18.54,3.33,5.66
DRS Saint-Louis,Pete,2021-03-01,29.3,38.42,20.9,0.0,18.45,3.23,6.84
DRS Saint-Louis,Pete,2021-04-01,33.76,42.9,24.8,0.0,16.05,3.62,7.37
DRS Saint-Louis,Pete,2021-05-01,35.03,43.44,26.56,0.0,19.11,3.54,6.91
DRS Saint-Louis,Pete,2021-06-01,34.82,41.92,27.87,28.57,33.02,3.64,6.85
DRS Saint-Louis,Pete,2021-07-01,32.62,38.93,26.69,78.39,45.24,3.49,6.72
DRS Saint-Louis,Pete,2021-08-01,28.62,33.08,24.86,329.82,76.55,2.33,6.52
DRS Saint-Louis,Pete,2021-09-01,28.71,33.69,24.6,118.51,76.26,2.06,6.36
DRS Saint-Louis,Pete,2021-10-01,28.96,35.35,23.82,5.59,62.03,1.94,5.71
DRS Saint-Louis,Pete,2021-11-01,28.03,35.61,22.0,1.07,44.4,2.29,5.2
DRS Saint-Louis,Pete,2021-12-01,25.86,33.56,19.93,0.11,28.84,3.19,4.4
DRS Saint-Louis,Pete,2022-01-01,25.39,33.81,18.41,0.04,17.4,3.75,5.14
DRS Saint-Louis,Pete,2022-02-01,26.52,35.51,18.93,0.0,15.4,3.74,5.9
DRS Saint-Louis,Pete,2022-03-01,28.83,38.2,20.34,0.0,15.32,3.61,6.7
DRS Saint-Louis,Pete,2022-04-01,32.99,41.77,24.38,0.0,16.78,3.84,7.37
DRS Saint-Louis,Pete,2022-05-01,34.69,42.62,26.62,14.86,21.23,3.47,7.17
DRS Saint-Louis,Pete,2022-06-01,34.02,40.28,27.8,42.89,39.63,3.15,6.42
DRS Saint-Louis,Pete,2022-07-01,31.41,36.81,26.49,120.35,55.61,3.38,6.34
DRS Saint-Louis,Pete,2022-08-01,28.97,33.33,25.13,163.86,73.02,2.53,6.13
DRS Saint-Louis,Pete,2022-09-01,28.13,32.38,24.53,169.49,79.76,1.92,6.13
DRS Saint-Louis,Pete,2022-10-01,27.98,33.93,23.36,32.99,69.62,1.82,5.8
DRS Saint-Louis,Pete,2022-11-01,24.75,33.54,17.57,0.0,44.31,2.4,5.44
DRS Saint-Louis,Pete,2022-12-01,24.51,33.26,17.33,5.7,32.85,2.88,5.19
DRS Saint-Louis,Pete,2023-01-01,24.29,32.88,17.35,0.04,21.16,3.28,5.05
DRS Saint-Louis,Pete,2023-02-01,27.29,36.0,20.1,0.0,18.93,3.58,5.45
DRS Saint-Louis,Pete,2023-03-01,30.23,39.83,21.28,0.0,17.28,3.2,6.84
DRS Saint-Louis,Pete,2023-04-01,32.64,41.14,24.45,0.14,21.29,3.83,6.89
DRS Saint-Louis,Pete,2023-05-01,35.06,42.2,27.88,0.55,23.26,3.51,6.75
DRS Saint-Louis,Pete,2023-06-01,35.77,42.6,28.86,13.28,30.24,3.64,6.93
DRS Saint-Louis,Pete,2023-07-01,31.4,36.47,26.83,207.54,60.26,2.7,6.5
DRS Saint-Louis,Pete,2023-08-01,30.3,35.51,25.78,133.31,67.06,2.72,6.17
DRS Saint-Louis,Pete,2023-09-01,29.08,33.95,25.26,109.63,75.05,2.21,6.1
DRS Saint-Louis,Pete,2023-10-01,29.87,36.19,24.62,21.84,58.43,1.74,5.66
DRS Saint-Louis,Pete,2023-11-01,27.74,36.99,19.95,0.0,27.06,2.45,5.59
DRS Saint-Louis,Pete,2023-12-01,25.35,34.45,18.14,0.0,18.48,3.52,5.04
DRS Saint-Louis,Pete,2024-01-01,25.2,34.91,17.53,0.0,16.01,3.34,5.24
DRS Saint-Louis,Pete,2024-02-01,27.59,37.62,19.01,0.0,11.32,3.55,6.03
DRS Saint-Louis,Pete,2024-03-01,30.53,39.95,21.85,0.0,15.62,3.01,6.64
DRS Saint-Louis,Pete,2024-04-01,34.15,42.98,25.63,0.31,17.84,3.74,7.08
DRS Saint-Louis,Pete,2024-05-01,36.62,44.65,28.17,0.15,17.24,3.23,7.22
DRS Saint-Louis,Pete,2024-06-01,34.94,42.14,27.69,21.45,31.42,3.45,6.7
DRS Saint-Louis,Pete,2024-07-01,31.79,37.11,26.99,122.81,56.55,3.42,6.19
DRS Saint-Louis,Pete,2024-08-01,29.97,34.67,25.88,139.0,69.28,2.85,6.28
DRS Saint-Louis,Pete,2024-09-01,28.83,33.45,25.09,138.25,73.49,2.45,5.59
DRS Saint-Louis,Pete,2024-10-01,29.04,35.66,23.74,27.44,61.95,2.05,5.65
DRS Saint-Louis,Pete,2024-11-01,26.16,35.44,19.01,0.0,44.64,2.68,5.63
DRS Saint-Louis,Pete,2024-12-01,24.03,32.24,17.71,0.7,28.72,3.53,4.27
DRS Saint-Louis,Podor,2021-01-01,22.8,31.73,15.76,0.0,32.53,4.03,5.2
DRS Saint-Louis,Podor,2021-02-01,24.6,34.21,16.58,0.0,24.49,3.65,5.63
DRS Saint-Louis,Podor,2021-03-01,27.37,36.95,18.87,0.0,25.77,3.5,6.84
DRS Saint-Louis,Podor,2021-04-01,31.21,41.16,22.32,0.0,25.97,3.99,7.33
DRS Saint-Louis,Podor,2021-05-01,32.11,41.84,23.39,0.0,29.39,4.14,6.87
DRS Saint-Louis,Podor,2021-06-01,33.46,41.62,26.02,10.03,36.4,4.14,6.67
DRS Saint-Louis,Podor,2021-07-01,31.73,39.24,25.21,14.0,48.26,4.14,6.6
DRS Saint-Louis,Podor,2021-08-01,30.01,35.23,25.61,262.16,67.25,2.56,6.43
DRS Saint-Louis,Podor,2021-09-01,30.48,36.52,25.71,90.93,65.28,2.41,6.28
DRS Saint-Louis,Podor,2021-10-01,30.3,37.39,24.5,6.31,51.15,2.24,5.64
DRS Saint-Louis,Podor,2021-11-01,28.51,36.0,22.36,1.83,38.66,2.54,5.21
DRS Saint-Louis,Podor,2021-12-01,25.55,33.27,19.57,0.11,30.12,3.13,4.32
DRS Saint-Louis,Podor,2022-01-01,24.69,32.81,17.9,0.05,22.16,3.5,5.06
DRS Saint-Louis,Podor,2022-02-01,25.65,34.62,18.2,0.0,20.74,3.83,5.85
DRS Saint-Louis,Podor,2022-03-01,26.95,36.45,18.55,0.0,22.48,3.77,6.7
DRS Saint-Louis,Podor,2022-04-01,30.52,40.15,21.75,0.0,26.26,4.07,7.29
DRS Saint-Louis,Podor,2022-05-01,32.89,41.85,24.52,7.78,27.85,3.64,7.08
DRS Saint-Louis,Podor,2022-06-01,33.99,41.2,27.11,22.9,38.1,3.49,6.36
DRS Saint-Louis,Podor,2022-07-01,31.69,38.16,25.91,64.6,52.81,3.91,6.22
DRS Saint-Louis,Podor,2022-08-01,30.21,35.3,25.78,178.61,65.85,2.89,6.01
DRS Saint-Louis,Podor,2022-09-01,29.52,34.25,25.46,107.32,70.57,2.24,5.98
DRS Saint-Louis,Podor,2022-10-01,29.56,35.83,24.52,22.52,59.24,1.86,5.79
DRS Saint-Louis,Podor,2022-11-01,25.81,34.48,18.82,0.0,36.77,2.47,5.41
DRS Saint-Louis,Podor,2022-12-01,24.12,32.9,17.11,25.78,35.52,2.85,5.2
DRS Saint-Louis,Podor,2023-01-01,23.08,31.62,16.28,0.65,28.67,3.3,4.98
DRS Saint-Louis,Podor,2023-02-01,25.68,34.24,18.87,0.0,25.93,3.79,5.37
DRS Saint-Louis,Podor,2023-03-01,29.27,39.07,20.56,0.0,23.81,3.39,6.8
DRS Saint-Louis,Podor,2023-04-01,30.79,39.6,22.76,0.3,28.87,3.92,6.96
DRS Saint-Louis,Podor,2023-05-01,33.4,41.52,25.83,0.8,29.12,3.84,6.74
DRS Saint-Louis,Podor,2023-06-01,34.25,42.38,26.63,0.8,35.67,4.2,6.81
DRS Saint-Louis,Podor,2023-07-01,32.35,38.41,26.98,87.63,54.17,3.31,6.36
DRS Saint-Louis,Podor,2023-08-01,31.27,37.08,26.26,119.86,61.35,3.19,6.11
DRS Saint-Louis,Podor,2023-09-01,30.41,35.78,26.11,68.61,67.53,2.43,6.09
DRS Saint-Louis,Podor,2023-10-01,30.74,37.6,25.11,33.69,53.93,2.1,5.71
DRS Saint-Louis,Podor,2023-11-01,27.64,36.95,19.94,0.0,25.45,2.66,5.57
DRS Saint-Louis,Podor,2023-12-01,24.92,33.88,17.73,0.0,22.01,3.31,5.01
DRS Saint-Louis,Podor,2024-01-01,24.77,34.35,17.24,0.0,21.08,3.06,5.22
DRS Saint-Louis,Podor,2024-02-01,26.91,36.94,18.57,0.0,15.72,3.43,5.95
DRS Saint-Louis,Podor,2024-03-01,28.41,38.29,19.82,0.0,25.14,3.21,6.69
DRS Saint-Louis,Podor,2024-04-01,32.05,41.65,23.6,0.03,25.39,4.11,7.04
DRS Saint-Louis,Podor,2024-05-01,34.31,43.62,25.51,0.0,25.09,3.96,7.2
DRS Saint-Louis,Podor,2024-06-01,33.16,41.79,25.24,3.33,38.82,3.88,6.58
DRS Saint-Louis,Podor,2024-07-01,31.99,38.33,26.37,65.07,53.64,3.98,6.24
DRS Saint-Louis,Podor,2024-08-01,31.24,36.66,26.64,107.74,61.6,3.27,6.28
DRS Saint-Louis,Podor,2024-09-01,30.06,35.34,25.61,106.47,64.41,2.76,5.49
DRS Saint-Louis,Podor,2024-10-01,30.45,37.25,24.8,16.91,52.56,2.21,5.63
DRS Saint-Louis,Podor,2024-11-01,27.31,36.24,20.11,0.0,37.45,2.63,5.55
DRS Saint-Louis,Podor,2024-12-01,24.23,31.88,18.23,1.29,27.14,3.42,4.31
DRS Saint-Louis,Richard Toll,2021-01-01,22.63,31.39,15.82,0.0,33.91,4.16,5.23
DRS Saint-Louis,Richard Toll,2021-02-01,24.47,34.06,16.56,0.0,26.61,3.82,5.71
DRS Saint-Louis,Richard Toll,2021-03-01,26.41,36.59,18.13,0.0,33.24,3.89,6.83
DRS Saint-Louis,Richard Toll,2021-04-01,29.39,40.23,20.93,0.0,35.22,4.42,7.29
DRS Saint-Louis,Richard Toll,2021-05-01,29.69,40.47,21.38,0.02,40.44,4.57,6.96
DRS Saint-Louis,Richard Toll,2021-06-01,31.63,40.22,24.6,15.4,44.69,4.25,6.69
DRS Saint-Louis,Richard Toll,2021-07-01,30.26,37.7,24.49,8.88,55.45,4.17,6.7
DRS Saint-Louis,Richard Toll,2021-08-01,30.13,35.46,25.82,188.91,66.38,2.69,6.24
DRS Saint-Louis,Richard Toll,2021-09-01,30.54,36.59,25.84,98.44,65.35,2.4,6.23
DRS Saint-Louis,Richard Toll,2021-10-01,30.3,37.56,24.48,7.21,51.86,2.38,5.62
DRS Saint-Louis,Richard Toll,2021-11-01,28.43,36.08,22.23,5.11,40.61,2.63,5.15
DRS Saint-Louis,Richard Toll,2021-12-01,25.41,33.23,19.33,0.13,31.3,3.28,4.25
DRS Saint-Louis,Richard Toll,2022-01-01,24.52,32.67,17.93,0.12,26.26,3.56,4.92
DRS Saint-Louis,Richard Toll,2022-02-01,25.21,34.29,17.93,0.0,24.59,4.1,5.81
DRS Saint-Louis,Richard Toll,2022-03-01,26.03,36.03,17.7,0.0,29.9,4.05,6.75
DRS Saint-Louis,Richard Toll,2022-04-01,28.77,39.35,20.32,0.0,35.2,4.46,7.25
DRS Saint-Louis,Richard Toll,2022-05-01,31.14,40.81,22.97,2.48,36.76,3.92,7.02
DRS Saint-Louis,Richard Toll,2022-06-01,32.9,40.8,26.07,16.79,43.62,3.76,6.51
DRS Saint-Louis,Richard Toll,2022-07-01,30.61,37.25,25.35,68.45,58.1,4.04,6.34
DRS Saint-Louis,Richard Toll,2022-08-01,29.79,34.79,25.72,170.53,67.99,2.93,6.12
DRS Saint-Louis,Richard Toll,2022-09-01,29.65,34.41,25.68,78.39,70.21,2.29,5.94
DRS Saint-Louis,Richard Toll,2022-10-01,29.77,36.13,24.75,20.17,58.97,1.94,5.85
DRS Saint-Louis,Richard Toll,2022-11-01,26.17,34.68,19.14,0.0,34.71,2.54,5.4
DRS Saint-Louis,Richard Toll,2022-12-01,24.13,33.06,17.18,18.12,37.76,3.09,5.26
DRS Saint-Louis,Richard Toll,2023-01-01,23.12,31.7,16.37,0.53,31.05,3.51,4.97
DRS Saint-Louis,Richard Toll,2023-02-01,25.28,34.01,18.49,0.0,29.16,3.93,5.38
DRS Saint-Louis,Richard Toll,2023-03-01,28.92,38.9,20.49,0.0,27.92,3.53,6.87
DRS Saint-Louis,Richard Toll,2023-04-01,29.67,39.21,21.89,0.22,35.42,4.19,6.88
DRS Saint-Louis,Richard Toll,2023-05-01,31.66,40.74,24.21,0.15,37.27,4.22,6.8
DRS Saint-Louis,Richard Toll,2023-06-01,32.49,41.37,25.3,0.61,44.59,4.53,6.9
DRS Saint-Louis,Richard Toll,2023-07-01,31.58,37.69,26.63,97.15,58.28,3.45,6.3
DRS Saint-Louis,Richard Toll,2023-08-01,30.48,35.97,26.03,164.57,65.82,3.21,6.22
DRS Saint-Louis,Richard Toll,2023-09-01,29.8,34.57,26.03,84.68,71.78,2.25,5.99
DRS Saint-Louis,Richard Toll,2023-10-01,30.09,36.66,25.01,30.63,60.41,2.14,5.72
DRS Saint-Louis,Richard Toll,2023-11-01,27.08,36.42,19.56,0.0,29.99,2.66,5.54
DRS Saint-Louis,Richard Toll,2023-12-01,24.31,33.25,17.35,0.0,26.47,3.29,5.08
DRS Saint-Louis,Richard Toll,2024-01-01,24.51,34.11,17.11,0.0,25.32,3.08,5.28
DRS Saint-Louis,Richard Toll,2024-02-01,26.61,36.78,18.45,0.0,20.21,3.57,5.96
DRS Saint-Louis,Richard Toll,2024-03-01,27.29,37.83,19.03,0.0,33.79,3.58,6.74
DRS Saint-Louis,Richard Toll,2024-04-01,30.46,40.76,22.28,0.11,33.47,4.38,7.1
DRS Saint-Louis,Richard Toll,2024-05-01,32.08,42.56,23.66,0.0,35.88,4.31,7.22
DRS Saint-Louis,Richard Toll,2024-06-01,31.07,40.31,23.7,2.18,48.62,4.12,6.7
DRS Saint-Louis,Richard Toll,2024-07-01,30.83,37.18,25.76,78.13,59.08,4.02,6.38
DRS Saint-Louis,Richard Toll,2024-08-01,30.89,36.26,26.55,66.81,63.56,3.35,6.29
DRS Saint-Louis,Richard Toll,2024-09-01,30.14,35.48,25.82,83.74,64.22,2.9,5.45
DRS Saint-Louis,Richard Toll,2024-10-01,30.69,37.55,25.1,18.68,52.69,2.27,5.64
DRS Saint-Louis,Richard Toll,2024-11-01,27.59,36.47,20.34,0.0,37.59,2.72,5.56
DRS Saint-Louis,Richard Toll,2024-12-01,24.27,31.86,18.28,2.58,28.36,3.55,4.34
DRS Saint-Louis,Saint-Louis,2021-01-01,22.76,30.33,16.93,0.0,39.02,4.46,4.93
DRS Saint-Louis,Saint-Louis,2021-02-01,24.04,32.46,17.47,0.0,35.12,4.18,5.52
DRS Saint-Louis,Saint-Louis,2021-03-01,24.39,33.48,18.09,0.0,48.39,4.45,6.7
DRS Saint-Louis,Saint-Louis,2021-04-01,25.67,35.46,19.21,0.0,54.53,4.96,7.15
DRS Saint-Louis,Saint-Louis,2021-05-01,25.49,34.0,19.83,0.07,59.98,4.79,6.7
DRS Saint-Louis,Saint-Louis,2021-06-01,28.42,35.56,23.35,42.42,61.49,4.12,6.31
DRS Saint-Louis,Saint-Louis,2021-07-01,28.33,33.53,24.42,13.14,65.92,3.98,6.08
DRS Saint-Louis,Saint-Louis,2021-08-01,28.34,31.94,25.59,285.99,77.69,2.7,5.89
DRS Saint-Louis,Saint-Louis,2021-09-01,28.7,32.72,25.8,148.61,78.14,2.38,5.94
DRS Saint-Louis,Saint-Louis,2021-10-01,28.62,34.16,24.6,7.93,67.59,2.41,5.33
DRS Saint-Louis,Saint-Louis,2021-11-01,27.38,34.24,22.35,4.92,54.89,2.83,4.82
DRS Saint-Louis,Saint-Louis,2021-12-01,24.94,32.0,19.5,0.14,40.63,3.42,4.08
DRS Saint-Louis,Saint-Louis,2022-01-01,24.21,31.45,18.47,0.1,38.19,3.84,4.58
DRS Saint-Louis,Saint-Louis,2022-02-01,24.09,31.99,18.08,0.0,37.31,4.53,5.53
DRS Saint-Louis,Saint-Louis,2022-03-01,23.91,32.82,17.45,0.0,46.24,4.67,6.65
DRS Saint-Louis,Saint-Louis,2022-04-01,25.21,34.4,18.92,0.0,54.14,4.94,6.9
DRS Saint-Louis,Saint-Louis,2022-05-01,27.93,36.26,21.86,1.2,53.77,4.02,6.56
DRS Saint-Louis,Saint-Louis,2022-06-01,29.68,36.68,24.54,22.07,58.7,3.8,5.88
DRS Saint-Louis,Saint-Louis,2022-07-01,28.6,33.44,25.04,127.23,68.88,4.0,5.62
DRS Saint-Louis,Saint-Louis,2022-08-01,28.37,31.83,25.62,153.92,76.75,2.97,5.76
DRS Saint-Louis,Saint-Louis,2022-09-01,28.51,32.01,25.67,116.23,78.68,2.35,5.65
DRS Saint-Louis,Saint-Louis,2022-10-01,28.79,33.76,25.12,26.36,69.25,2.11,5.6
DRS Saint-Louis,Saint-Louis,2022-11-01,26.35,33.83,20.09,0.0,43.71,2.69,5.25
DRS Saint-Louis,Saint-Louis,2022-12-01,24.16,31.82,18.14,8.41,47.44,3.46,5.23
DRS Saint-Louis,Saint-Louis,2023-01-01,23.15,30.66,17.3,0.53,39.11,3.92,4.8
DRS Saint-Louis,Saint-Louis,2023-02-01,23.58,31.89,17.84,0.0,45.23,4.55,5.02
DRS Saint-Louis,Saint-Louis,2023-03-01,27.31,36.52,20.22,0.0,39.86,3.75,6.61
DRS Saint-Louis,Saint-Louis,2023-04-01,27.08,35.53,21.12,0.13,49.92,4.57,6.8
DRS Saint-Louis,Saint-Louis,2023-05-01,28.64,36.48,23.01,0.0,53.38,4.63,6.45
DRS Saint-Louis,Saint-Louis,2023-06-01,29.58,36.65,24.67,0.97,59.85,4.67,6.7
DRS Saint-Louis,Saint-Louis,2023-07-01,29.7,33.98,26.41,145.6,69.25,3.39,5.75
DRS Saint-Louis,Saint-Louis,2023-08-01,28.78,32.38,25.96,242.57,77.08,3.14,5.93
DRS Saint-Louis,Saint-Louis,2023-09-01,28.41,31.42,26.1,128.41,82.3,2.26,5.82
DRS Saint-Louis,Saint-Louis,2023-10-01,28.6,33.03,25.42,27.57,75.25,2.21,5.6
DRS Saint-Louis,Saint-Louis,2023-11-01,26.17,34.38,19.87,0.0,48.97,2.81,5.3
DRS Saint-Louis,Saint-Louis,2023-12-01,23.88,32.0,17.74,0.0,38.96,3.58,4.91
DRS Saint-Louis,Saint-Louis,2024-01-01,24.34,32.88,17.9,0.0,36.39,3.3,4.97
DRS Saint-Louis,Saint-Louis,2024-02-01,25.95,35.28,18.82,0.0,32.81,3.92,5.71
DRS Saint-Louis,Saint-Louis,2024-03-01,24.81,33.97,18.5,0.0,52.7,4.09,6.6
DRS Saint-Louis,Saint-Louis,2024-04-01,27.33,36.38,20.84,0.38,49.99,4.71,6.64
DRS Saint-Louis,Saint-Louis,2024-05-01,28.34,37.36,22.17,0.0,55.19,4.55,6.87
DRS Saint-Louis,Saint-Louis,2024-06-01,27.87,34.46,23.02,3.62,63.59,4.13,6.31
DRS Saint-Louis,Saint-Louis,2024-07-01,28.87,33.56,25.4,113.95,70.38,3.9,5.83
DRS Saint-Louis,Saint-Louis,2024-08-01,29.33,33.18,26.37,82.95,73.33,3.44,5.75
DRS Saint-Louis,Saint-Louis,2024-09-01,29.02,32.92,25.94,113.45,72.94,2.91,5.44
DRS Saint-Louis,Saint-Louis,2024-10-01,29.6,35.18,25.25,31.08,65.05,2.31,5.36
DRS Saint-Louis,Saint-Louis,2024-11-01,27.33,35.0,21.01,0.0,46.12,2.87,5.33
DRS Saint-Louis,Saint-Louis,2024-12-01,24.24,30.93,18.8,1.8,37.66,3.86,4.26
DRS Sedhiou,Bounkiling,2021-01-01,22.71,30.84,15.44,0.0,54.88,2.42,5.58
DRS Sedhiou,Bounkiling,2021-02-01,24.33,32.78,17.12,0.0,49.09,2.19,5.39
DRS Sedhiou,Bounkiling,2021-03-01,26.57,36.25,18.46,1.42,47.9,2.4,6.73
DRS Sedhiou,Bounkiling,2021-04-01,29.91,39.85,21.38,0.0,44.39,2.38,7.05
DRS Sedhiou,Bounkiling,2021-05-01,30.56,39.72,22.64,0.34,43.57,2.63,6.58
DRS Sedhiou,Bounkiling,2021-06-01,28.96,34.48,24.31,175.85,69.63,2.18,5.87
DRS Sedhiou,Bounkiling,2021-07-01,26.95,30.59,24.07,288.51,85.42,1.8,5.91
DRS Sedhiou,Bounkiling,2021-08-01,26.49,29.77,23.99,412.24,88.36,1.78,5.37
DRS Sedhiou,Bounkiling,2021-09-01,26.76,30.06,23.96,352.09,88.06,1.38,5.68
DRS Sedhiou,Bounkiling,2021-10-01,26.67,30.25,23.61,122.67,85.54,1.25,5.09
DRS Sedhiou,Bounkiling,2021-11-01,26.52,31.33,22.01,8.52,76.25,1.3,5.36
DRS Sedhiou,Bounkiling,2021-12-01,24.02,30.22,18.37,0.0,65.48,1.89,5.01
DRS Sedhiou,Bounkiling,2022-01-01,22.94,30.55,15.95,0.0,57.96,2.18,5.41
DRS Sedhiou,Bounkiling,2022-02-01,23.6,32.59,16.01,0.0,50.74,2.42,6.17
DRS Sedhiou,Bounkiling,2022-03-01,26.4,35.9,18.23,0.0,44.76,2.43,6.45
DRS Sedhiou,Bounkiling,2022-04-01,29.79,39.51,21.18,0.0,41.46,2.61,6.93
DRS Sedhiou,Bounkiling,2022-05-01,30.36,38.64,23.12,62.81,50.67,2.48,6.67
DRS Sedhiou,Bounkiling,2022-06-01,28.16,33.12,24.16,108.77,75.74,2.08,5.91
DRS Sedhiou,Bounkiling,2022-07-01,26.87,30.29,24.3,436.06,86.77,2.15,5.29
DRS Sedhiou,Bounkiling,2022-08-01,26.39,29.51,24.1,454.91,89.74,2.16,4.68
DRS Sedhiou,Bounkiling,2022-09-01,26.47,29.62,23.91,346.78,89.23,1.58,5.33
DRS Sedhiou,Bounkiling,2022-10-01,26.63,30.16,23.44,192.56,85.25,1.2,5.48
DRS Sedhiou,Bounkiling,2022-11-01,24.53,29.99,19.77,0.07,70.98,1.37,5.29
DRS Sedhiou,Bounkiling,2022-12-01,23.18,29.88,17.19,5.54,69.05,1.78,5.27
DRS Sedhiou,Bounkiling,2023-01-01,21.95,29.53,15.23,0.0,60.39,2.29,5.41
DRS Sedhiou,Bounkiling,2023-02-01,24.25,32.77,17.07,0.0,55.18,2.17,5.76
DRS Sedhiou,Bounkiling,2023-03-01,26.96,36.35,18.89,0.06,54.13,1.92,6.9
DRS Sedhiou,Bounkiling,2023-04-01,30.22,39.22,22.34,0.0,46.49,2.48,6.95
DRS Sedhiou,Bounkiling,2023-05-01,31.52,38.85,25.19,2.58,49.42,2.34,6.26
DRS Sedhiou,Bounkiling,2023-06-01,29.38,34.91,24.93,171.25,70.07,2.39,6.2
DRS Sedhiou,Bounkiling,2023-07-01,27.53,30.87,24.88,279.62,86.26,1.81,5.79
DRS Sedhiou,Bounkiling,2023-08-01,27.25,30.44,24.76,423.92,88.55,1.86,5.27
DRS Sedhiou,Bounkiling,2023-09-01,27.22,30.33,24.62,300.54,88.42,1.46,5.42
DRS Sedhiou,Bounkiling,2023-10-01,27.26,30.62,24.41,104.43,86.29,1.19,5.54
DRS Sedhiou,Bounkiling,2023-11-01,25.77,31.51,20.26,3.12,70.61,1.39,5.71
DRS Sedhiou,Bounkiling,2023-12-01,23.03,29.61,16.85,0.0,59.97,1.72,5.22
DRS Sedhiou,Bounkiling,2024-01-01,23.62,31.66,16.41,0.0,56.21,1.89,5.33
DRS Sedhiou,Bounkiling,2024-02-01,25.72,34.85,17.75,0.0,48.18,2.09,6.16
DRS Sedhiou,Bounkiling,2024-03-01,27.93,37.97,19.57,0.0,45.72,2.3,6.56
DRS Sedhiou,Bounkiling,2024-04-01,31.26,40.85,22.97,0.02,41.75,2.49,6.82
DRS Sedhiou,Bounkiling,2024-05-01,32.25,40.86,24.75,23.1,46.13,2.67,6.8
DRS Sedhiou,Bounkiling,2024-06-01,28.75,34.66,23.97,106.07,70.91,2.31,6.24
DRS Sedhiou,Bounkiling,2024-07-01,27.24,30.66,24.71,460.81,87.26,2.3,4.85
DRS Sedhiou,Bounkiling,2024-08-01,26.95,30.43,24.37,346.46,88.55,2.08,5.03
DRS Sedhiou,Bounkiling,2024-09-01,26.77,29.99,24.26,415.84,89.19,1.76,4.86
DRS Sedhiou,Bounkiling,2024-10-01,26.81,30.25,23.77,244.4,85.63,1.28,5.38
DRS Sedhiou,Bounkiling,2024-11-01,26.16,31.94,20.87,0.02,72.84,1.33,5.64
DRS Sedhiou,Bounkiling,2024-12-01,22.41,29.3,16.45,0.91,65.43,2.13,4.69
DRS Sedhiou,Goudomp,2021-01-01,22.24,30.22,15.25,0.0,61.59,1.9,5.72
DRS Sedhiou,Goudomp,2021-02-01,23.78,31.8,17.07,0.0,57.3,1.71,5.58
DRS Sedhiou,Goudomp,2021-03-01,25.9,35.2,18.11,2.46,54.64,1.78,6.79
DRS Sedhiou,Goudomp,2021-04-01,28.87,38.47,20.95,0.0,50.88,1.78,7.13
DRS Sedhiou,Goudomp,2021-05-01,29.99,38.93,22.48,0.84,47.16,1.93,6.53
DRS Sedhiou,Goudomp,2021-06-01,28.52,33.76,24.25,160.04,72.64,1.73,5.69
DRS Sedhiou,Goudomp,2021-07-01,26.68,30.16,23.99,296.26,86.83,1.46,5.15
DRS Sedhiou,Goudomp,2021-08-01,26.25,29.52,23.8,334.01,89.05,1.55,5.01
DRS Sedhiou,Goudomp,2021-09-01,26.48,29.84,23.77,329.21,88.85,1.2,5.45
DRS Sedhiou,Goudomp,2021-10-01,26.51,30.0,23.6,139.13,86.95,1.03,4.91
DRS Sedhiou,Goudomp,2021-11-01,26.5,31.18,22.2,10.13,78.83,1.06,5.26
DRS Sedhiou,Goudomp,2021-12-01,23.93,30.23,18.39,0.0,69.08,1.51,5.07
DRS Sedhiou,Goudomp,2022-01-01,22.91,30.69,16.1,0.0,61.69,1.73,5.48
DRS Sedhiou,Goudomp,2022-02-01,23.87,33.07,16.24,0.0,53.02,1.92,6.15
DRS Sedhiou,Goudomp,2022-03-01,26.64,36.01,18.5,0.0,46.32,1.94,6.49
DRS Sedhiou,Goudomp,2022-04-01,29.49,39.13,21.17,0.0,44.32,1.99,6.97
DRS Sedhiou,Goudomp,2022-05-01,30.19,38.4,23.29,51.12,52.49,2.04,6.57
DRS Sedhiou,Goudomp,2022-06-01,28.22,33.09,24.41,126.94,75.46,1.76,5.63
DRS Sedhiou,Goudomp,2022-07-01,26.55,29.79,24.22,575.35,88.57,1.82,4.72
DRS Sedhiou,Goudomp,2022-08-01,26.15,29.09,24.07,668.24,90.97,1.89,4.36
DRS Sedhiou,Goudomp,2022-09-01,26.16,29.17,23.75,423.61,90.83,1.34,4.99
DRS Sedhiou,Goudomp,2022-10-01,26.46,29.78,23.43,272.75,86.94,0.96,5.34
DRS Sedhiou,Goudomp,2022-11-01,24.45,29.53,19.97,0.56,75.01,1.1,5.33
DRS Sedhiou,Goudomp,2022-12-01,23.02,29.36,17.33,7.01,73.31,1.41,5.12
DRS Sedhiou,Goudomp,2023-01-01,21.71,29.24,15.17,0.0,65.74,1.82,5.51
DRS Sedhiou,Goudomp,2023-02-01,23.86,32.09,16.96,0.0,61.38,1.7,5.76
DRS Sedhiou,Goudomp,2023-03-01,26.42,35.35,18.89,0.13,61.06,1.49,6.93
DRS Sedhiou,Goudomp,2023-04-01,29.38,38.17,21.89,0.0,52.59,1.91,6.99
DRS Sedhiou,Goudomp,2023-05-01,30.67,37.75,24.88,4.08,54.81,1.92,6.08
DRS Sedhiou,Goudomp,2023-06-01,28.76,33.86,24.84,199.44,74.21,1.88,5.65
DRS Sedhiou,Goudomp,2023-07-01,27.15,30.32,24.73,340.17,88.4,1.5,5.17
DRS Sedhiou,Goudomp,2023-08-01,26.97,30.11,24.56,499.79,89.63,1.57,4.78
DRS Sedhiou,Goudomp,2023-09-01,26.99,30.0,24.51,386.46,90.01,1.25,4.94
DRS Sedhiou,Goudomp,2023-10-01,26.99,30.21,24.32,133.23,88.15,1.0,5.31
DRS Sedhiou,Goudomp,2023-11-01,25.68,30.83,20.62,8.99,75.12,1.12,5.59
DRS Sedhiou,Goudomp,2023-12-01,22.93,29.03,17.06,0.01,66.57,1.31,5.21
DRS Sedhiou,Goudomp,2024-01-01,23.25,30.74,16.38,0.0,62.76,1.48,5.38
DRS Sedhiou,Goudomp,2024-02-01,25.12,33.65,17.73,0.0,56.45,1.58,6.09
DRS Sedhiou,Goudomp,2024-03-01,26.92,36.37,19.09,0.0,54.43,1.71,6.59
DRS Sedhiou,Goudomp,2024-04-01,30.08,39.44,22.35,0.0,49.5,1.89,6.9
DRS Sedhiou,Goudomp,2024-05-01,31.53,39.92,24.6,33.16,51.08,2.17,6.76
DRS Sedhiou,Goudomp,2024-06-01,28.52,34.07,24.09,104.27,73.22,1.76,5.82
DRS Sedhiou,Goudomp,2024-07-01,26.95,30.12,24.64,536.73,88.97,1.92,4.56
DRS Sedhiou,Goudomp,2024-08-01,26.66,29.94,24.3,476.28,90.15,1.81,4.52
DRS Sedhiou,Goudomp,2024-09-01,26.48,29.51,24.14,656.52,90.93,1.52,4.26
DRS Sedhiou,Goudomp,2024-10-01,26.51,29.63,23.79,399.32,88.04,1.06,5.25
DRS Sedhiou,Goudomp,2024-11-01,26.2,31.45,21.06,0.17,75.67,1.02,5.67
DRS Sedhiou,Goudomp,2024-12-01,22.07,28.77,16.32,0.21,71.44,1.69,5.02
DRS Sedhiou,Sedhiou,2021-01-01,22.24,30.22,15.25,0.0,61.59,1.9,5.72
DRS Sedhiou,Sedhiou,2021-02-01,23.78,31.8,17.07,0.0,57.3,1.71,5.58
DRS Sedhiou,Sedhiou,2021-03-01,25.9,35.2,18.11,2.46,54.64,1.78,6.79
DRS Sedhiou,Sedhiou,2021-04-01,28.87,38.47,20.95,0.0,50.88,1.78,7.13
DRS Sedhiou,Sedhiou,2021-05-01,29.99,38.93,22.48,0.84,47.16,1.93,6.53
DRS Sedhiou,Sedhiou,2021-06-01,28.52,33.76,24.25,160.04,72.64,1.73,5.69
DRS Sedhiou,Sedhiou,2021-07-01,26.68,30.16,23.99,296.26,86.83,1.46,5.15
DRS Sedhiou,Sedhiou,2021-08-01,26.25,29.52,23.8,334.01,89.05,1.55,5.01
DRS Sedhiou,Sedhiou,2021-09-01,26.48,29.84,23.77,329.21,88.85,1.2,5.45
DRS Sedhiou,Sedhiou,2021-10-01,26.51,30.0,23.6,139.13,86.95,1.03,4.91
DRS Sedhiou,Sedhiou,2021-11-01,26.5,31.18,22.2,10.13,78.83,1.06,5.26
DRS Sedhiou,Sedhiou,2021-12-01,23.93,30.23,18.39,0.0,69.08,1.51,5.07
DRS Sedhiou,Sedhiou,2022-01-01,22.91,30.69,16.1,0.0,61.69,1.73,5.48
DRS Sedhiou,Sedhiou,2022-02-01,23.87,33.07,16.24,0.0,53.02,1.92,6.15
DRS Sedhiou,Sedhiou,2022-03-01,26.64,36.01,18.5,0.0,46.32,1.94,6.49
DRS Sedhiou,Sedhiou,2022-04-01,29.49,39.13,21.17,0.0,44.32,1.99,6.97
DRS Sedhiou,Sedhiou,2022-05-01,30.19,38.4,23.29,51.12,52.49,2.04,6.57
DRS Sedhiou,Sedhiou,2022-06-01,28.22,33.09,24.41,126.94,75.46,1.76,5.63
DRS Sedhiou,Sedhiou,2022-07-01,26.55,29.79,24.22,575.35,88.57,1.82,4.72
DRS Sedhiou,Sedhiou,2022-08-01,26.15,29.09,24.07,668.24,90.97,1.89,4.36
DRS Sedhiou,Sedhiou,2022-09-01,26.16,29.17,23.75,423.61,90.83,1.34,4.99
DRS Sedhiou,Sedhiou,2022-10-01,26.46,29.78,23.43,272.75,86.94,0.96,5.34
DRS Sedhiou,Sedhiou,2022-11-01,24.45,29.53,19.97,0.56,75.01,1.1,5.33
DRS Sedhiou,Sedhiou,2022-12-01,23.02,29.36,17.33,7.01,73.31,1.41,5.12
DRS Sedhiou,Sedhiou,2023-01-01,21.71,29.24,15.17,0.0,65.74,1.82,5.51
DRS Sedhiou,Sedhiou,2023-02-01,23.86,32.09,16.96,0.0,61.38,1.7,5.76
DRS Sedhiou,Sedhiou,2023-03-01,26.42,35.35,18.89,0.13,61.06,1.49,6.93
DRS Sedhiou,Sedhiou,2023-04-01,29.38,38.17,21.89,0.0,52.59,1.91,6.99
DRS Sedhiou,Sedhiou,2023-05-01,30.67,37.75,24.88,4.08,54.81,1.92,6.08
DRS Sedhiou,Sedhiou,2023-06-01,28.76,33.86,24.84,199.44,74.21,1.88,5.65
DRS Sedhiou,Sedhiou,2023-07-01,27.15,30.32,24.73,340.17,88.4,1.5,5.17
DRS Sedhiou,Sedhiou,2023-08-01,26.97,30.11,24.56,499.79,89.63,1.57,4.78
DRS Sedhiou,Sedhiou,2023-09-01,26.99,30.0,24.51,386.46,90.01,1.25,4.94
DRS Sedhiou,Sedhiou,2023-10-01,26.99,30.21,24.32,133.23,88.15,1.0,5.31
DRS Sedhiou,Sedhiou,2023-11-01,25.68,30.83,20.62,8.99,75.12,1.12,5.59
DRS Sedhiou,Sedhiou,2023-12-01,22.93,29.03,17.06,0.01,66.57,1.31,5.21
DRS Sedhiou,Sedhiou,2024-01-01,23.25,30.74,16.38,0.0,62.76,1.48,5.38
DRS Sedhiou,Sedhiou,2024-02-01,25.12,33.65,17.73,0.0,56.45,1.58,6.09
DRS Sedhiou,Sedhiou,2024-03-01,26.92,36.37,19.09,0.0,54.43,1.71,6.59
DRS Sedhiou,Sedhiou,2024-04-01,30.08,39.44,22.35,0.0,49.5,1.89,6.9
DRS Sedhiou,Sedhiou,2024-05-01,31.53,39.92,24.6,33.16,51.08,2.17,6.76
DRS Sedhiou,Sedhiou,2024-06-01,28.52,34.07,24.09,104.27,73.22,1.76,5.82
DRS Sedhiou,Sedhiou,2024-07-01,26.95,30.12,24.64,536.73,88.97,1.92,4.56
DRS Sedhiou,Sedhiou,2024-08-01,26.66,29.94,24.3,476.28,90.15,1.81,4.52
DRS Sedhiou,Sedhiou,2024-09-01,26.48,29.51,24.14,656.52,90.93,1.52,4.26
DRS Sedhiou,Sedhiou,2024-10-01,26.51,29.63,23.79,399.32,88.04,1.06,5.25
DRS Sedhiou,Sedhiou,2024-11-01,26.2,31.45,21.06,0.17,75.67,1.02,5.67
DRS Sedhiou,Sedhiou,2024-12-01,22.07,28.77,16.32,0.21,71.44,1.69,5.02
DRS Tambacounda,Bakel,2021-01-01,22.48,32.3,15.21,0.0,39.12,3.35,5.75
DRS Tambacounda,Bakel,2021-02-01,26.03,35.47,18.31,0.04,24.34,3.01,5.69
DRS Tambacounda,Bakel,2021-03-01,30.69,39.51,22.37,0.0,16.87,3.02,6.81
DRS Tambacounda,Bakel,2021-04-01,34.76,43.28,25.82,0.0,14.57,2.65,7.18
DRS Tambacounda,Bakel,2021-05-01,36.23,43.29,29.01,0.41,19.4,3.0,6.58
DRS Tambacounda,Bakel,2021-06-01,33.47,39.27,28.21,202.56,46.75,2.86,6.19
DRS Tambacounda,Bakel,2021-07-01,28.94,33.66,25.17,178.92,73.43,2.72,5.95
DRS Tambacounda,Bakel,2021-08-01,27.43,30.94,24.42,428.56,84.96,2.01,5.4
DRS Tambacounda,Bakel,2021-09-01,27.64,31.26,24.45,275.63,84.28,1.55,5.89
DRS Tambacounda,Bakel,2021-10-01,27.53,32.07,23.42,47.31,78.09,1.46,5.6
DRS Tambacounda,Bakel,2021-11-01,25.5,31.52,20.01,1.57,66.28,1.85,5.35
DRS Tambacounda,Bakel,2021-12-01,22.53,30.42,16.58,0.03,49.54,2.91,4.92
DRS Tambacounda,Bakel,2022-01-01,23.72,32.91,16.3,0.0,27.77,3.43,5.47
DRS Tambacounda,Bakel,2022-02-01,26.74,36.23,18.62,0.0,16.61,3.45,6.19
DRS Tambacounda,Bakel,2022-03-01,30.44,39.57,21.91,0.0,14.14,3.23,6.48
DRS Tambacounda,Bakel,2022-04-01,34.25,42.59,25.98,0.0,14.98,3.31,7.05
DRS Tambacounda,Bakel,2022-05-01,35.0,42.09,27.63,51.15,23.89,2.7,6.76
DRS Tambacounda,Bakel,2022-06-01,32.0,37.66,26.94,83.97,54.37,2.88,6.12
DRS Tambacounda,Bakel,2022-07-01,29.49,34.03,25.6,182.91,69.84,2.9,5.5
DRS Tambacounda,Bakel,2022-08-01,27.4,31.0,24.23,880.1,83.41,2.14,5.05
DRS Tambacounda,Bakel,2022-09-01,27.02,30.23,24.03,317.9,86.65,1.47,5.44
DRS Tambacounda,Bakel,2022-10-01,26.56,30.89,22.7,69.0,80.79,1.52,5.41
DRS Tambacounda,Bakel,2022-11-01,22.0,28.8,15.65,0.02,65.01,2.03,5.33
DRS Tambacounda,Bakel,2022-12-01,21.97,30.06,15.34,0.67,56.78,2.48,5.12
DRS Tambacounda,Bakel,2023-01-01,22.19,31.39,14.91,0.0,35.96,3.05,5.4
DRS Tambacounda,Bakel,2023-02-01,26.97,36.34,19.23,0.0,24.84,3.04,5.78
DRS Tambacounda,Bakel,2023-03-01,31.24,40.53,22.51,0.11,15.88,2.86,6.95
DRS Tambacounda,Bakel,2023-04-01,33.62,41.74,25.5,0.02,19.61,3.56,7.08
DRS Tambacounda,Bakel,2023-05-01,35.44,41.88,28.89,9.37,26.09,2.96,6.26
DRS Tambacounda,Bakel,2023-06-01,33.65,39.55,28.18,120.98,46.9,2.98,6.53
DRS Tambacounda,Bakel,2023-07-01,29.22,33.24,25.68,229.59,76.6,2.14,6.05
DRS Tambacounda,Bakel,2023-08-01,28.6,32.69,25.07,215.16,79.81,2.27,5.52
DRS Tambacounda,Bakel,2023-09-01,28.31,32.31,24.96,86.21,81.49,1.81,5.65
DRS Tambacounda,Bakel,2023-10-01,28.7,33.77,24.4,25.87,72.06,1.49,5.38
DRS Tambacounda,Bakel,2023-11-01,27.18,36.91,19.37,0.02,34.05,2.14,5.62
DRS Tambacounda,Bakel,2023-12-01,25.48,34.77,18.15,0.0,18.25,3.54,5.22
DRS Tambacounda,Bakel,2024-01-01,26.41,36.19,18.36,0.0,13.53,3.49,5.43
DRS Tambacounda,Bakel,2024-02-01,28.54,38.46,20.04,0.0,10.12,3.66,6.15
DRS Tambacounda,Bakel,2024-03-01,31.97,41.12,23.36,0.0,13.47,2.86,6.48
DRS Tambacounda,Bakel,2024-04-01,35.34,43.44,27.17,0.6,17.52,3.13,6.89
DRS Tambacounda,Bakel,2024-05-01,37.08,44.19,29.57,16.7,21.33,2.7,6.97
DRS Tambacounda,Bakel,2024-06-01,34.5,41.19,28.55,19.18,40.23,3.54,6.39
DRS Tambacounda,Bakel,2024-07-01,29.21,33.22,25.81,424.83,75.85,2.65,4.95
DRS Tambacounda,Bakel,2024-08-01,27.8,31.34,24.86,265.28,84.45,2.43,5.26
DRS Tambacounda,Bakel,2024-09-01,27.06,30.28,24.48,210.94,86.56,1.93,5.08
DRS Tambacounda,Bakel,2024-10-01,27.1,31.77,23.08,36.02,79.54,1.63,5.54
DRS Tambacounda,Bakel,2024-11-01,23.29,31.31,17.38,0.0,69.27,2.31,5.74
DRS Tambacounda,Bakel,2024-12-01,21.11,29.67,14.81,0.0,51.0,3.25,4.67
DRS Tambacounda,Diankhe Makhan,2021-01-01,27.2,37.56,18.24,0.0,23.63,3.56,5.8
DRS Tambacounda,Diankhe Makhan,2021-02-01,29.18,38.62,20.61,0.0,16.84,3.05,5.81
DRS Tambacounda,Diankhe Makhan,2021-03-01,32.13,41.06,23.3,0.0,17.14,2.99,6.79
DRS Tambacounda,Diankhe Makhan,2021-04-01,34.65,42.94,26.12,0.0,20.22,2.43,7.05
DRS Tambacounda,Diankhe Makhan,2021-05-01,35.44,42.61,28.16,5.6,26.31,2.82,6.34
DRS Tambacounda,Diankhe Makhan,2021-06-01,30.74,35.8,26.3,271.08,62.98,2.55,5.87
DRS Tambacounda,Diankhe Makhan,2021-07-01,26.68,30.01,23.97,438.03,86.72,2.24,5.47
DRS Tambacounda,Diankhe Makhan,2021-08-01,26.06,29.07,23.55,401.47,90.3,1.84,5.29
DRS Tambacounda,Diankhe Makhan,2021-09-01,26.79,30.06,23.73,243.1,87.57,1.33,5.72
DRS Tambacounda,Diankhe Makhan,2021-10-01,26.89,30.77,23.4,119.73,83.7,1.11,5.31
DRS Tambacounda,Diankhe Makhan,2021-11-01,25.76,31.23,20.6,1.26,72.02,1.4,5.41
DRS Tambacounda,Diankhe Makhan,2021-12-01,23.92,32.59,17.17,0.0,53.79,2.4,5.05
DRS Tambacounda,Diankhe Makhan,2022-01-01,25.82,35.78,17.29,0.0,26.68,3.22,5.59
DRS Tambacounda,Diankhe Makhan,2022-02-01,28.53,38.66,19.33,0.0,16.93,3.19,6.22
DRS Tambacounda,Diankhe Makhan,2022-03-01,31.89,40.9,22.96,0.0,14.48,2.66,6.54
DRS Tambacounda,Diankhe Makhan,2022-04-01,34.8,43.07,26.38,0.07,17.95,2.75,7.02
DRS Tambacounda,Diankhe Makhan,2022-05-01,33.67,40.88,26.49,87.58,35.05,2.57,6.47
DRS Tambacounda,Diankhe Makhan,2022-06-01,29.0,34.01,24.83,182.87,72.32,2.45,5.93
DRS Tambacounda,Diankhe Makhan,2022-07-01,27.04,30.78,24.05,102.1,83.98,2.42,5.08
DRS Tambacounda,Diankhe Makhan,2022-08-01,26.3,29.81,23.28,472.25,87.19,2.15,4.91
DRS Tambacounda,Diankhe Makhan,2022-09-01,26.21,29.17,23.45,389.36,89.08,1.38,5.23
DRS Tambacounda,Diankhe Makhan,2022-10-01,26.56,30.57,22.87,47.53,82.29,1.19,5.4
DRS Tambacounda,Diankhe Makhan,2022-11-01,23.91,30.83,17.88,0.13,66.45,1.5,5.38
DRS Tambacounda,Diankhe Makhan,2022-12-01,24.43,33.63,17.18,0.18,51.01,2.22,5.1
DRS Tambacounda,Diankhe Makhan,2023-01-01,26.28,36.54,17.7,0.0,23.51,3.2,5.54
DRS Tambacounda,Diankhe Makhan,2023-02-01,30.19,39.83,21.31,0.0,17.57,2.79,5.86
DRS Tambacounda,Diankhe Makhan,2023-03-01,32.27,41.62,22.89,0.12,18.23,2.58,6.96
DRS Tambacounda,Diankhe Makhan,2023-04-01,34.31,42.64,26.02,0.37,20.88,2.94,7.04
DRS Tambacounda,Diankhe Makhan,2023-05-01,34.1,40.69,27.95,14.94,38.97,3.14,6.04
DRS Tambacounda,Diankhe Makhan,2023-06-01,30.74,36.6,25.9,142.55,63.91,3.1,6.16
DRS Tambacounda,Diankhe Makhan,2023-07-01,27.8,31.41,24.61,241.72,83.25,1.76,5.76
DRS Tambacounda,Diankhe Makhan,2023-08-01,27.23,30.85,24.11,64.19,86.03,1.92,5.44
DRS Tambacounda,Diankhe Makhan,2023-09-01,27.93,32.06,24.44,84.13,81.51,1.49,5.39
DRS Tambacounda,Diankhe Makhan,2023-10-01,28.47,33.78,24.26,51.58,74.4,1.46,5.26
DRS Tambacounda,Diankhe Makhan,2023-11-01,28.75,38.19,20.76,0.14,41.91,1.72,5.58
DRS Tambacounda,Diankhe Makhan,2023-12-01,27.51,37.64,19.1,0.0,17.53,2.73,5.32
DRS Tambacounda,Diankhe Makhan,2024-01-01,28.16,38.06,19.45,0.0,15.76,2.67,5.51
DRS Tambacounda,Diankhe Makhan,2024-02-01,30.04,40.39,20.71,0.0,10.22,3.1,6.21
DRS Tambacounda,Diankhe Makhan,2024-03-01,33.11,42.51,23.83,0.0,14.59,2.52,6.49
DRS Tambacounda,Diankhe Makhan,2024-04-01,35.71,43.82,27.47,0.03,19.94,3.0,6.89
DRS Tambacounda,Diankhe Makhan,2024-05-01,35.96,43.23,28.7,24.8,32.02,2.98,6.78
DRS Tambacounda,Diankhe Makhan,2024-06-01,30.16,35.89,25.49,186.41,66.21,2.86,6.03
DRS Tambacounda,Diankhe Makhan,2024-07-01,27.38,31.03,24.45,324.66,84.94,2.41,4.68
DRS Tambacounda,Diankhe Makhan,2024-08-01,26.56,29.54,24.04,374.44,89.81,2.31,4.91
DRS Tambacounda,Diankhe Makhan,2024-09-01,26.32,29.4,23.68,407.41,89.72,1.77,4.75
DRS Tambacounda,Diankhe Makhan,2024-10-01,26.62,30.46,23.0,100.25,84.41,1.27,5.16
DRS Tambacounda,Diankhe Makhan,2024-11-01,24.57,31.97,18.64,0.0,70.68,1.69,5.75
DRS Tambacounda,Diankhe Makhan,2024-12-01,23.15,32.84,15.83,0.0,52.52,2.81,4.91
DRS Tambacounda,Goudiry,2021-01-01,26.28,36.67,17.65,0.0,25.56,3.77,5.75
DRS Tambacounda,Goudiry,2021-02-01,28.62,37.97,20.23,0.0,16.94,3.28,5.69
DRS Tambacounda,Goudiry,2021-03-01,31.86,40.83,23.1,0.0,16.15,3.17,6.81
DRS Tambacounda,Goudiry,2021-04-01,34.95,43.38,26.21,0.0,17.12,2.38,7.18
DRS Tambacounda,Goudiry,2021-05-01,36.0,43.19,28.63,0.66,21.55,2.93,6.58
DRS Tambacounda,Goudiry,2021-06-01,31.9,37.33,27.17,165.75,55.73,2.92,6.19
DRS Tambacounda,Goudiry,2021-07-01,27.32,31.2,24.29,211.66,82.82,2.49,5.95
DRS Tambacounda,Goudiry,2021-08-01,26.46,29.75,23.76,330.19,88.7,1.88,5.4
DRS Tambacounda,Goudiry,2021-09-01,26.98,30.32,23.96,225.27,87.12,1.38,5.89
DRS Tambacounda,Goudiry,2021-10-01,27.18,31.24,23.48,90.06,81.63,1.2,5.6
DRS Tambacounda,Goudiry,2021-11-01,25.89,31.74,20.59,0.38,69.82,1.56,5.35
DRS Tambacounda,Goudiry,2021-12-01,24.14,32.79,17.27,0.0,48.19,2.59,4.92
DRS Tambacounda,Goudiry,2022-01-01,25.63,35.34,17.38,0.0,23.86,3.4,5.47
DRS Tambacounda,Goudiry,2022-02-01,28.12,38.05,19.22,0.0,16.26,3.34,6.19
DRS Tambacounda,Goudiry,2022-03-01,31.64,40.82,22.77,0.0,13.58,2.87,6.48
DRS Tambacounda,Goudiry,2022-04-01,34.8,43.17,26.28,0.05,15.78,2.91,7.05
DRS Tambacounda,Goudiry,2022-05-01,34.26,41.61,26.92,81.37,30.06,2.57,6.76
DRS Tambacounda,Goudiry,2022-06-01,30.23,35.86,25.52,110.49,65.12,2.72,6.12
DRS Tambacounda,Goudiry,2022-07-01,28.01,32.33,24.52,86.98,77.82,2.6,5.5
DRS Tambacounda,Goudiry,2022-08-01,26.95,30.78,23.66,443.79,83.88,2.18,5.05
DRS Tambacounda,Goudiry,2022-09-01,26.46,29.54,23.58,208.75,88.38,1.36,5.44
DRS Tambacounda,Goudiry,2022-10-01,26.68,30.88,22.9,50.87,81.9,1.25,5.41
DRS Tambacounda,Goudiry,2022-11-01,23.47,30.66,17.32,0.1,65.13,1.66,5.33
DRS Tambacounda,Goudiry,2022-12-01,24.29,33.51,16.99,0.44,48.55,2.41,5.12
DRS Tambacounda,Goudiry,2023-01-01,25.45,35.43,17.31,0.0,24.01,3.34,5.4
DRS Tambacounda,Goudiry,2023-02-01,29.68,39.38,21.09,0.0,17.51,3.19,5.78
DRS Tambacounda,Goudiry,2023-03-01,32.15,41.57,22.86,0.38,16.05,2.65,6.95
DRS Tambacounda,Goudiry,2023-04-01,34.27,42.65,25.71,0.0,19.64,3.31,7.08
DRS Tambacounda,Goudiry,2023-05-01,35.09,41.69,28.73,6.9,32.36,3.21,6.26
DRS Tambacounda,Goudiry,2023-06-01,32.13,38.15,26.94,113.68,55.76,3.13,6.53
DRS Tambacounda,Goudiry,2023-07-01,28.08,31.69,24.89,279.22,82.21,1.93,6.05
DRS Tambacounda,Goudiry,2023-08-01,27.61,31.46,24.41,62.11,84.47,2.08,5.52
DRS Tambacounda,Goudiry,2023-09-01,28.44,32.85,24.78,63.09,78.71,1.62,5.65
DRS Tambacounda,Goudiry,2023-10-01,29.54,35.42,24.85,34.21,67.66,1.64,5.38
DRS Tambacounda,Goudiry,2023-11-01,29.12,38.91,20.86,0.06,32.64,1.99,5.62
DRS Tambacounda,Goudiry,2023-12-01,27.11,37.12,18.74,0.0,16.19,3.19,5.22
DRS Tambacounda,Goudiry,2024-01-01,27.85,37.89,19.23,0.0,13.97,3.01,5.43
DRS Tambacounda,Goudiry,2024-02-01,29.66,40.08,20.52,0.0,9.94,3.43,6.15
DRS Tambacounda,Goudiry,2024-03-01,32.94,42.39,23.88,0.0,13.38,2.76,6.48
DRS Tambacounda,Goudiry,2024-04-01,35.89,44.04,27.56,0.03,18.52,3.05,6.89
DRS Tambacounda,Goudiry,2024-05-01,36.66,43.93,29.2,13.33,26.73,2.91,6.97
DRS Tambacounda,Goudiry,2024-06-01,31.7,37.98,26.42,147.77,57.16,3.06,6.39
DRS Tambacounda,Goudiry,2024-07-01,27.88,31.69,24.85,258.36,82.66,2.53,4.95
DRS Tambacounda,Goudiry,2024-08-01,26.88,30.01,24.3,288.1,88.64,2.34,5.26
DRS Tambacounda,Goudiry,2024-09-01,26.56,29.68,23.94,374.0,89.06,1.75,5.08
DRS Tambacounda,Goudiry,2024-10-01,26.89,30.92,23.15,72.43,83.18,1.35,5.54
DRS Tambacounda,Goudiry,2024-11-01,24.49,32.09,18.48,0.0,69.31,1.72,5.74
DRS Tambacounda,Goudiry,2024-12-01,23.02,32.39,15.98,0.0,49.09,2.91,4.67
DRS Tambacounda,Kidira,2021-01-01,24.83,35.13,16.75,0.0,28.33,3.66,5.75
DRS Tambacounda,Kidira,2021-02-01,27.8,37.13,19.78,0.0,17.61,3.26,5.69
DRS Tambacounda,Kidira,2021-03-01,31.33,40.26,22.75,0.0,15.86,3.13,6.81
DRS Tambacounda,Kidira,2021-04-01,34.97,43.49,26.15,0.0,15.2,2.53,7.18
DRS Tambacounda,Kidira,2021-05-01,36.17,43.33,28.86,0.3,19.66,3.01,6.58
DRS Tambacounda,Kidira,2021-06-01,33.55,39.45,28.22,85.84,45.93,3.14,6.19
DRS Tambacounda,Kidira,2021-07-01,29.19,34.12,25.26,105.51,70.51,2.87,5.95
DRS Tambacounda,Kidira,2021-08-01,27.23,31.06,24.15,261.25,84.38,1.96,5.4
DRS Tambacounda,Kidira,2021-09-01,27.35,30.96,24.1,204.59,84.63,1.45,5.89
DRS Tambacounda,Kidira,2021-10-01,27.51,32.04,23.4,45.41,78.21,1.35,5.6
DRS Tambacounda,Kidira,2021-11-01,26.77,33.62,20.75,0.33,60.73,1.74,5.35
DRS Tambacounda,Kidira,2021-12-01,24.44,33.34,17.79,0.0,40.43,2.94,4.92
DRS Tambacounda,Kidira,2022-01-01,25.26,34.75,17.37,0.0,21.7,3.55,5.47
DRS Tambacounda,Kidira,2022-02-01,27.59,37.38,18.91,0.0,15.1,3.37,6.19
DRS Tambacounda,Kidira,2022-03-01,31.04,40.28,22.3,0.0,13.47,3.09,6.48
DRS Tambacounda,Kidira,2022-04-01,34.49,42.93,25.92,0.0,14.92,3.14,7.05
DRS Tambacounda,Kidira,2022-05-01,34.92,42.19,27.36,61.69,25.32,2.65,6.76
DRS Tambacounda,Kidira,2022-06-01,31.62,37.49,26.49,52.7,56.04,2.94,6.12
DRS Tambacounda,Kidira,2022-07-01,28.96,33.55,25.1,137.39,72.2,2.78,5.5
DRS Tambacounda,Kidira,2022-08-01,27.12,30.77,23.89,363.12,83.32,2.11,5.05
DRS Tambacounda,Kidira,2022-09-01,26.71,30.03,23.66,167.88,87.07,1.35,5.44
DRS Tambacounda,Kidira,2022-10-01,26.63,31.08,22.73,75.25,80.81,1.36,5.41
DRS Tambacounda,Kidira,2022-11-01,22.69,30.1,16.4,0.06,64.76,1.84,5.33
DRS Tambacounda,Kidira,2022-12-01,23.17,32.29,16.16,2.95,52.08,2.42,5.12
DRS Tambacounda,Kidira,2023-01-01,23.45,33.28,15.86,0.0,30.19,3.17,5.4
DRS Tambacounda,Kidira,2023-02-01,28.41,38.13,20.25,0.0,19.91,3.18,5.78
DRS Tambacounda,Kidira,2023-03-01,31.64,41.06,22.6,0.03,15.38,2.74,6.95
DRS Tambacounda,Kidira,2023-04-01,33.87,42.22,25.45,0.0,19.26,3.44,7.08
DRS Tambacounda,Kidira,2023-05-01,35.61,42.08,29.05,3.58,27.5,3.08,6.26
DRS Tambacounda,Kidira,2023-06-01,33.35,39.43,27.83,74.21,48.21,3.19,6.53
DRS Tambacounda,Kidira,2023-07-01,29.38,33.61,25.64,176.41,73.58,2.17,6.05
DRS Tambacounda,Kidira,2023-08-01,29.09,33.76,25.14,123.59,74.79,2.35,5.52
DRS Tambacounda,Kidira,2023-09-01,28.68,33.14,24.96,67.18,77.36,1.76,5.65
DRS Tambacounda,Kidira,2023-10-01,29.62,35.38,24.85,42.79,65.93,1.64,5.38
DRS Tambacounda,Kidira,2023-11-01,28.34,38.31,20.15,0.09,31.08,2.11,5.62
DRS Tambacounda,Kidira,2023-12-01,26.29,35.86,18.48,0.0,16.05,3.42,5.22
DRS Tambacounda,Kidira,2024-01-01,26.97,37.15,18.47,0.0,13.47,3.25,5.43
DRS Tambacounda,Kidira,2024-02-01,28.92,39.22,20.07,0.0,9.87,3.54,6.15
DRS Tambacounda,Kidira,2024-03-01,32.38,41.8,23.46,0.0,13.16,2.84,6.48
DRS Tambacounda,Kidira,2024-04-01,35.64,43.86,27.26,0.06,17.45,3.06,6.89
DRS Tambacounda,Kidira,2024-05-01,36.87,44.16,29.33,19.06,23.6,2.8,6.97
DRS Tambacounda,Kidira,2024-06-01,32.87,39.54,27.09,66.99,49.2,3.3,6.39
DRS Tambacounda,Kidira,2024-07-01,29.16,33.64,25.6,174.84,74.59,2.65,4.95
DRS Tambacounda,Kidira,2024-08-01,27.63,31.45,24.6,219.4,83.75,2.43,5.26
DRS Tambacounda,Kidira,2024-09-01,26.93,30.41,24.18,237.8,86.58,1.82,5.08
DRS Tambacounda,Kidira,2024-10-01,27.18,31.78,23.13,46.48,79.79,1.48,5.54
DRS Tambacounda,Kidira,2024-11-01,25.0,33.82,18.49,0.0,61.74,1.97,5.74
DRS Tambacounda,Kidira,2024-12-01,23.21,32.64,16.22,0.0,42.09,3.26,4.67
DRS Tambacounda,Koumpentoum,2021-01-01,26.64,36.43,18.54,0.0,24.39,3.69,5.71
DRS Tambacounda,Koumpentoum,2021-02-01,28.68,37.76,20.52,0.0,16.22,3.24,5.47
DRS Tambacounda,Koumpentoum,2021-03-01,31.06,40.33,22.43,0.0,18.0,3.16,6.85
DRS Tambacounda,Koumpentoum,2021-04-01,33.75,42.98,24.63,0.0,22.17,2.6,7.12
DRS Tambacounda,Koumpentoum,2021-05-01,34.07,42.48,25.66,0.0,24.89,3.05,6.54
DRS Tambacounda,Koumpentoum,2021-06-01,32.22,38.57,26.5,99.47,50.44,3.05,5.91
DRS Tambacounda,Koumpentoum,2021-07-01,28.53,33.28,24.73,152.96,74.24,2.58,5.75
DRS Tambacounda,Koumpentoum,2021-08-01,26.91,30.35,24.05,391.26,87.0,1.79,5.42
DRS Tambacounda,Koumpentoum,2021-09-01,26.93,30.24,23.98,243.32,87.92,1.44,5.75
DRS Tambacounda,Koumpentoum,2021-10-01,26.79,31.02,23.13,67.82,83.05,1.28,5.1
DRS Tambacounda,Koumpentoum,2021-11-01,26.32,32.56,21.06,2.25,70.14,1.49,5.34
DRS Tambacounda,Koumpentoum,2021-12-01,25.35,33.43,18.93,0.0,45.96,2.43,5.02
DRS Tambacounda,Koumpentoum,2022-01-01,26.02,35.37,18.17,0.0,25.85,3.09,5.44
DRS Tambacounda,Koumpentoum,2022-02-01,27.86,37.82,19.37,0.0,17.55,3.34,6.2
DRS Tambacounda,Koumpentoum,2022-03-01,30.9,40.42,22.2,0.0,15.11,3.26,6.48
DRS Tambacounda,Koumpentoum,2022-04-01,33.56,42.57,24.76,0.0,19.14,3.17,7.04
DRS Tambacounda,Koumpentoum,2022-05-01,33.8,41.83,25.82,26.8,29.6,2.86,6.61
DRS Tambacounda,Koumpentoum,2022-06-01,30.83,36.57,25.72,69.73,58.34,2.99,5.94
DRS Tambacounda,Koumpentoum,2022-07-01,28.4,32.84,24.85,167.34,76.16,2.55,5.28
DRS Tambacounda,Koumpentoum,2022-08-01,26.83,30.35,23.96,314.2,86.55,2.12,4.97
DRS Tambacounda,Koumpentoum,2022-09-01,26.55,29.67,23.83,259.3,88.59,1.5,5.28
DRS Tambacounda,Koumpentoum,2022-10-01,26.59,30.69,23.12,89.33,84.32,1.29,5.47
DRS Tambacounda,Koumpentoum,2022-11-01,23.81,30.53,18.25,0.01,66.54,1.67,5.31
DRS Tambacounda,Koumpentoum,2022-12-01,24.26,32.93,17.37,2.9,51.08,2.35,5.14
DRS Tambacounda,Koumpentoum,2023-01-01,24.93,34.45,17.29,0.0,29.71,3.17,5.39
DRS Tambacounda,Koumpentoum,2023-02-01,29.44,38.91,21.31,0.0,19.35,3.23,5.77
DRS Tambacounda,Koumpentoum,2023-03-01,31.54,41.29,22.24,0.0,19.0,2.65,6.95
DRS Tambacounda,Koumpentoum,2023-04-01,33.86,42.34,25.45,0.0,21.77,3.05,7.01
DRS Tambacounda,Koumpentoum,2023-05-01,34.57,41.66,27.49,1.82,31.84,2.96,6.26
DRS Tambacounda,Koumpentoum,2023-06-01,32.34,38.79,26.68,73.31,51.87,3.25,6.17
DRS Tambacounda,Koumpentoum,2023-07-01,29.01,33.32,25.41,169.61,75.86,2.18,5.8
DRS Tambacounda,Koumpentoum,2023-08-01,27.89,31.63,24.76,297.69,83.85,2.07,5.39
DRS Tambacounda,Koumpentoum,2023-09-01,27.44,30.79,24.48,146.99,86.46,1.5,5.39
DRS Tambacounda,Koumpentoum,2023-10-01,27.47,31.6,24.03,75.45,82.73,1.28,5.51
DRS Tambacounda,Koumpentoum,2023-11-01,26.81,35.15,19.42,0.9,52.5,1.65,5.69
DRS Tambacounda,Koumpentoum,2023-12-01,25.59,35.23,17.68,0.0,27.67,2.61,5.27
DRS Tambacounda,Koumpentoum,2024-01-01,27.41,37.35,18.95,0.0,19.26,2.83,5.4
DRS Tambacounda,Koumpentoum,2024-02-01,29.85,40.03,20.81,0.0,10.78,3.23,6.15
DRS Tambacounda,Koumpentoum,2024-03-01,32.21,41.85,23.23,0.0,17.08,2.89,6.6
DRS Tambacounda,Koumpentoum,2024-04-01,34.84,43.64,26.17,0.02,21.19,3.06,6.85
DRS Tambacounda,Koumpentoum,2024-05-01,35.58,43.68,27.36,3.46,27.78,3.06,6.85
DRS Tambacounda,Koumpentoum,2024-06-01,33.0,40.1,26.51,42.55,45.09,3.21,6.2
DRS Tambacounda,Koumpentoum,2024-07-01,29.08,33.72,25.4,141.81,74.95,2.87,4.95
DRS Tambacounda,Koumpentoum,2024-08-01,27.85,31.88,24.68,181.07,83.2,2.42,5.06
DRS Tambacounda,Koumpentoum,2024-09-01,27.14,30.76,24.29,247.94,86.19,1.78,4.92
DRS Tambacounda,Koumpentoum,2024-10-01,27.16,31.51,23.42,64.14,81.38,1.4,5.4
DRS Tambacounda,Koumpentoum,2024-11-01,26.25,34.63,19.95,0.0,60.39,1.89,5.69
DRS Tambacounda,Koumpentoum,2024-12-01,24.93,33.59,18.13,1.86,37.6,3.01,4.75
DRS Tambacounda,Makacolibantang,2021-01-01,25.01,34.93,16.92,0.0,35.33,3.11,5.71
DRS Tambacounda,Makacolibantang,2021-02-01,27.87,36.98,19.82,0.0,22.65,2.82,5.47
DRS Tambacounda,Makacolibantang,2021-03-01,30.68,40.04,22.03,0.0,22.09,2.84,6.85
DRS Tambacounda,Makacolibantang,2021-04-01,33.22,42.39,24.23,0.0,28.33,2.6,7.12
DRS Tambacounda,Makacolibantang,2021-05-01,33.67,42.0,25.51,0.05,28.5,2.95,6.54
DRS Tambacounda,Makacolibantang,2021-06-01,31.25,37.25,25.91,112.41,56.98,2.81,5.91
DRS Tambacounda,Makacolibantang,2021-07-01,27.62,31.66,24.42,291.65,80.92,2.27,5.75
DRS Tambacounda,Makacolibantang,2021-08-01,26.65,29.89,23.94,490.97,88.17,1.85,5.42
DRS Tambacounda,Makacolibantang,2021-09-01,26.75,29.86,23.93,340.95,88.89,1.43,5.75
DRS Tambacounda,Makacolibantang,2021-10-01,26.75,30.6,23.33,90.18,84.51,1.2,5.1
DRS Tambacounda,Makacolibantang,2021-11-01,26.16,31.68,21.16,4.5,74.44,1.39,5.34
DRS Tambacounda,Makacolibantang,2021-12-01,23.96,31.19,17.9,0.0,58.89,2.17,5.02
DRS Tambacounda,Makacolibantang,2022-01-01,24.41,33.56,16.52,0.0,39.55,2.69,5.44
DRS Tambacounda,Makacolibantang,2022-02-01,26.6,36.72,18.09,0.0,25.99,2.94,6.2
DRS Tambacounda,Makacolibantang,2022-03-01,30.46,40.05,21.69,0.0,19.41,2.82,6.48
DRS Tambacounda,Makacolibantang,2022-04-01,33.12,42.22,24.24,0.0,23.86,2.85,7.04
DRS Tambacounda,Makacolibantang,2022-05-01,33.17,41.13,25.49,43.46,35.29,2.82,6.61
DRS Tambacounda,Makacolibantang,2022-06-01,29.58,34.88,25.01,122.28,67.01,2.69,5.94
DRS Tambacounda,Makacolibantang,2022-07-01,27.51,31.32,24.48,210.6,82.48,2.4,5.28
DRS Tambacounda,Makacolibantang,2022-08-01,26.53,29.88,23.91,412.07,88.52,2.25,4.97
DRS Tambacounda,Makacolibantang,2022-09-01,26.46,29.53,23.8,286.44,88.97,1.59,5.28
DRS Tambacounda,Makacolibantang,2022-10-01,26.6,30.49,23.13,102.42,84.71,1.25,5.47
DRS Tambacounda,Makacolibantang,2022-11-01,23.78,29.76,18.49,0.01,70.45,1.5,5.31
DRS Tambacounda,Makacolibantang,2022-12-01,23.28,31.01,16.83,9.95,61.66,2.05,5.14
DRS Tambacounda,Makacolibantang,2023-01-01,23.35,32.64,15.86,0.0,42.8,2.82,5.39
DRS Tambacounda,Makacolibantang,2023-02-01,28.21,37.81,19.99,0.0,28.87,2.56,5.77
DRS Tambacounda,Makacolibantang,2023-03-01,30.91,40.74,21.6,0.09,26.33,2.43,6.95
DRS Tambacounda,Makacolibantang,2023-04-01,33.66,42.16,25.17,0.0,26.17,2.68,7.01
DRS Tambacounda,Makacolibantang,2023-05-01,33.87,40.83,27.23,5.54,37.51,3.01,6.26
DRS Tambacounda,Makacolibantang,2023-06-01,30.97,36.92,25.96,150.29,61.53,3.03,6.17
DRS Tambacounda,Makacolibantang,2023-07-01,28.28,32.15,25.04,217.18,81.36,2.03,5.8
DRS Tambacounda,Makacolibantang,2023-08-01,27.47,30.88,24.68,273.19,86.87,1.98,5.39
DRS Tambacounda,Makacolibantang,2023-09-01,27.38,30.65,24.47,170.35,86.99,1.49,5.39
DRS Tambacounda,Makacolibantang,2023-10-01,27.22,30.89,24.08,110.9,85.22,1.24,5.51
DRS Tambacounda,Makacolibantang,2023-11-01,25.96,33.0,19.68,1.82,63.01,1.47,5.69
DRS Tambacounda,Makacolibantang,2023-12-01,24.45,33.31,17.08,0.0,40.11,2.21,5.27
DRS Tambacounda,Makacolibantang,2024-01-01,26.5,36.43,18.3,0.0,28.67,2.43,5.4
DRS Tambacounda,Makacolibantang,2024-02-01,29.64,39.89,20.58,0.0,15.37,2.8,6.15
DRS Tambacounda,Makacolibantang,2024-03-01,32.18,41.86,23.14,0.0,19.63,2.64,6.6
DRS Tambacounda,Makacolibantang,2024-04-01,34.52,43.42,25.83,0.0,25.13,2.92,6.85
DRS Tambacounda,Makacolibantang,2024-05-01,35.1,43.2,27.18,7.54,32.92,3.14,6.85
DRS Tambacounda,Makacolibantang,2024-06-01,32.21,39.02,26.16,47.8,51.15,3.09,6.2
DRS Tambacounda,Makacolibantang,2024-07-01,28.15,32.11,25.03,277.67,81.56,2.68,4.95
DRS Tambacounda,Makacolibantang,2024-08-01,27.36,31.02,24.46,221.32,86.47,2.34,5.06
DRS Tambacounda,Makacolibantang,2024-09-01,26.91,30.32,24.2,257.48,87.8,1.8,4.92
DRS Tambacounda,Makacolibantang,2024-10-01,26.94,30.81,23.49,148.69,83.67,1.31,5.4
DRS Tambacounda,Makacolibantang,2024-11-01,25.5,32.81,19.65,0.0,69.81,1.64,5.69
DRS Tambacounda,Makacolibantang,2024-12-01,23.48,31.9,16.93,0.3,51.11,2.68,4.75
DRS Tambacounda,Tambacounda,2021-01-01,26.23,36.34,18.01,0.0,26.53,3.54,5.75
DRS Tambacounda,Tambacounda,2021-02-01,28.73,37.85,20.54,0.0,16.53,3.14,5.7
DRS Tambacounda,Tambacounda,2021-03-01,31.53,40.64,22.86,0.0,16.48,3.0,6.79
DRS Tambacounda,Tambacounda,2021-04-01,34.49,43.3,25.49,0.0,19.77,2.37,7.08
DRS Tambacounda,Tambacounda,2021-05-01,35.05,42.97,26.93,0.01,22.26,2.89,6.43
DRS Tambacounda,Tambacounda,2021-06-01,32.64,38.83,27.03,83.9,49.37,2.95,5.94
DRS Tambacounda,Tambacounda,2021-07-01,28.71,33.5,24.91,191.48,73.57,2.64,5.55
DRS Tambacounda,Tambacounda,2021-08-01,26.92,30.44,23.97,277.34,86.61,1.77,5.27
DRS Tambacounda,Tambacounda,2021-09-01,27.04,30.43,24.02,198.54,87.1,1.44,5.62
DRS Tambacounda,Tambacounda,2021-10-01,27.13,31.47,23.33,69.53,81.31,1.27,5.25
DRS Tambacounda,Tambacounda,2021-11-01,26.47,32.98,21.18,1.8,68.69,1.6,5.35
DRS Tambacounda,Tambacounda,2021-12-01,25.5,33.99,18.85,0.0,42.46,2.63,5.02
DRS Tambacounda,Tambacounda,2022-01-01,26.11,35.62,18.03,0.0,24.01,3.22,5.53
DRS Tambacounda,Tambacounda,2022-02-01,28.28,38.1,19.84,0.0,15.54,3.36,6.21
DRS Tambacounda,Tambacounda,2022-03-01,31.42,40.75,22.66,0.0,13.67,3.08,6.54
DRS Tambacounda,Tambacounda,2022-04-01,34.26,43.04,25.5,0.0,16.91,2.98,7.06
DRS Tambacounda,Tambacounda,2022-05-01,34.34,42.09,26.48,33.33,28.18,2.68,6.56
DRS Tambacounda,Tambacounda,2022-06-01,30.96,36.68,25.95,90.88,59.0,2.89,5.95
DRS Tambacounda,Tambacounda,2022-07-01,28.24,32.57,24.75,173.98,77.54,2.53,5.29
DRS Tambacounda,Tambacounda,2022-08-01,26.79,30.34,23.81,307.31,86.48,2.1,4.99
DRS Tambacounda,Tambacounda,2022-09-01,26.55,29.71,23.85,250.89,88.46,1.44,5.31
DRS Tambacounda,Tambacounda,2022-10-01,26.67,30.84,23.11,84.1,83.56,1.25,5.43
DRS Tambacounda,Tambacounda,2022-11-01,23.5,30.22,17.93,0.0,67.23,1.68,5.35
DRS Tambacounda,Tambacounda,2022-12-01,23.89,32.57,17.08,7.63,53.45,2.33,5.13
DRS Tambacounda,Tambacounda,2023-01-01,24.61,34.29,16.77,0.0,30.87,3.08,5.43
DRS Tambacounda,Tambacounda,2023-02-01,29.21,38.85,20.8,0.0,20.73,3.0,5.84
DRS Tambacounda,Tambacounda,2023-03-01,31.83,41.49,22.42,0.0,17.57,2.59,6.97
DRS Tambacounda,Tambacounda,2023-04-01,34.31,42.66,25.85,0.0,20.18,2.99,7.07
DRS Tambacounda,Tambacounda,2023-05-01,35.1,41.9,28.23,1.66,30.58,3.02,6.28
DRS Tambacounda,Tambacounda,2023-06-01,32.49,38.73,27.01,88.43,52.21,3.14,6.09
DRS Tambacounda,Tambacounda,2023-07-01,28.89,33.12,25.37,197.36,77.1,2.11,5.72
DRS Tambacounda,Tambacounda,2023-08-01,27.95,31.81,24.72,240.26,83.45,2.08,5.41
DRS Tambacounda,Tambacounda,2023-09-01,27.58,31.09,24.55,150.65,85.9,1.48,5.31
DRS Tambacounda,Tambacounda,2023-10-01,27.55,31.89,24.01,87.61,82.36,1.3,5.42
DRS Tambacounda,Tambacounda,2023-11-01,26.7,35.3,19.28,1.07,52.34,1.64,5.58
DRS Tambacounda,Tambacounda,2023-12-01,25.58,35.6,17.56,0.0,26.58,2.69,5.28
DRS Tambacounda,Tambacounda,2024-01-01,27.41,37.38,18.9,0.0,18.64,2.85,5.48
DRS Tambacounda,Tambacounda,2024-02-01,29.9,40.15,20.76,0.0,10.06,3.3,6.18
DRS Tambacounda,Tambacounda,2024-03-01,32.77,42.24,23.81,0.0,15.1,2.77,6.56
DRS Tambacounda,Tambacounda,2024-04-01,35.51,44.0,26.85,0.05,19.28,2.97,6.89
DRS Tambacounda,Tambacounda,2024-05-01,36.23,43.96,28.32,7.37,26.86,2.95,6.84
DRS Tambacounda,Tambacounda,2024-06-01,33.0,39.73,27.0,97.91,46.85,2.99,6.05
DRS Tambacounda,Tambacounda,2024-07-01,29.32,33.99,25.59,126.51,73.75,2.79,4.8
DRS Tambacounda,Tambacounda,2024-08-01,27.71,31.56,24.64,231.12,84.03,2.41,5.0
DRS Tambacounda,Tambacounda,2024-09-01,27.02,30.52,24.21,260.07,86.9,1.76,4.87
DRS Tambacounda,Tambacounda,2024-10-01,27.11,31.46,23.35,55.14,81.82,1.4,5.33
DRS Tambacounda,Tambacounda,2024-11-01,25.53,33.7,19.38,0.0,64.39,1.88,5.7
DRS Tambacounda,Tambacounda,2024-12-01,24.34,33.12,17.57,0.15,41.05,3.04,4.73
DRS Thies,Joal-Fadiouth,2021-01-01,23.04,28.39,18.86,0.01,53.63,3.86,5.45
DRS Thies,Joal-Fadiouth,2021-02-01,23.15,30.13,18.97,3.36,52.84,3.65,5.52
DRS Thies,Joal-Fadiouth,2021-03-01,22.66,29.4,18.63,4.88,63.59,3.87,6.91
DRS Thies,Joal-Fadiouth,2021-04-01,23.44,30.37,19.6,0.74,70.06,3.51,7.27
DRS Thies,Joal-Fadiouth,2021-05-01,23.48,28.3,20.56,1.67,74.73,3.67,6.85
DRS Thies,Joal-Fadiouth,2021-06-01,26.34,29.02,24.43,45.86,78.65,3.29,6.24
DRS Thies,Joal-Fadiouth,2021-07-01,27.5,29.28,26.14,91.25,78.29,3.59,6.31
DRS Thies,Joal-Fadiouth,2021-08-01,27.66,29.06,26.61,265.27,82.89,3.36,5.61
DRS Thies,Joal-Fadiouth,2021-09-01,28.13,29.61,26.92,246.55,81.8,2.54,5.91
DRS Thies,Joal-Fadiouth,2021-10-01,28.46,30.51,26.82,70.46,76.91,2.54,5.47
DRS Thies,Joal-Fadiouth,2021-11-01,27.45,30.73,24.91,5.2,71.29,2.76,5.43
DRS Thies,Joal-Fadiouth,2021-12-01,25.28,29.52,21.63,3.82,59.83,2.95,4.73
DRS Thies,Joal-Fadiouth,2022-01-01,24.56,29.19,20.77,1.0,57.38,3.54,5.17
DRS Thies,Joal-Fadiouth,2022-02-01,23.63,29.37,19.54,0.69,53.31,3.88,6.15
DRS Thies,Joal-Fadiouth,2022-03-01,22.27,29.03,18.09,3.7,60.45,3.99,6.56
DRS Thies,Joal-Fadiouth,2022-04-01,23.34,29.92,19.46,0.2,66.19,3.72,7.06
DRS Thies,Joal-Fadiouth,2022-05-01,24.75,29.27,21.92,26.07,75.21,3.3,6.83
DRS Thies,Joal-Fadiouth,2022-06-01,26.78,29.02,25.13,102.32,80.48,3.45,6.21
DRS Thies,Joal-Fadiouth,2022-07-01,27.72,29.31,26.54,122.47,80.13,4.0,5.83
DRS Thies,Joal-Fadiouth,2022-08-01,27.82,29.08,26.86,263.48,83.14,3.8,4.88
DRS Thies,Joal-Fadiouth,2022-09-01,27.81,29.12,26.78,246.87,82.9,3.1,5.53
DRS Thies,Joal-Fadiouth,2022-10-01,28.21,30.02,26.66,114.97,78.44,2.23,5.66
DRS Thies,Joal-Fadiouth,2022-11-01,26.65,30.22,23.34,2.66,64.47,2.53,5.28
DRS Thies,Joal-Fadiouth,2022-12-01,24.51,28.8,20.77,2.73,64.63,3.08,5.44
DRS Thies,Joal-Fadiouth,2023-01-01,23.08,27.41,19.41,1.41,58.04,3.56,5.16
DRS Thies,Joal-Fadiouth,2023-02-01,22.62,29.47,18.49,0.31,59.58,3.73,5.66
DRS Thies,Joal-Fadiouth,2023-03-01,24.19,31.15,20.36,1.62,64.95,3.02,6.84
DRS Thies,Joal-Fadiouth,2023-04-01,24.83,30.77,21.36,0.3,67.86,3.58,7.05
DRS Thies,Joal-Fadiouth,2023-05-01,26.42,30.77,23.61,1.18,72.11,3.37,6.63
DRS Thies,Joal-Fadiouth,2023-06-01,27.61,30.19,25.74,22.88,76.88,4.0,6.62
DRS Thies,Joal-Fadiouth,2023-07-01,28.44,29.87,27.3,177.32,80.48,3.28,5.97
DRS Thies,Joal-Fadiouth,2023-08-01,28.27,29.52,27.32,294.45,83.7,3.61,5.46
DRS Thies,Joal-Fadiouth,2023-09-01,28.55,29.8,27.51,184.89,81.59,2.57,5.59
DRS Thies,Joal-Fadiouth,2023-10-01,28.85,30.39,27.57,53.87,78.18,2.32,5.59
DRS Thies,Joal-Fadiouth,2023-11-01,27.23,31.19,23.85,2.08,67.05,2.77,5.68
DRS Thies,Joal-Fadiouth,2023-12-01,24.51,29.09,20.5,2.23,57.49,3.22,5.24
DRS Thies,Joal-Fadiouth,2024-01-01,24.44,29.3,20.42,4.25,58.13,3.18,5.32
DRS Thies,Joal-Fadiouth,2024-02-01,25.54,31.86,21.03,0.44,52.51,3.35,5.99
DRS Thies,Joal-Fadiouth,2024-03-01,23.07,29.73,19.26,0.04,67.45,3.83,6.6
DRS Thies,Joal-Fadiouth,2024-04-01,24.7,30.9,21.05,0.61,67.1,3.44,6.9
DRS Thies,Joal-Fadiouth,2024-05-01,26.12,30.81,23.25,1.07,72.74,3.61,6.74
DRS Thies,Joal-Fadiouth,2024-06-01,26.35,28.86,24.45,32.81,78.95,3.58,6.48
DRS Thies,Joal-Fadiouth,2024-07-01,27.74,29.16,26.62,142.56,82.52,3.84,5.53
DRS Thies,Joal-Fadiouth,2024-08-01,28.17,29.46,27.21,203.19,82.52,3.91,5.24
DRS Thies,Joal-Fadiouth,2024-09-01,28.12,29.6,27.0,250.65,82.53,3.25,4.77
DRS Thies,Joal-Fadiouth,2024-10-01,28.29,30.26,26.65,95.26,79.65,2.45,5.55
DRS Thies,Joal-Fadiouth,2024-11-01,27.96,31.65,24.73,0.25,69.27,2.21,5.64
DRS Thies,Joal-Fadiouth,2024-12-01,24.58,28.56,21.09,2.72,57.76,3.39,4.49
DRS Thies,Khombole,2021-01-01,21.26,28.32,16.35,0.46,52.27,3.84,5.45
DRS Thies,Khombole,2021-02-01,22.08,30.57,16.9,12.3,52.32,3.95,5.52
DRS Thies,Khombole,2021-03-01,22.29,30.72,17.13,3.66,63.08,4.39,6.91
DRS Thies,Khombole,2021-04-01,23.38,32.31,18.13,8.62,68.5,4.53,7.27
DRS Thies,Khombole,2021-05-01,24.08,31.41,19.3,3.67,68.66,4.22,6.85
DRS Thies,Khombole,2021-06-01,27.43,33.72,22.93,52.99,67.75,3.29,6.24
DRS Thies,Khombole,2021-07-01,28.09,33.17,24.35,16.53,68.52,3.21,6.31
DRS Thies,Khombole,2021-08-01,27.89,31.17,25.29,262.92,79.03,2.39,5.61
DRS Thies,Khombole,2021-09-01,27.94,31.4,25.32,177.11,81.57,1.89,5.91
DRS Thies,Khombole,2021-10-01,27.73,32.09,24.45,38.53,75.42,1.97,5.47
DRS Thies,Khombole,2021-11-01,26.68,32.33,22.7,11.57,66.98,2.56,5.43
DRS Thies,Khombole,2021-12-01,24.74,31.5,19.66,8.7,50.8,3.0,4.73
DRS Thies,Khombole,2022-01-01,24.22,31.41,18.89,9.41,48.33,3.63,5.17
DRS Thies,Khombole,2022-02-01,23.61,31.52,18.02,8.51,46.47,4.37,6.15
DRS Thies,Khombole,2022-03-01,22.25,31.09,16.79,13.45,59.55,4.74,6.56
DRS Thies,Khombole,2022-04-01,23.66,32.32,18.3,2.49,64.33,4.84,7.06
DRS Thies,Khombole,2022-05-01,26.43,34.77,20.93,10.89,63.42,3.65,6.83
DRS Thies,Khombole,2022-06-01,28.24,34.48,23.87,44.41,66.93,3.38,6.21
DRS Thies,Khombole,2022-07-01,28.2,32.66,25.01,107.89,72.0,3.35,5.83
DRS Thies,Khombole,2022-08-01,27.92,31.06,25.44,172.68,78.65,2.76,4.88
DRS Thies,Khombole,2022-09-01,27.77,31.01,25.35,156.25,81.9,2.21,5.53
DRS Thies,Khombole,2022-10-01,27.86,31.9,24.7,60.13,76.5,1.75,5.66
DRS Thies,Khombole,2022-11-01,25.73,32.36,20.42,1.37,56.15,2.25,5.28
DRS Thies,Khombole,2022-12-01,24.33,31.64,18.73,4.54,53.08,3.13,5.44
DRS Thies,Khombole,2023-01-01,23.33,30.79,17.82,21.14,45.49,3.69,5.16
DRS Thies,Khombole,2023-02-01,22.34,30.88,17.24,12.17,58.84,4.67,5.66
DRS Thies,Khombole,2023-03-01,25.89,35.72,19.28,2.71,52.96,3.63,6.84
DRS Thies,Khombole,2023-04-01,25.62,34.02,20.37,6.66,61.58,4.43,7.05
DRS Thies,Khombole,2023-05-01,27.67,35.27,22.6,5.43,61.66,4.22,6.63
DRS Thies,Khombole,2023-06-01,28.54,34.73,24.29,8.96,66.6,3.92,6.62
DRS Thies,Khombole,2023-07-01,28.99,32.85,25.96,197.09,73.22,2.71,5.97
DRS Thies,Khombole,2023-08-01,28.11,31.16,25.73,303.28,81.49,2.72,5.46
DRS Thies,Khombole,2023-09-01,27.87,30.71,25.68,185.33,83.94,1.96,5.59
DRS Thies,Khombole,2023-10-01,28.06,31.56,25.36,33.94,79.69,1.71,5.59
DRS Thies,Khombole,2023-11-01,25.28,31.75,20.55,3.64,67.13,2.41,5.68
DRS Thies,Khombole,2023-12-01,23.46,31.18,17.91,10.92,51.67,3.18,5.24
DRS Thies,Khombole,2024-01-01,23.9,32.04,18.12,7.16,49.0,3.04,5.32
DRS Thies,Khombole,2024-02-01,25.57,34.87,19.02,1.07,42.12,3.73,5.99
DRS Thies,Khombole,2024-03-01,23.23,31.93,17.95,0.07,66.03,4.29,6.6
DRS Thies,Khombole,2024-04-01,25.94,34.79,20.15,0.61,59.61,4.4,6.9
DRS Thies,Khombole,2024-05-01,27.13,35.29,21.74,1.7,63.32,4.06,6.74
DRS Thies,Khombole,2024-06-01,27.34,33.36,22.94,37.1,67.96,3.65,6.48
DRS Thies,Khombole,2024-07-01,28.27,32.36,25.13,118.98,74.73,3.28,5.53
DRS Thies,Khombole,2024-08-01,28.54,32.04,25.96,96.11,77.39,3.01,5.24
DRS Thies,Khombole,2024-09-01,28.05,31.49,25.49,259.11,79.41,2.5,4.77
DRS Thies,Khombole,2024-10-01,27.93,32.04,24.7,82.29,77.05,1.94,5.55
DRS Thies,Khombole,2024-11-01,26.54,33.29,21.19,1.51,60.23,2.36,5.64
DRS Thies,Khombole,2024-12-01,24.02,30.54,19.03,0.84,46.35,3.39,4.49
DRS Thies,Mbour,2021-01-01,22.52,30.54,16.72,0.1,45.59,3.82,5.45
DRS Thies,Mbour,2021-02-01,23.63,32.93,17.51,4.68,44.03,3.89,5.52
DRS Thies,Mbour,2021-03-01,23.84,33.49,17.48,1.82,54.95,4.23,6.91
DRS Thies,Mbour,2021-04-01,25.22,35.53,18.63,1.57,59.44,4.1,7.27
DRS Thies,Mbour,2021-05-01,25.41,34.03,19.74,2.11,62.51,3.96,6.85
DRS Thies,Mbour,2021-06-01,27.78,33.82,23.46,28.37,67.05,3.15,6.24
DRS Thies,Mbour,2021-07-01,28.26,32.83,24.9,29.37,69.49,3.1,6.31
DRS Thies,Mbour,2021-08-01,27.66,30.78,25.33,248.57,81.24,2.44,5.61
DRS Thies,Mbour,2021-09-01,27.83,31.04,25.39,198.13,82.83,1.86,5.91
DRS Thies,Mbour,2021-10-01,27.87,32.19,24.64,52.53,76.64,1.91,5.47
DRS Thies,Mbour,2021-11-01,27.15,33.27,22.76,5.51,66.61,2.37,5.43
DRS Thies,Mbour,2021-12-01,25.37,32.53,19.81,7.21,49.41,2.86,4.73
DRS Thies,Mbour,2022-01-01,24.81,32.4,18.98,3.96,45.45,3.48,5.17
DRS Thies,Mbour,2022-02-01,24.4,32.84,18.2,3.96,41.42,4.13,6.15
DRS Thies,Mbour,2022-03-01,23.78,33.63,17.24,6.31,51.14,4.51,6.56
DRS Thies,Mbour,2022-04-01,25.37,35.23,18.77,0.43,55.64,4.48,7.06
DRS Thies,Mbour,2022-05-01,27.04,35.78,21.13,22.29,61.39,3.42,6.83
DRS Thies,Mbour,2022-06-01,28.0,33.39,24.13,69.79,70.13,3.2,6.21
DRS Thies,Mbour,2022-07-01,28.2,32.11,25.36,104.12,74.01,3.28,5.83
DRS Thies,Mbour,2022-08-01,27.73,30.62,25.58,208.86,81.16,2.78,4.88
DRS Thies,Mbour,2022-09-01,27.53,30.43,25.38,210.32,83.72,2.27,5.53
DRS Thies,Mbour,2022-10-01,27.68,31.45,24.67,89.55,79.08,1.67,5.66
DRS Thies,Mbour,2022-11-01,25.67,32.33,20.18,2.07,58.34,2.14,5.28
DRS Thies,Mbour,2022-12-01,24.24,31.79,18.32,4.25,54.81,2.84,5.44
DRS Thies,Mbour,2023-01-01,23.46,31.11,17.58,7.13,45.53,3.44,5.16
DRS Thies,Mbour,2023-02-01,23.76,33.06,17.59,2.67,50.79,4.34,5.66
DRS Thies,Mbour,2023-03-01,26.35,36.52,19.41,0.89,50.42,3.27,6.84
DRS Thies,Mbour,2023-04-01,26.79,35.88,20.73,1.94,55.96,4.08,7.05
DRS Thies,Mbour,2023-05-01,28.5,36.52,22.95,1.77,58.31,3.73,6.63
DRS Thies,Mbour,2023-06-01,28.93,35.0,24.73,10.16,65.78,3.71,6.62
DRS Thies,Mbour,2023-07-01,28.81,32.37,26.14,150.5,75.41,2.6,5.97
DRS Thies,Mbour,2023-08-01,28.1,31.02,25.95,269.57,82.5,2.73,5.46
DRS Thies,Mbour,2023-09-01,27.97,30.79,25.81,186.79,83.96,1.9,5.59
DRS Thies,Mbour,2023-10-01,28.18,31.66,25.53,41.41,79.99,1.66,5.59
DRS Thies,Mbour,2023-11-01,26.08,33.25,20.68,1.99,64.33,2.33,5.68
DRS Thies,Mbour,2023-12-01,24.04,32.17,17.85,5.21,48.85,3.0,5.24
DRS Thies,Mbour,2024-01-01,24.43,32.91,18.13,3.55,47.2,2.98,5.32
DRS Thies,Mbour,2024-02-01,26.34,35.82,19.28,0.5,38.81,3.47,5.99
DRS Thies,Mbour,2024-03-01,24.69,34.55,18.34,0.03,58.03,4.18,6.6
DRS Thies,Mbour,2024-04-01,26.97,36.67,20.43,0.32,54.66,3.99,6.9
DRS Thies,Mbour,2024-05-01,28.17,36.9,22.29,0.67,59.32,3.76,6.74
DRS Thies,Mbour,2024-06-01,27.53,33.33,23.24,40.97,68.54,3.43,6.48
DRS Thies,Mbour,2024-07-01,28.11,31.65,25.43,101.02,77.33,3.17,5.53
DRS Thies,Mbour,2024-08-01,28.26,31.36,26.06,136.2,79.89,2.99,5.24
DRS Thies,Mbour,2024-09-01,27.99,31.21,25.64,239.65,81.4,2.43,4.77
DRS Thies,Mbour,2024-10-01,27.94,32.01,24.74,82.45,78.45,1.88,5.55
DRS Thies,Mbour,2024-11-01,27.49,34.38,21.91,0.45,61.27,2.04,5.64
DRS Thies,Mbour,2024-12-01,24.59,31.52,19.18,0.33,45.34,3.21,4.49
DRS Thies,Mekhe,2021-01-01,21.26,28.32,16.35,0.46,52.27,3.84,4.98
DRS Thies,Mekhe,2021-02-01,22.08,30.57,16.9,12.3,52.32,3.95,5.42
DRS Thies,Mekhe,2021-03-01,22.29,30.72,17.13,3.66,63.08,4.39,6.79
DRS Thies,Mekhe,2021-04-01,23.38,32.31,18.13,8.62,68.5,4.53,7.25
DRS Thies,Mekhe,2021-05-01,24.08,31.41,19.3,3.67,68.66,4.22,6.64
DRS Thies,Mekhe,2021-06-01,27.43,33.72,22.93,52.99,67.75,3.29,6.1
DRS Thies,Mekhe,2021-07-01,28.09,33.17,24.35,16.53,68.52,3.21,5.88
DRS Thies,Mekhe,2021-08-01,27.89,31.17,25.29,262.92,79.03,2.39,5.46
DRS Thies,Mekhe,2021-09-01,27.94,31.4,25.32,177.11,81.57,1.89,5.75
DRS Thies,Mekhe,2021-10-01,27.73,32.09,24.45,38.53,75.42,1.97,5.35
DRS Thies,Mekhe,2021-11-01,26.68,32.33,22.7,11.57,66.98,2.56,5.03
DRS Thies,Mekhe,2021-12-01,24.74,31.5,19.66,8.7,50.8,3.0,4.12
DRS Thies,Mekhe,2022-01-01,24.22,31.41,18.89,9.41,48.33,3.63,4.71
DRS Thies,Mekhe,2022-02-01,23.61,31.52,18.02,8.51,46.47,4.37,5.84
DRS Thies,Mekhe,2022-03-01,22.25,31.09,16.79,13.45,59.55,4.74,6.64
DRS Thies,Mekhe,2022-04-01,23.66,32.32,18.3,2.49,64.33,4.84,7.01
DRS Thies,Mekhe,2022-05-01,26.43,34.77,20.93,10.89,63.42,3.65,6.59
DRS Thies,Mekhe,2022-06-01,28.24,34.48,23.87,44.41,66.93,3.38,5.88
DRS Thies,Mekhe,2022-07-01,28.2,32.66,25.01,107.89,72.0,3.35,5.7
DRS Thies,Mekhe,2022-08-01,27.92,31.06,25.44,172.68,78.65,2.76,5.54
DRS Thies,Mekhe,2022-09-01,27.77,31.01,25.35,156.25,81.9,2.21,5.44
DRS Thies,Mekhe,2022-10-01,27.86,31.9,24.7,60.13,76.5,1.75,5.42
DRS Thies,Mekhe,2022-11-01,25.73,32.36,20.42,1.37,56.15,2.25,5.23
DRS Thies,Mekhe,2022-12-01,24.33,31.64,18.73,4.54,53.08,3.13,5.45
DRS Thies,Mekhe,2023-01-01,23.33,30.79,17.82,21.14,45.49,3.69,4.96
DRS Thies,Mekhe,2023-02-01,22.34,30.88,17.24,12.17,58.84,4.67,5.33
DRS Thies,Mekhe,2023-03-01,25.89,35.72,19.28,2.71,52.96,3.63,6.77
DRS Thies,Mekhe,2023-04-01,25.62,34.02,20.37,6.66,61.58,4.43,6.84
DRS Thies,Mekhe,2023-05-01,27.67,35.27,22.6,5.43,61.66,4.22,6.61
DRS Thies,Mekhe,2023-06-01,28.54,34.73,24.29,8.96,66.6,3.92,6.8
DRS Thies,Mekhe,2023-07-01,28.99,32.85,25.96,197.09,73.22,2.71,5.62
DRS Thies,Mekhe,2023-08-01,28.11,31.16,25.73,303.28,81.49,2.72,5.84
DRS Thies,Mekhe,2023-09-01,27.87,30.71,25.68,185.33,83.94,1.96,5.7
DRS Thies,Mekhe,2023-10-01,28.06,31.56,25.36,33.94,79.69,1.71,5.67
DRS Thies,Mekhe,2023-11-01,25.28,31.75,20.55,3.64,67.13,2.41,5.49
DRS Thies,Mekhe,2023-12-01,23.46,31.18,17.91,10.92,51.67,3.18,5.03
DRS Thies,Mekhe,2024-01-01,23.9,32.04,18.12,7.16,49.0,3.04,5.07
DRS Thies,Mekhe,2024-02-01,25.57,34.87,19.02,1.07,42.12,3.73,5.9
DRS Thies,Mekhe,2024-03-01,23.23,31.93,17.95,0.07,66.03,4.29,6.79
DRS Thies,Mekhe,2024-04-01,25.94,34.79,20.15,0.61,59.61,4.4,6.81
DRS Thies,Mekhe,2024-05-01,27.13,35.29,21.74,1.7,63.32,4.06,6.92
DRS Thies,Mekhe,2024-06-01,27.34,33.36,22.94,37.1,67.96,3.65,6.34
DRS Thies,Mekhe,2024-07-01,28.27,32.36,25.13,118.98,74.73,3.28,5.69
DRS Thies,Mekhe,2024-08-01,28.54,32.04,25.96,96.11,77.39,3.01,5.49
DRS Thies,Mekhe,2024-09-01,28.05,31.49,25.49,259.11,79.41,2.5,5.23
DRS Thies,Mekhe,2024-10-01,27.93,32.04,24.7,82.29,77.05,1.94,5.36
DRS Thies,Mekhe,2024-11-01,26.54,33.29,21.19,1.51,60.23,2.36,5.52
DRS Thies,Mekhe,2024-12-01,24.02,30.54,19.03,0.84,46.35,3.39,4.28
DRS Thies,Popenguine,2021-01-01,22.52,30.54,16.72,0.1,45.59,3.82,5.13
DRS Thies,Popenguine,2021-02-01,23.63,32.93,17.51,4.68,44.03,3.89,5.25
DRS Thies,Popenguine,2021-03-01,23.84,33.49,17.48,1.82,54.95,4.23,6.81
DRS Thies,Popenguine,2021-04-01,25.22,35.53,18.63,1.57,59.44,4.1,7.11
DRS Thies,Popenguine,2021-05-01,25.41,34.03,19.74,2.11,62.51,3.96,6.59
DRS Thies,Popenguine,2021-06-01,27.78,33.82,23.46,28.37,67.05,3.15,5.9
DRS Thies,Popenguine,2021-07-01,28.26,32.83,24.9,29.37,69.49,3.1,5.92
DRS Thies,Popenguine,2021-08-01,27.66,30.78,25.33,248.57,81.24,2.44,5.32
DRS Thies,Popenguine,2021-09-01,27.83,31.04,25.39,198.13,82.83,1.86,5.81
DRS Thies,Popenguine,2021-10-01,27.87,32.19,24.64,52.53,76.64,1.91,5.32
DRS Thies,Popenguine,2021-11-01,27.15,33.27,22.76,5.51,66.61,2.37,5.22
DRS Thies,Popenguine,2021-12-01,25.37,32.53,19.81,7.21,49.41,2.86,4.35
DRS Thies,Popenguine,2022-01-01,24.81,32.4,18.98,3.96,45.45,3.48,4.85
DRS Thies,Popenguine,2022-02-01,24.4,32.84,18.2,3.96,41.42,4.13,5.97
DRS Thies,Popenguine,2022-03-01,23.78,33.63,17.24,6.31,51.14,4.51,6.46
DRS Thies,Popenguine,2022-04-01,25.37,35.23,18.77,0.43,55.64,4.48,6.99
DRS Thies,Popenguine,2022-05-01,27.04,35.78,21.13,22.29,61.39,3.42,6.58
DRS Thies,Popenguine,2022-06-01,28.0,33.39,24.13,69.79,70.13,3.2,5.98
DRS Thies,Popenguine,2022-07-01,28.2,32.11,25.36,104.12,74.01,3.28,5.59
DRS Thies,Popenguine,2022-08-01,27.73,30.62,25.58,208.86,81.16,2.78,5.31
DRS Thies,Popenguine,2022-09-01,27.53,30.43,25.38,210.32,83.72,2.27,5.36
DRS Thies,Popenguine,2022-10-01,27.68,31.45,24.67,89.55,79.08,1.67,5.46
DRS Thies,Popenguine,2022-11-01,25.67,32.33,20.18,2.07,58.34,2.14,5.08
DRS Thies,Popenguine,2022-12-01,24.24,31.79,18.32,4.25,54.81,2.84,5.38
DRS Thies,Popenguine,2023-01-01,23.46,31.11,17.58,7.13,45.53,3.44,4.94
DRS Thies,Popenguine,2023-02-01,23.76,33.06,17.59,2.67,50.79,4.34,5.48
DRS Thies,Popenguine,2023-03-01,26.35,36.52,19.41,0.89,50.42,3.27,6.82
DRS Thies,Popenguine,2023-04-01,26.79,35.88,20.73,1.94,55.96,4.08,6.8
DRS Thies,Popenguine,2023-05-01,28.5,36.52,22.95,1.77,58.31,3.73,6.52
DRS Thies,Popenguine,2023-06-01,28.93,35.0,24.73,10.16,65.78,3.71,6.63
DRS Thies,Popenguine,2023-07-01,28.81,32.37,26.14,150.5,75.41,2.6,5.71
DRS Thies,Popenguine,2023-08-01,28.1,31.02,25.95,269.57,82.5,2.73,5.4
DRS Thies,Popenguine,2023-09-01,27.97,30.79,25.81,186.79,83.96,1.9,5.45
DRS Thies,Popenguine,2023-10-01,28.18,31.66,25.53,41.41,79.99,1.66,5.5
DRS Thies,Popenguine,2023-11-01,26.08,33.25,20.68,1.99,64.33,2.33,5.53
DRS Thies,Popenguine,2023-12-01,24.04,32.17,17.85,5.21,48.85,3.0,5.12
DRS Thies,Popenguine,2024-01-01,24.43,32.91,18.13,3.55,47.2,2.98,5.15
DRS Thies,Popenguine,2024-02-01,26.34,35.82,19.28,0.5,38.81,3.47,5.79
DRS Thies,Popenguine,2024-03-01,24.69,34.55,18.34,0.03,58.03,4.18,6.67
DRS Thies,Popenguine,2024-04-01,26.97,36.67,20.43,0.32,54.66,3.99,6.87
DRS Thies,Popenguine,2024-05-01,28.17,36.9,22.29,0.67,59.32,3.76,6.76
DRS Thies,Popenguine,2024-06-01,27.53,33.33,23.24,40.97,68.54,3.43,6.26
DRS Thies,Popenguine,2024-07-01,28.11,31.65,25.43,101.02,77.33,3.17,5.43
DRS Thies,Popenguine,2024-08-01,28.26,31.36,26.06,136.2,79.89,2.99,5.23
DRS Thies,Popenguine,2024-09-01,27.99,31.21,25.64,239.65,81.4,2.43,4.95
DRS Thies,Popenguine,2024-10-01,27.94,32.01,24.74,82.45,78.45,1.88,5.21
DRS Thies,Popenguine,2024-11-01,27.49,34.38,21.91,0.45,61.27,2.04,5.49
DRS Thies,Popenguine,2024-12-01,24.59,31.52,19.18,0.33,45.34,3.21,4.29
DRS Thies,Pout,2021-01-01,21.26,28.32,16.35,0.46,52.27,3.84,5.13
DRS Thies,Pout,2021-02-01,22.08,30.57,16.9,12.3,52.32,3.95,5.25
DRS Thies,Pout,2021-03-01,22.29,30.72,17.13,3.66,63.08,4.39,6.81
DRS Thies,Pout,2021-04-01,23.38,32.31,18.13,8.62,68.5,4.53,7.11
DRS Thies,Pout,2021-05-01,24.08,31.41,19.3,3.67,68.66,4.22,6.59
DRS Thies,Pout,2021-06-01,27.43,33.72,22.93,52.99,67.75,3.29,5.9
DRS Thies,Pout,2021-07-01,28.09,33.17,24.35,16.53,68.52,3.21,5.92
DRS Thies,Pout,2021-08-01,27.89,31.17,25.29,262.92,79.03,2.39,5.32
DRS Thies,Pout,2021-09-01,27.94,31.4,25.32,177.11,81.57,1.89,5.81
DRS Thies,Pout,2021-10-01,27.73,32.09,24.45,38.53,75.42,1.97,5.32
DRS Thies,Pout,2021-11-01,26.68,32.33,22.7,11.57,66.98,2.56,5.22
DRS Thies,Pout,2021-12-01,24.74,31.5,19.66,8.7,50.8,3.0,4.35
DRS Thies,Pout,2022-01-01,24.22,31.41,18.89,9.41,48.33,3.63,4.85
DRS Thies,Pout,2022-02-01,23.61,31.52,18.02,8.51,46.47,4.37,5.97
DRS Thies,Pout,2022-03-01,22.25,31.09,16.79,13.45,59.55,4.74,6.46
DRS Thies,Pout,2022-04-01,23.66,32.32,18.3,2.49,64.33,4.84,6.99
DRS Thies,Pout,2022-05-01,26.43,34.77,20.93,10.89,63.42,3.65,6.58
DRS Thies,Pout,2022-06-01,28.24,34.48,23.87,44.41,66.93,3.38,5.98
DRS Thies,Pout,2022-07-01,28.2,32.66,25.01,107.89,72.0,3.35,5.59
DRS Thies,Pout,2022-08-01,27.92,31.06,25.44,172.68,78.65,2.76,5.31
DRS Thies,Pout,2022-09-01,27.77,31.01,25.35,156.25,81.9,2.21,5.36
DRS Thies,Pout,2022-10-01,27.86,31.9,24.7,60.13,76.5,1.75,5.46
DRS Thies,Pout,2022-11-01,25.73,32.36,20.42,1.37,56.15,2.25,5.08
DRS Thies,Pout,2022-12-01,24.33,31.64,18.73,4.54,53.08,3.13,5.38
DRS Thies,Pout,2023-01-01,23.33,30.79,17.82,21.14,45.49,3.69,4.94
DRS Thies,Pout,2023-02-01,22.34,30.88,17.24,12.17,58.84,4.67,5.48
DRS Thies,Pout,2023-03-01,25.89,35.72,19.28,2.71,52.96,3.63,6.82
DRS Thies,Pout,2023-04-01,25.62,34.02,20.37,6.66,61.58,4.43,6.8
DRS Thies,Pout,2023-05-01,27.67,35.27,22.6,5.43,61.66,4.22,6.52
DRS Thies,Pout,2023-06-01,28.54,34.73,24.29,8.96,66.6,3.92,6.63
DRS Thies,Pout,2023-07-01,28.99,32.85,25.96,197.09,73.22,2.71,5.71
DRS Thies,Pout,2023-08-01,28.11,31.16,25.73,303.28,81.49,2.72,5.4
DRS Thies,Pout,2023-09-01,27.87,30.71,25.68,185.33,83.94,1.96,5.45
DRS Thies,Pout,2023-10-01,28.06,31.56,25.36,33.94,79.69,1.71,5.5
DRS Thies,Pout,2023-11-01,25.28,31.75,20.55,3.64,67.13,2.41,5.53
DRS Thies,Pout,2023-12-01,23.46,31.18,17.91,10.92,51.67,3.18,5.12
DRS Thies,Pout,2024-01-01,23.9,32.04,18.12,7.16,49.0,3.04,5.15
DRS Thies,Pout,2024-02-01,25.57,34.87,19.02,1.07,42.12,3.73,5.79
DRS Thies,Pout,2024-03-01,23.23,31.93,17.95,0.07,66.03,4.29,6.67
DRS Thies,Pout,2024-04-01,25.94,34.79,20.15,0.61,59.61,4.4,6.87
DRS Thies,Pout,2024-05-01,27.13,35.29,21.74,1.7,63.32,4.06,6.76
DRS Thies,Pout,2024-06-01,27.34,33.36,22.94,37.1,67.96,3.65,6.26
DRS Thies,Pout,2024-07-01,28.27,32.36,25.13,118.98,74.73,3.28,5.43
DRS Thies,Pout,2024-08-01,28.54,32.04,25.96,96.11,77.39,3.01,5.23
DRS Thies,Pout,2024-09-01,28.05,31.49,25.49,259.11,79.41,2.5,4.95
DRS Thies,Pout,2024-10-01,27.93,32.04,24.7,82.29,77.05,1.94,5.21
DRS Thies,Pout,2024-11-01,26.54,33.29,21.19,1.51,60.23,2.36,5.49
DRS Thies,Pout,2024-12-01,24.02,30.54,19.03,0.84,46.35,3.39,4.29
DRS Thies,Thiadiaye,2021-01-01,22.52,30.54,16.72,0.1,45.59,3.82,5.45
DRS Thies,Thiadiaye,2021-02-01,23.63,32.93,17.51,4.68,44.03,3.89,5.52
DRS Thies,Thiadiaye,2021-03-01,23.84,33.49,17.48,1.82,54.95,4.23,6.91
DRS Thies,Thiadiaye,2021-04-01,25.22,35.53,18.63,1.57,59.44,4.1,7.27
DRS Thies,Thiadiaye,2021-05-01,25.41,34.03,19.74,2.11,62.51,3.96,6.85
DRS Thies,Thiadiaye,2021-06-01,27.78,33.82,23.46,28.37,67.05,3.15,6.24
DRS Thies,Thiadiaye,2021-07-01,28.26,32.83,24.9,29.37,69.49,3.1,6.31
DRS Thies,Thiadiaye,2021-08-01,27.66,30.78,25.33,248.57,81.24,2.44,5.61
DRS Thies,Thiadiaye,2021-09-01,27.83,31.04,25.39,198.13,82.83,1.86,5.91
DRS Thies,Thiadiaye,2021-10-01,27.87,32.19,24.64,52.53,76.64,1.91,5.47
DRS Thies,Thiadiaye,2021-11-01,27.15,33.27,22.76,5.51,66.61,2.37,5.43
DRS Thies,Thiadiaye,2021-12-01,25.37,32.53,19.81,7.21,49.41,2.86,4.73
DRS Thies,Thiadiaye,2022-01-01,24.81,32.4,18.98,3.96,45.45,3.48,5.17
DRS Thies,Thiadiaye,2022-02-01,24.4,32.84,18.2,3.96,41.42,4.13,6.15
DRS Thies,Thiadiaye,2022-03-01,23.78,33.63,17.24,6.31,51.14,4.51,6.56
DRS Thies,Thiadiaye,2022-04-01,25.37,35.23,18.77,0.43,55.64,4.48,7.06
DRS Thies,Thiadiaye,2022-05-01,27.04,35.78,21.13,22.29,61.39,3.42,6.83
DRS Thies,Thiadiaye,2022-06-01,28.0,33.39,24.13,69.79,70.13,3.2,6.21
DRS Thies,Thiadiaye,2022-07-01,28.2,32.11,25.36,104.12,74.01,3.28,5.83
DRS Thies,Thiadiaye,2022-08-01,27.73,30.62,25.58,208.86,81.16,2.78,4.88
DRS Thies,Thiadiaye,2022-09-01,27.53,30.43,25.38,210.32,83.72,2.27,5.53
DRS Thies,Thiadiaye,2022-10-01,27.68,31.45,24.67,89.55,79.08,1.67,5.66
DRS Thies,Thiadiaye,2022-11-01,25.67,32.33,20.18,2.07,58.34,2.14,5.28
DRS Thies,Thiadiaye,2022-12-01,24.24,31.79,18.32,4.25,54.81,2.84,5.44
DRS Thies,Thiadiaye,2023-01-01,23.46,31.11,17.58,7.13,45.53,3.44,5.16
DRS Thies,Thiadiaye,2023-02-01,23.76,33.06,17.59,2.67,50.79,4.34,5.66
DRS Thies,Thiadiaye,2023-03-01,26.35,36.52,19.41,0.89,50.42,3.27,6.84
DRS Thies,Thiadiaye,2023-04-01,26.79,35.88,20.73,1.94,55.96,4.08,7.05
DRS Thies,Thiadiaye,2023-05-01,28.5,36.52,22.95,1.77,58.31,3.73,6.63
DRS Thies,Thiadiaye,2023-06-01,28.93,35.0,24.73,10.16,65.78,3.71,6.62
DRS Thies,Thiadiaye,2023-07-01,28.81,32.37,26.14,150.5,75.41,2.6,5.97
DRS Thies,Thiadiaye,2023-08-01,28.1,31.02,25.95,269.57,82.5,2.73,5.46
DRS Thies,Thiadiaye,2023-09-01,27.97,30.79,25.81,186.79,83.96,1.9,5.59
DRS Thies,Thiadiaye,2023-10-01,28.18,31.66,25.53,41.41,79.99,1.66,5.59
DRS Thies,Thiadiaye,2023-11-01,26.08,33.25,20.68,1.99,64.33,2.33,5.68
DRS Thies,Thiadiaye,2023-12-01,24.04,32.17,17.85,5.21,48.85,3.0,5.24
DRS Thies,Thiadiaye,2024-01-01,24.43,32.91,18.13,3.55,47.2,2.98,5.32
DRS Thies,Thiadiaye,2024-02-01,26.34,35.82,19.28,0.5,38.81,3.47,5.99
DRS Thies,Thiadiaye,2024-03-01,24.69,34.55,18.34,0.03,58.03,4.18,6.6
DRS Thies,Thiadiaye,2024-04-01,26.97,36.67,20.43,0.32,54.66,3.99,6.9
DRS Thies,Thiadiaye,2024-05-01,28.17,36.9,22.29,0.67,59.32,3.76,6.74
DRS Thies,Thiadiaye,2024-06-01,27.53,33.33,23.24,40.97,68.54,3.43,6.48
DRS Thies,Thiadiaye,2024-07-01,28.11,31.65,25.43,101.02,77.33,3.17,5.53
DRS Thies,Thiadiaye,2024-08-01,28.26,31.36,26.06,136.2,79.89,2.99,5.24
DRS Thies,Thiadiaye,2024-09-01,27.99,31.21,25.64,239.65,81.4,2.43,4.77
DRS Thies,Thiadiaye,2024-10-01,27.94,32.01,24.74,82.45,78.45,1.88,5.55
DRS Thies,Thiadiaye,2024-11-01,27.49,34.38,21.91,0.45,61.27,2.04,5.64
DRS Thies,Thiadiaye,2024-12-01,24.59,31.52,19.18,0.33,45.34,3.21,4.49
DRS Thies,Thies,2021-01-01,21.26,28.32,16.35,0.46,52.27,3.84,5.45
DRS Thies,Thies,2021-02-01,22.08,30.57,16.9,12.3,52.32,3.95,5.52
DRS Thies,Thies,2021-03-01,22.29,30.72,17.13,3.66,63.08,4.39,6.91
DRS Thies,Thies,2021-04-01,23.38,32.31,18.13,8.62,68.5,4.53,7.27
DRS Thies,Thies,2021-05-01,24.08,31.41,19.3,3.67,68.66,4.22,6.85
DRS Thies,Thies,2021-06-01,27.43,33.72,22.93,52.99,67.75,3.29,6.24
DRS Thies,Thies,2021-07-01,28.09,33.17,24.35,16.53,68.52,3.21,6.31
DRS Thies,Thies,2021-08-01,27.89,31.17,25.29,262.92,79.03,2.39,5.61
DRS Thies,Thies,2021-09-01,27.94,31.4,25.32,177.11,81.57,1.89,5.91
DRS Thies,Thies,2021-10-01,27.73,32.09,24.45,38.53,75.42,1.97,5.47
DRS Thies,Thies,2021-11-01,26.68,32.33,22.7,11.57,66.98,2.56,5.43
DRS Thies,Thies,2021-12-01,24.74,31.5,19.66,8.7,50.8,3.0,4.73
DRS Thies,Thies,2022-01-01,24.22,31.41,18.89,9.41,48.33,3.63,5.17
DRS Thies,Thies,2022-02-01,23.61,31.52,18.02,8.51,46.47,4.37,6.15
DRS Thies,Thies,2022-03-01,22.25,31.09,16.79,13.45,59.55,4.74,6.56
DRS Thies,Thies,2022-04-01,23.66,32.32,18.3,2.49,64.33,4.84,7.06
DRS Thies,Thies,2022-05-01,26.43,34.77,20.93,10.89,63.42,3.65,6.83
DRS Thies,Thies,2022-06-01,28.24,34.48,23.87,44.41,66.93,3.38,6.21
DRS Thies,Thies,2022-07-01,28.2,32.66,25.01,107.89,72.0,3.35,5.83
DRS Thies,Thies,2022-08-01,27.92,31.06,25.44,172.68,78.65,2.76,4.88
DRS Thies,Thies,2022-09-01,27.77,31.01,25.35,156.25,81.9,2.21,5.53
DRS Thies,Thies,2022-10-01,27.86,31.9,24.7,60.13,76.5,1.75,5.66
DRS Thies,Thies,2022-11-01,25.73,32.36,20.42,1.37,56.15,2.25,5.28
DRS Thies,Thies,2022-12-01,24.33,31.64,18.73,4.54,53.08,3.13,5.44
DRS Thies,Thies,2023-01-01,23.33,30.79,17.82,21.14,45.49,3.69,5.16
DRS Thies,Thies,2023-02-01,22.34,30.88,17.24,12.17,58.84,4.67,5.66
DRS Thies,Thies,2023-03-01,25.89,35.72,19.28,2.71,52.96,3.63,6.84
DRS Thies,Thies,2023-04-01,25.62,34.02,20.37,6.66,61.58,4.43,7.05
DRS Thies,Thies,2023-05-01,27.67,35.27,22.6,5.43,61.66,4.22,6.63
DRS Thies,Thies,2023-06-01,28.54,34.73,24.29,8.96,66.6,3.92,6.62
DRS Thies,Thies,2023-07-01,28.99,32.85,25.96,197.09,73.22,2.71,5.97
DRS Thies,Thies,2023-08-01,28.11,31.16,25.73,303.28,81.49,2.72,5.46
DRS Thies,Thies,2023-09-01,27.87,30.71,25.68,185.33,83.94,1.96,5.59
DRS Thies,Thies,2023-10-01,28.06,31.56,25.36,33.94,79.69,1.71,5.59
DRS Thies,Thies,2023-11-01,25.28,31.75,20.55,3.64,67.13,2.41,5.68
DRS Thies,Thies,2023-12-01,23.46,31.18,17.91,10.92,51.67,3.18,5.24
DRS Thies,Thies,2024-01-01,23.9,32.04,18.12,7.16,49.0,3.04,5.32
DRS Thies,Thies,2024-02-01,25.57,34.87,19.02,1.07,42.12,3.73,5.99
DRS Thies,Thies,2024-03-01,23.23,31.93,17.95,0.07,66.03,4.29,6.6
DRS Thies,Thies,2024-04-01,25.94,34.79,20.15,0.61,59.61,4.4,6.9
DRS Thies,Thies,2024-05-01,27.13,35.29,21.74,1.7,63.32,4.06,6.74
DRS Thies,Thies,2024-06-01,27.34,33.36,22.94,37.1,67.96,3.65,6.48
DRS Thies,Thies,2024-07-01,28.27,32.36,25.13,118.98,74.73,3.28,5.53
DRS Thies,Thies,2024-08-01,28.54,32.04,25.96,96.11,77.39,3.01,5.24
DRS Thies,Thies,2024-09-01,28.05,31.49,25.49,259.11,79.41,2.5,4.77
DRS Thies,Thies,2024-10-01,27.93,32.04,24.7,82.29,77.05,1.94,5.55
DRS Thies,Thies,2024-11-01,26.54,33.29,21.19,1.51,60.23,2.36,5.64
DRS Thies,Thies,2024-12-01,24.02,30.54,19.03,0.84,46.35,3.39,4.49
DRS Thies,Tivaouane,2021-01-01,21.26,28.32,16.35,0.46,52.27,3.84,5.45
DRS Thies,Tivaouane,2021-02-01,22.08,30.57,16.9,12.3,52.32,3.95,5.52
DRS Thies,Tivaouane,2021-03-01,22.29,30.72,17.13,3.66,63.08,4.39,6.91
DRS Thies,Tivaouane,2021-04-01,23.38,32.31,18.13,8.62,68.5,4.53,7.27
DRS Thies,Tivaouane,2021-05-01,24.08,31.41,19.3,3.67,68.66,4.22,6.85
DRS Thies,Tivaouane,2021-06-01,27.43,33.72,22.93,52.99,67.75,3.29,6.24
DRS Thies,Tivaouane,2021-07-01,28.09,33.17,24.35,16.53,68.52,3.21,6.31
DRS Thies,Tivaouane,2021-08-01,27.89,31.17,25.29,262.92,79.03,2.39,5.61
DRS Thies,Tivaouane,2021-09-01,27.94,31.4,25.32,177.11,81.57,1.89,5.91
DRS Thies,Tivaouane,2021-10-01,27.73,32.09,24.45,38.53,75.42,1.97,5.47
DRS Thies,Tivaouane,2021-11-01,26.68,32.33,22.7,11.57,66.98,2.56,5.43
DRS Thies,Tivaouane,2021-12-01,24.74,31.5,19.66,8.7,50.8,3.0,4.73
DRS Thies,Tivaouane,2022-01-01,24.22,31.41,18.89,9.41,48.33,3.63,5.17
DRS Thies,Tivaouane,2022-02-01,23.61,31.52,18.02,8.51,46.47,4.37,6.15
DRS Thies,Tivaouane,2022-03-01,22.25,31.09,16.79,13.45,59.55,4.74,6.56
DRS Thies,Tivaouane,2022-04-01,23.66,32.32,18.3,2.49,64.33,4.84,7.06
DRS Thies,Tivaouane,2022-05-01,26.43,34.77,20.93,10.89,63.42,3.65,6.83
DRS Thies,Tivaouane,2022-06-01,28.24,34.48,23.87,44.41,66.93,3.38,6.21
DRS Thies,Tivaouane,2022-07-01,28.2,32.66,25.01,107.89,72.0,3.35,5.83
DRS Thies,Tivaouane,2022-08-01,27.92,31.06,25.44,172.68,78.65,2.76,4.88
DRS Thies,Tivaouane,2022-09-01,27.77,31.01,25.35,156.25,81.9,2.21,5.53
DRS Thies,Tivaouane,2022-10-01,27.86,31.9,24.7,60.13,76.5,1.75,5.66
DRS Thies,Tivaouane,2022-11-01,25.73,32.36,20.42,1.37,56.15,2.25,5.28
DRS Thies,Tivaouane,2022-12-01,24.33,31.64,18.73,4.54,53.08,3.13,5.44
DRS Thies,Tivaouane,2023-01-01,23.33,30.79,17.82,21.14,45.49,3.69,5.16
DRS Thies,Tivaouane,2023-02-01,22.34,30.88,17.24,12.17,58.84,4.67,5.66
DRS Thies,Tivaouane,2023-03-01,25.89,35.72,19.28,2.71,52.96,3.63,6.84
DRS Thies,Tivaouane,2023-04-01,25.62,34.02,20.37,6.66,61.58,4.43,7.05
DRS Thies,Tivaouane,2023-05-01,27.67,35.27,22.6,5.43,61.66,4.22,6.63
DRS Thies,Tivaouane,2023-06-01,28.54,34.73,24.29,8.96,66.6,3.92,6.62
DRS Thies,Tivaouane,2023-07-01,28.99,32.85,25.96,197.09,73.22,2.71,5.97
DRS Thies,Tivaouane,2023-08-01,28.11,31.16,25.73,303.28,81.49,2.72,5.46
DRS Thies,Tivaouane,2023-09-01,27.87,30.71,25.68,185.33,83.94,1.96,5.59
DRS Thies,Tivaouane,2023-10-01,28.06,31.56,25.36,33.94,79.69,1.71,5.59
DRS Thies,Tivaouane,2023-11-01,25.28,31.75,20.55,3.64,67.13,2.41,5.68
DRS Thies,Tivaouane,2023-12-01,23.46,31.18,17.91,10.92,51.67,3.18,5.24
DRS Thies,Tivaouane,2024-01-01,23.9,32.04,18.12,7.16,49.0,3.04,5.32
DRS Thies,Tivaouane,2024-02-01,25.57,34.87,19.02,1.07,42.12,3.73,5.99
DRS Thies,Tivaouane,2024-03-01,23.23,31.93,17.95,0.07,66.03,4.29,6.6
DRS Thies,Tivaouane,2024-04-01,25.94,34.79,20.15,0.61,59.61,4.4,6.9
DRS Thies,Tivaouane,2024-05-01,27.13,35.29,21.74,1.7,63.32,4.06,6.74
DRS Thies,Tivaouane,2024-06-01,27.34,33.36,22.94,37.1,67.96,3.65,6.48
DRS Thies,Tivaouane,2024-07-01,28.27,32.36,25.13,118.98,74.73,3.28,5.53
DRS Thies,Tivaouane,2024-08-01,28.54,32.04,25.96,96.11,77.39,3.01,5.24
DRS Thies,Tivaouane,2024-09-01,28.05,31.49,25.49,259.11,79.41,2.5,4.77
DRS Thies,Tivaouane,2024-10-01,27.93,32.04,24.7,82.29,77.05,1.94,5.55
DRS Thies,Tivaouane,2024-11-01,26.54,33.29,21.19,1.51,60.23,2.36,5.64
DRS Thies,Tivaouane,2024-12-01,24.02,30.54,19.03,0.84,46.35,3.39,4.49
DRS Ziguinchor,Bignona,2021-01-01,22.72,30.64,15.77,0.0,56.65,0.94,5.62
DRS Ziguinchor,Bignona,2021-02-01,24.48,33.62,17.13,0.0,49.75,0.87,5.46
DRS Ziguinchor,Bignona,2021-03-01,26.29,36.57,18.5,18.38,49.6,0.92,6.69
DRS Ziguinchor,Bignona,2021-04-01,28.68,39.65,20.33,0.0,50.56,0.91,7.03
DRS Ziguinchor,Bignona,2021-05-01,29.05,38.98,21.5,0.73,51.05,1.06,6.5
DRS Ziguinchor,Bignona,2021-06-01,28.35,34.47,23.83,163.85,71.98,0.84,5.64
DRS Ziguinchor,Bignona,2021-07-01,27.0,31.0,24.2,342.78,84.81,0.7,5.17
DRS Ziguinchor,Bignona,2021-08-01,26.41,29.76,24.2,329.59,89.04,0.68,4.55
DRS Ziguinchor,Bignona,2021-09-01,26.6,29.88,24.18,318.4,89.85,0.54,5.26
DRS Ziguinchor,Bignona,2021-10-01,26.46,29.53,23.95,139.0,88.95,0.54,4.91
DRS Ziguinchor,Bignona,2021-11-01,26.05,30.37,22.19,7.79,80.53,0.57,5.35
DRS Ziguinchor,Bignona,2021-12-01,23.77,29.41,18.6,0.0,69.19,0.78,5.03
DRS Ziguinchor,Bignona,2022-01-01,23.01,30.45,16.7,0.0,61.48,0.87,5.35
DRS Ziguinchor,Bignona,2022-02-01,23.96,33.38,16.56,0.0,52.17,0.97,6.2
DRS Ziguinchor,Bignona,2022-03-01,26.47,36.72,18.48,0.0,45.36,0.93,6.38
DRS Ziguinchor,Bignona,2022-04-01,28.82,39.49,20.42,0.0,46.12,1.02,6.61
DRS Ziguinchor,Bignona,2022-05-01,29.16,38.17,22.22,35.3,56.26,0.96,6.41
DRS Ziguinchor,Bignona,2022-06-01,28.25,33.92,24.17,121.04,74.55,0.81,5.36
DRS Ziguinchor,Bignona,2022-07-01,26.83,30.41,24.42,381.05,86.48,0.79,4.65
DRS Ziguinchor,Bignona,2022-08-01,26.27,29.22,24.35,479.32,90.89,0.78,4.35
DRS Ziguinchor,Bignona,2022-09-01,26.26,29.23,24.09,346.63,91.19,0.59,5.03
DRS Ziguinchor,Bignona,2022-10-01,26.43,29.6,23.72,207.74,88.29,0.51,5.14
DRS Ziguinchor,Bignona,2022-11-01,24.48,29.47,20.12,0.0,74.83,0.65,5.21
DRS Ziguinchor,Bignona,2022-12-01,23.05,29.3,17.63,2.58,72.51,0.76,5.15
DRS Ziguinchor,Bignona,2023-01-01,21.98,29.3,15.84,0.0,62.77,0.9,5.54
DRS Ziguinchor,Bignona,2023-02-01,24.34,33.47,17.32,0.0,56.05,0.84,5.7
DRS Ziguinchor,Bignona,2023-03-01,27.27,37.56,19.33,0.0,54.79,0.77,6.92
DRS Ziguinchor,Bignona,2023-04-01,29.71,39.53,21.99,0.07,48.92,0.98,6.67
DRS Ziguinchor,Bignona,2023-05-01,30.51,38.6,24.24,1.03,54.14,0.92,5.89
DRS Ziguinchor,Bignona,2023-06-01,29.12,35.09,24.76,118.73,71.02,0.95,5.49
DRS Ziguinchor,Bignona,2023-07-01,27.51,31.06,25.04,266.89,86.39,0.7,4.86
DRS Ziguinchor,Bignona,2023-08-01,27.08,30.26,24.89,474.17,89.55,0.71,4.51
DRS Ziguinchor,Bignona,2023-09-01,26.95,29.73,24.8,331.54,91.01,0.56,4.96
DRS Ziguinchor,Bignona,2023-10-01,26.94,29.93,24.6,102.34,89.61,0.51,5.16
DRS Ziguinchor,Bignona,2023-11-01,25.42,30.44,20.67,2.93,76.1,0.66,5.56
DRS Ziguinchor,Bignona,2023-12-01,22.57,28.59,16.99,0.0,65.65,0.78,5.21
DRS Ziguinchor,Bignona,2024-01-01,23.5,31.3,16.81,0.0,60.56,0.8,5.33
DRS Ziguinchor,Bignona,2024-02-01,26.0,35.68,18.03,0.0,50.07,0.87,6.12
DRS Ziguinchor,Bignona,2024-03-01,27.75,38.54,19.66,0.0,48.67,0.89,6.75
DRS Ziguinchor,Bignona,2024-04-01,30.09,40.56,21.93,0.46,46.84,0.96,6.62
DRS Ziguinchor,Bignona,2024-05-01,30.88,40.16,23.75,15.45,52.82,1.04,6.41
DRS Ziguinchor,Bignona,2024-06-01,28.05,34.29,23.61,152.55,74.34,0.88,5.6
DRS Ziguinchor,Bignona,2024-07-01,27.11,30.59,24.79,391.11,87.55,0.85,4.26
DRS Ziguinchor,Bignona,2024-08-01,26.78,30.13,24.56,365.27,89.5,0.77,4.55
DRS Ziguinchor,Bignona,2024-09-01,26.67,29.61,24.51,489.75,90.56,0.64,4.27
DRS Ziguinchor,Bignona,2024-10-01,26.66,29.84,23.99,211.28,88.15,0.53,5.07
DRS Ziguinchor,Bignona,2024-11-01,26.17,31.06,21.45,0.0,76.19,0.61,5.64
DRS Ziguinchor,Bignona,2024-12-01,22.22,28.37,17.05,3.04,69.57,0.85,4.91
DRS Ziguinchor,Diouloulou,2021-01-01,23.48,27.56,19.91,1.71,62.22,2.62,5.54
DRS Ziguinchor,Diouloulou,2021-02-01,23.26,28.94,19.75,6.09,63.2,2.53,5.49
DRS Ziguinchor,Diouloulou,2021-03-01,22.43,28.01,19.39,20.37,71.35,2.72,6.91
DRS Ziguinchor,Diouloulou,2021-04-01,22.88,27.11,20.36,0.52,79.36,2.65,7.23
DRS Ziguinchor,Diouloulou,2021-05-01,23.47,26.82,21.3,1.48,80.05,2.69,6.62
DRS Ziguinchor,Diouloulou,2021-06-01,26.28,28.51,24.84,136.39,82.77,2.34,5.66
DRS Ziguinchor,Diouloulou,2021-07-01,27.32,28.71,26.36,332.54,83.2,2.68,5.66
DRS Ziguinchor,Diouloulou,2021-08-01,27.19,28.34,26.4,317.79,85.46,2.9,5.04
DRS Ziguinchor,Diouloulou,2021-09-01,27.54,28.79,26.65,296.45,84.45,2.15,5.54
DRS Ziguinchor,Diouloulou,2021-10-01,28.04,29.09,27.1,125.07,81.35,2.0,5.11
DRS Ziguinchor,Diouloulou,2021-11-01,27.29,28.97,25.78,10.58,77.72,2.14,5.48
DRS Ziguinchor,Diouloulou,2021-12-01,24.89,27.47,22.32,1.25,71.06,2.17,4.94
DRS Ziguinchor,Diouloulou,2022-01-01,24.38,27.85,21.3,1.03,67.26,2.56,5.29
DRS Ziguinchor,Diouloulou,2022-02-01,23.38,28.03,19.95,0.46,64.44,2.7,6.3
DRS Ziguinchor,Diouloulou,2022-03-01,21.86,27.45,18.72,2.42,68.86,2.71,6.54
DRS Ziguinchor,Diouloulou,2022-04-01,22.57,28.04,19.61,0.61,75.64,2.53,6.8
DRS Ziguinchor,Diouloulou,2022-05-01,24.62,27.82,22.52,13.83,79.9,2.44,6.5
DRS Ziguinchor,Diouloulou,2022-06-01,26.82,28.71,25.48,142.81,83.25,2.51,5.62
DRS Ziguinchor,Diouloulou,2022-07-01,27.36,28.54,26.53,301.35,84.06,3.21,5.1
DRS Ziguinchor,Diouloulou,2022-08-01,27.17,28.07,26.47,482.57,87.62,3.28,4.61
DRS Ziguinchor,Diouloulou,2022-09-01,27.22,28.2,26.46,317.82,86.05,2.55,5.19
DRS Ziguinchor,Diouloulou,2022-10-01,27.73,28.82,26.78,185.73,82.04,1.84,5.39
DRS Ziguinchor,Diouloulou,2022-11-01,26.74,28.77,24.72,6.75,70.69,1.85,5.34
DRS Ziguinchor,Diouloulou,2022-12-01,24.48,27.23,21.97,1.46,73.48,2.38,5.37
DRS Ziguinchor,Diouloulou,2023-01-01,23.01,26.23,20.1,2.29,68.07,2.61,5.47
DRS Ziguinchor,Diouloulou,2023-02-01,22.03,27.36,18.97,2.39,69.69,2.48,5.69
DRS Ziguinchor,Diouloulou,2023-03-01,23.94,29.11,20.91,2.67,74.79,2.24,6.9
DRS Ziguinchor,Diouloulou,2023-04-01,24.45,29.26,21.75,3.09,75.95,2.65,6.79
DRS Ziguinchor,Diouloulou,2023-05-01,26.23,29.23,24.2,3.63,78.48,2.48,6.05
DRS Ziguinchor,Diouloulou,2023-06-01,27.65,29.5,26.35,84.48,80.12,3.04,6.01
DRS Ziguinchor,Diouloulou,2023-07-01,28.01,29.15,27.18,254.02,84.54,2.71,5.36
DRS Ziguinchor,Diouloulou,2023-08-01,27.86,28.9,27.11,483.25,85.99,2.88,4.89
DRS Ziguinchor,Diouloulou,2023-09-01,28.02,28.93,27.29,273.39,85.24,2.2,5.34
DRS Ziguinchor,Diouloulou,2023-10-01,28.31,29.21,27.51,90.41,82.49,1.98,5.37
DRS Ziguinchor,Diouloulou,2023-11-01,27.45,29.33,25.62,4.99,71.94,2.06,5.71
DRS Ziguinchor,Diouloulou,2023-12-01,24.47,27.1,21.83,1.19,68.52,2.31,5.29
DRS Ziguinchor,Diouloulou,2024-01-01,24.53,28.09,21.31,4.6,67.88,2.36,5.32
DRS Ziguinchor,Diouloulou,2024-02-01,25.6,30.88,21.71,2.01,62.4,2.34,6.11
DRS Ziguinchor,Diouloulou,2024-03-01,22.78,27.81,20.02,2.13,75.39,2.75,6.78
DRS Ziguinchor,Diouloulou,2024-04-01,24.03,28.8,21.3,0.75,75.85,2.39,6.68
DRS Ziguinchor,Diouloulou,2024-05-01,26.12,29.52,23.92,10.12,78.4,2.71,6.64
DRS Ziguinchor,Diouloulou,2024-06-01,26.72,28.72,25.31,80.91,81.61,2.76,5.98
DRS Ziguinchor,Diouloulou,2024-07-01,27.55,28.66,26.74,324.13,85.81,3.23,4.71
DRS Ziguinchor,Diouloulou,2024-08-01,27.56,28.66,26.81,299.3,86.6,3.15,4.77
DRS Ziguinchor,Diouloulou,2024-09-01,27.6,28.66,26.76,425.63,86.27,2.76,4.66
DRS Ziguinchor,Diouloulou,2024-10-01,27.89,29.13,26.89,202.13,82.84,2.0,5.22
DRS Ziguinchor,Diouloulou,2024-11-01,27.85,29.86,25.76,2.48,74.74,1.72,5.64
DRS Ziguinchor,Diouloulou,2024-12-01,24.04,26.74,21.39,40.4,71.52,2.54,4.63
DRS Ziguinchor,Oussouye,2021-01-01,23.72,31.86,16.59,0.0,55.37,1.34,5.62
DRS Ziguinchor,Oussouye,2021-02-01,25.54,34.29,18.33,0.0,48.23,1.23,5.46
DRS Ziguinchor,Oussouye,2021-03-01,26.77,36.63,19.05,21.88,49.34,1.32,6.69
DRS Ziguinchor,Oussouye,2021-04-01,28.78,39.2,20.88,0.0,51.2,1.39,7.03
DRS Ziguinchor,Oussouye,2021-05-01,29.19,38.75,22.01,0.99,51.2,1.49,6.5
DRS Ziguinchor,Oussouye,2021-06-01,28.29,33.72,24.27,144.89,73.23,1.2,5.64
DRS Ziguinchor,Oussouye,2021-07-01,26.99,30.43,24.56,339.57,85.17,1.11,5.17
DRS Ziguinchor,Oussouye,2021-08-01,26.31,29.24,24.32,287.09,89.1,1.2,4.55
DRS Ziguinchor,Oussouye,2021-09-01,26.56,29.59,24.33,284.56,89.24,0.91,5.26
DRS Ziguinchor,Oussouye,2021-10-01,26.61,29.49,24.25,141.4,88.44,0.8,4.91
DRS Ziguinchor,Oussouye,2021-11-01,26.34,30.35,22.79,8.44,81.93,0.83,5.35
DRS Ziguinchor,Oussouye,2021-12-01,24.11,29.92,19.02,0.0,70.64,1.09,5.03
DRS Ziguinchor,Oussouye,2022-01-01,24.04,31.97,17.42,0.0,59.65,1.23,5.35
DRS Ziguinchor,Oussouye,2022-02-01,25.25,34.83,17.59,0.0,49.23,1.39,6.2
DRS Ziguinchor,Oussouye,2022-03-01,27.36,37.34,19.3,0.0,42.98,1.38,6.38
DRS Ziguinchor,Oussouye,2022-04-01,28.94,39.46,20.74,0.0,46.75,1.45,6.61
DRS Ziguinchor,Oussouye,2022-05-01,29.32,37.84,22.86,29.75,56.5,1.43,6.41
DRS Ziguinchor,Oussouye,2022-06-01,28.28,33.24,24.72,144.87,74.98,1.28,5.36
DRS Ziguinchor,Oussouye,2022-07-01,26.69,29.63,24.7,505.4,87.8,1.34,4.65
DRS Ziguinchor,Oussouye,2022-08-01,26.13,28.53,24.55,710.58,91.78,1.43,4.35
DRS Ziguinchor,Oussouye,2022-09-01,26.22,28.85,24.28,432.72,91.05,1.02,5.03
DRS Ziguinchor,Oussouye,2022-10-01,26.55,29.45,24.05,280.05,87.98,0.74,5.14
DRS Ziguinchor,Oussouye,2022-11-01,24.82,29.31,20.82,0.04,76.64,0.85,5.21
DRS Ziguinchor,Oussouye,2022-12-01,23.45,29.51,18.17,4.31,73.57,1.05,5.15
DRS Ziguinchor,Oussouye,2023-01-01,22.99,30.77,16.52,0.0,61.03,1.29,5.54
DRS Ziguinchor,Oussouye,2023-02-01,25.51,34.63,18.23,0.0,52.08,1.19,5.7
DRS Ziguinchor,Oussouye,2023-03-01,27.93,37.79,20.15,0.03,54.11,1.18,6.92
DRS Ziguinchor,Oussouye,2023-04-01,29.79,39.21,22.41,0.06,50.27,1.49,6.67
DRS Ziguinchor,Oussouye,2023-05-01,30.48,37.88,24.76,1.55,55.38,1.39,5.89
DRS Ziguinchor,Oussouye,2023-06-01,28.91,34.02,25.23,148.22,73.3,1.38,5.49
DRS Ziguinchor,Oussouye,2023-07-01,27.33,30.26,25.27,321.99,87.58,1.15,4.86
DRS Ziguinchor,Oussouye,2023-08-01,26.94,29.64,25.01,539.9,90.22,1.17,4.51
DRS Ziguinchor,Oussouye,2023-09-01,26.97,29.51,25.02,378.63,90.94,0.93,4.96
DRS Ziguinchor,Oussouye,2023-10-01,27.06,29.77,24.88,124.89,89.13,0.8,5.16
DRS Ziguinchor,Oussouye,2023-11-01,25.84,30.25,21.62,7.58,78.13,0.89,5.56
DRS Ziguinchor,Oussouye,2023-12-01,23.17,29.01,17.84,0.0,68.32,1.0,5.21
DRS Ziguinchor,Oussouye,2024-01-01,24.58,32.56,17.75,0.0,58.91,1.1,5.33
DRS Ziguinchor,Oussouye,2024-02-01,26.97,36.27,19.16,0.0,49.15,1.17,6.12
DRS Ziguinchor,Oussouye,2024-03-01,28.25,38.59,20.19,0.0,48.16,1.28,6.75
DRS Ziguinchor,Oussouye,2024-04-01,30.01,39.99,22.35,0.43,48.99,1.43,6.62
DRS Ziguinchor,Oussouye,2024-05-01,30.91,39.57,24.34,18.99,54.11,1.55,6.41
DRS Ziguinchor,Oussouye,2024-06-01,28.35,33.93,24.28,137.4,74.19,1.26,5.6
DRS Ziguinchor,Oussouye,2024-07-01,27.03,29.96,25.08,463.06,88.48,1.39,4.26
DRS Ziguinchor,Oussouye,2024-08-01,26.65,29.36,24.8,458.95,90.67,1.37,4.55
DRS Ziguinchor,Oussouye,2024-09-01,26.59,29.15,24.7,697.23,91.07,1.13,4.27
DRS Ziguinchor,Oussouye,2024-10-01,26.68,29.53,24.32,357.79,88.22,0.82,5.07
DRS Ziguinchor,Oussouye,2024-11-01,26.5,30.94,22.06,0.03,77.34,0.79,5.64
DRS Ziguinchor,Oussouye,2024-12-01,22.71,29.13,17.3,1.42,70.97,1.19,4.91
DRS Ziguinchor,Thionck-Essyl,2021-01-01,22.72,30.64,15.77,0.0,56.65,0.94,5.62
DRS Ziguinchor,Thionck-Essyl,2021-02-01,24.48,33.62,17.13,0.0,49.75,0.87,5.46
DRS Ziguinchor,Thionck-Essyl,2021-03-01,26.29,36.57,18.5,18.38,49.6,0.92,6.69
DRS Ziguinchor,Thionck-Essyl,2021-04-01,28.68,39.65,20.33,0.0,50.56,0.91,7.03
DRS Ziguinchor,Thionck-Essyl,2021-05-01,29.05,38.98,21.5,0.73,51.05,1.06,6.5
DRS Ziguinchor,Thionck-Essyl,2021-06-01,28.35,34.47,23.83,163.85,71.98,0.84,5.64
DRS Ziguinchor,Thionck-Essyl,2021-07-01,27.0,31.0,24.2,342.78,84.81,0.7,5.17
DRS Ziguinchor,Thionck-Essyl,2021-08-01,26.41,29.76,24.2,329.59,89.04,0.68,4.55
DRS Ziguinchor,Thionck-Essyl,2021-09-01,26.6,29.88,24.18,318.4,89.85,0.54,5.26
DRS Ziguinchor,Thionck-Essyl,2021-10-01,26.46,29.53,23.95,139.0,88.95,0.54,4.91
DRS Ziguinchor,Thionck-Essyl,2021-11-01,26.05,30.37,22.19,7.79,80.53,0.57,5.35
DRS Ziguinchor,Thionck-Essyl,2021-12-01,23.77,29.41,18.6,0.0,69.19,0.78,5.03
DRS Ziguinchor,Thionck-Essyl,2022-01-01,23.01,30.45,16.7,0.0,61.48,0.87,5.35
DRS Ziguinchor,Thionck-Essyl,2022-02-01,23.96,33.38,16.56,0.0,52.17,0.97,6.2
DRS Ziguinchor,Thionck-Essyl,2022-03-01,26.47,36.72,18.48,0.0,45.36,0.93,6.38
DRS Ziguinchor,Thionck-Essyl,2022-04-01,28.82,39.49,20.42,0.0,46.12,1.02,6.61
DRS Ziguinchor,Thionck-Essyl,2022-05-01,29.16,38.17,22.22,35.3,56.26,0.96,6.41
DRS Ziguinchor,Thionck-Essyl,2022-06-01,28.25,33.92,24.17,121.04,74.55,0.81,5.36
DRS Ziguinchor,Thionck-Essyl,2022-07-01,26.83,30.41,24.42,381.05,86.48,0.79,4.65
DRS Ziguinchor,Thionck-Essyl,2022-08-01,26.27,29.22,24.35,479.32,90.89,0.78,4.35
DRS Ziguinchor,Thionck-Essyl,2022-09-01,26.26,29.23,24.09,346.63,91.19,0.59,5.03
DRS Ziguinchor,Thionck-Essyl,2022-10-01,26.43,29.6,23.72,207.74,88.29,0.51,5.14
DRS Ziguinchor,Thionck-Essyl,2022-11-01,24.48,29.47,20.12,0.0,74.83,0.65,5.21
DRS Ziguinchor,Thionck-Essyl,2022-12-01,23.05,29.3,17.63,2.58,72.51,0.76,5.15
DRS Ziguinchor,Thionck-Essyl,2023-01-01,21.98,29.3,15.84,0.0,62.77,0.9,5.54
DRS Ziguinchor,Thionck-Essyl,2023-02-01,24.34,33.47,17.32,0.0,56.05,0.84,5.7
DRS Ziguinchor,Thionck-Essyl,2023-03-01,27.27,37.56,19.33,0.0,54.79,0.77,6.92
DRS Ziguinchor,Thionck-Essyl,2023-04-01,29.71,39.53,21.99,0.07,48.92,0.98,6.67
DRS Ziguinchor,Thionck-Essyl,2023-05-01,30.51,38.6,24.24,1.03,54.14,0.92,5.89
DRS Ziguinchor,Thionck-Essyl,2023-06-01,29.12,35.09,24.76,118.73,71.02,0.95,5.49
DRS Ziguinchor,Thionck-Essyl,2023-07-01,27.51,31.06,25.04,266.89,86.39,0.7,4.86
DRS Ziguinchor,Thionck-Essyl,2023-08-01,27.08,30.26,24.89,474.17,89.55,0.71,4.51
DRS Ziguinchor,Thionck-Essyl,2023-09-01,26.95,29.73,24.8,331.54,91.01,0.56,4.96
DRS Ziguinchor,Thionck-Essyl,2023-10-01,26.94,29.93,24.6,102.34,89.61,0.51,5.16
DRS Ziguinchor,Thionck-Essyl,2023-11-01,25.42,30.44,20.67,2.93,76.1,0.66,5.56
DRS Ziguinchor,Thionck-Essyl,2023-12-01,22.57,28.59,16.99,0.0,65.65,0.78,5.21
DRS Ziguinchor,Thionck-Essyl,2024-01-01,23.5,31.3,16.81,0.0,60.56,0.8,5.33
DRS Ziguinchor,Thionck-Essyl,2024-02-01,26.0,35.68,18.03,0.0,50.07,0.87,6.12
DRS Ziguinchor,Thionck-Essyl,2024-03-01,27.75,38.54,19.66,0.0,48.67,0.89,6.75
DRS Ziguinchor,Thionck-Essyl,2024-04-01,30.09,40.56,21.93,0.46,46.84,0.96,6.62
DRS Ziguinchor,Thionck-Essyl,2024-05-01,30.88,40.16,23.75,15.45,52.82,1.04,6.41
DRS Ziguinchor,Thionck-Essyl,2024-06-01,28.05,34.29,23.61,152.55,74.34,0.88,5.6
DRS Ziguinchor,Thionck-Essyl,2024-07-01,27.11,30.59,24.79,391.11,87.55,0.85,4.26
DRS Ziguinchor,Thionck-Essyl,2024-08-01,26.78,30.13,24.56,365.27,89.5,0.77,4.55
DRS Ziguinchor,Thionck-Essyl,2024-09-01,26.67,29.61,24.51,489.75,90.56,0.64,4.27
DRS Ziguinchor,Thionck-Essyl,2024-10-01,26.66,29.84,23.99,211.28,88.15,0.53,5.07
DRS Ziguinchor,Thionck-Essyl,2024-11-01,26.17,31.06,21.45,0.0,76.19,0.61,5.64
DRS Ziguinchor,Thionck-Essyl,2024-12-01,22.22,28.37,17.05,3.04,69.57,0.85,4.91
DRS Ziguinchor,Ziguinchor,2021-01-01,23.72,31.86,16.59,0.0,55.37,1.34,5.62
DRS Ziguinchor,Ziguinchor,2021-02-01,25.54,34.29,18.33,0.0,48.23,1.23,5.46
DRS Ziguinchor,Ziguinchor,2021-03-01,26.77,36.63,19.05,21.88,49.34,1.32,6.69
DRS Ziguinchor,Ziguinchor,2021-04-01,28.78,39.2,20.88,0.0,51.2,1.39,7.03
DRS Ziguinchor,Ziguinchor,2021-05-01,29.19,38.75,22.01,0.99,51.2,1.49,6.5
DRS Ziguinchor,Ziguinchor,2021-06-01,28.29,33.72,24.27,144.89,73.23,1.2,5.64
DRS Ziguinchor,Ziguinchor,2021-07-01,26.99,30.43,24.56,339.57,85.17,1.11,5.17
DRS Ziguinchor,Ziguinchor,2021-08-01,26.31,29.24,24.32,287.09,89.1,1.2,4.55
DRS Ziguinchor,Ziguinchor,2021-09-01,26.56,29.59,24.33,284.56,89.24,0.91,5.26
DRS Ziguinchor,Ziguinchor,2021-10-01,26.61,29.49,24.25,141.4,88.44,0.8,4.91
DRS Ziguinchor,Ziguinchor,2021-11-01,26.34,30.35,22.79,8.44,81.93,0.83,5.35
DRS Ziguinchor,Ziguinchor,2021-12-01,24.11,29.92,19.02,0.0,70.64,1.09,5.03
DRS Ziguinchor,Ziguinchor,2022-01-01,24.04,31.97,17.42,0.0,59.65,1.23,5.35
DRS Ziguinchor,Ziguinchor,2022-02-01,25.25,34.83,17.59,0.0,49.23,1.39,6.2
DRS Ziguinchor,Ziguinchor,2022-03-01,27.36,37.34,19.3,0.0,42.98,1.38,6.38
DRS Ziguinchor,Ziguinchor,2022-04-01,28.94,39.46,20.74,0.0,46.75,1.45,6.61
DRS Ziguinchor,Ziguinchor,2022-05-01,29.32,37.84,22.86,29.75,56.5,1.43,6.41
DRS Ziguinchor,Ziguinchor,2022-06-01,28.28,33.24,24.72,144.87,74.98,1.28,5.36
DRS Ziguinchor,Ziguinchor,2022-07-01,26.69,29.63,24.7,505.4,87.8,1.34,4.65
DRS Ziguinchor,Ziguinchor,2022-08-01,26.13,28.53,24.55,710.58,91.78,1.43,4.35
DRS Ziguinchor,Ziguinchor,2022-09-01,26.22,28.85,24.28,432.72,91.05,1.02,5.03
DRS Ziguinchor,Ziguinchor,2022-10-01,26.55,29.45,24.05,280.05,87.98,0.74,5.14
DRS Ziguinchor,Ziguinchor,2022-11-01,24.82,29.31,20.82,0.04,76.64,0.85,5.21
DRS Ziguinchor,Ziguinchor,2022-12-01,23.45,29.51,18.17,4.31,73.57,1.05,5.15
DRS Ziguinchor,Ziguinchor,2023-01-01,22.99,30.77,16.52,0.0,61.03,1.29,5.54
DRS Ziguinchor,Ziguinchor,2023-02-01,25.51,34.63,18.23,0.0,52.08,1.19,5.7
DRS Ziguinchor,Ziguinchor,2023-03-01,27.93,37.79,20.15,0.03,54.11,1.18,6.92
DRS Ziguinchor,Ziguinchor,2023-04-01,29.79,39.21,22.41,0.06,50.27,1.49,6.67
DRS Ziguinchor,Ziguinchor,2023-05-01,30.48,37.88,24.76,1.55,55.38,1.39,5.89
DRS Ziguinchor,Ziguinchor,2023-06-01,28.91,34.02,25.23,148.22,73.3,1.38,5.49
DRS Ziguinchor,Ziguinchor,2023-07-01,27.33,30.26,25.27,321.99,87.58,1.15,4.86
DRS Ziguinchor,Ziguinchor,2023-08-01,26.94,29.64,25.01,539.9,90.22,1.17,4.51
DRS Ziguinchor,Ziguinchor,2023-09-01,26.97,29.51,25.02,378.63,90.94,0.93,4.96
DRS Ziguinchor,Ziguinchor,2023-10-01,27.06,29.77,24.88,124.89,89.13,0.8,5.16
DRS Ziguinchor,Ziguinchor,2023-11-01,25.84,30.25,21.62,7.58,78.13,0.89,5.56
DRS Ziguinchor,Ziguinchor,2023-12-01,23.17,29.01,17.84,0.0,68.32,1.0,5.21
DRS Ziguinchor,Ziguinchor,2024-01-01,24.58,32.56,17.75,0.0,58.91,1.1,5.33
DRS Ziguinchor,Ziguinchor,2024-02-01,26.97,36.27,19.16,0.0,49.15,1.17,6.12
DRS Ziguinchor,Ziguinchor,2024-03-01,28.25,38.59,20.19,0.0,48.16,1.28,6.75
DRS Ziguinchor,Ziguinchor,2024-04-01,30.01,39.99,22.35,0.43,48.99,1.43,6.62
DRS Ziguinchor,Ziguinchor,2024-05-01,30.91,39.57,24.34,18.99,54.11,1.55,6.41
DRS Ziguinchor,Ziguinchor,2024-06-01,28.35,33.93,24.28,137.4,74.19,1.26,5.6
DRS Ziguinchor,Ziguinchor,2024-07-01,27.03,29.96,25.08,463.06,88.48,1.39,4.26
DRS Ziguinchor,Ziguinchor,2024-08-01,26.65,29.36,24.8,458.95,90.67,1.37,4.55
DRS Ziguinchor,Ziguinchor,2024-09-01,26.59,29.15,24.7,697.23,91.07,1.13,4.27
DRS Ziguinchor,Ziguinchor,2024-10-01,26.68,29.53,24.32,357.79,88.22,0.82,5.07
DRS Ziguinchor,Ziguinchor,2024-11-01,26.5,30.94,22.06,0.03,77.34,0.79,5.64
DRS Ziguinchor,Ziguinchor,2024-12-01,22.71,29.13,17.3,1.42,70.97,1.19,4.91
